{
"type": "FeatureCollection",
"name": "ciudades",
"crs": { "type": "name", "properties": { "name": "urn:ogc:def:crs:OGC:1.3:CRS84" } },
"features": [
{ "type": "Feature", "properties": { "OBJECTID": 1, "OBJECTID_1": 1.0, "OBJECTID_12": 427.0, "Toponimo_Antiguo": "Amathus", "Toponimo_Moderno": "Amathos", "Provincia": "CYPRUS", "Pais": "Chipre", "Categoria": "Ciudad" }, "geometry": { "type": "Point", "coordinates": [ 33.14383, 34.712175, 0.0 ] } },
{ "type": "Feature", "properties": { "OBJECTID": 2, "OBJECTID_1": 2.0, "OBJECTID_12": 433.0, "Toponimo_Antiguo": "Carpasium", "Toponimo_Moderno": "Haghios Philon", "Provincia": "CYPRUS", "Pais": "Chipre", "Categoria": "Ciudad" }, "geometry": { "type": "Point", "coordinates": [ 34.368147, 35.62473, 0.0 ] } },
{ "type": "Feature", "properties": { "OBJECTID": 3, "OBJECTID_1": 3.0, "OBJECTID_12": 436.0, "Toponimo_Antiguo": "Chythrus", "Toponimo_Moderno": "Kythrea", "Provincia": "CYPRUS", "Pais": "Chipre", "Categoria": "Ciudad" }, "geometry": { "type": "Point", "coordinates": [ 33.490691, 35.245772, 0.0 ] } },
{ "type": "Feature", "properties": { "OBJECTID": 4, "OBJECTID_1": 4.0, "OBJECTID_12": 437.0, "Toponimo_Antiguo": "Citium", "Toponimo_Moderno": "Larnaca", "Provincia": "CYPRUS", "Pais": "Chipre", "Categoria": "Ciudad" }, "geometry": { "type": "Point", "coordinates": [ 33.636219, 34.916759, 0.0 ] } },
{ "type": "Feature", "properties": { "OBJECTID": 5, "OBJECTID_1": 5.0, "OBJECTID_12": 442.0, "Toponimo_Antiguo": "Curium", "Toponimo_Moderno": "Kourion", "Provincia": "CYPRUS", "Pais": "Reino Unido", "Categoria": "Ciudad" }, "geometry": { "type": "Point", "coordinates": [ 32.8877, 34.6642, 0.0 ] } },
{ "type": "Feature", "properties": { "OBJECTID": 6, "OBJECTID_1": 6.0, "OBJECTID_12": 444.0, "Toponimo_Antiguo": "Drepanum", "Toponimo_Moderno": "Unknown", "Provincia": "CYPRUS", "Pais": "Chipre", "Categoria": "Ciudad" }, "geometry": { "type": "Point", "coordinates": [ 32.320817, 34.902248, 0.0 ] } },
{ "type": "Feature", "properties": { "OBJECTID": 7, "OBJECTID_1": 7.0, "OBJECTID_12": 446.0, "Toponimo_Antiguo": "Idalium", "Toponimo_Moderno": "Dali", "Provincia": "CYPRUS", "Pais": "Chipre", "Categoria": "Ciudad" }, "geometry": { "type": "Point", "coordinates": [ 33.424817, 35.01609, 0.0 ] } },
{ "type": "Feature", "properties": { "OBJECTID": 8, "OBJECTID_1": 8.0, "OBJECTID_12": 448.0, "Toponimo_Antiguo": "Lapethus", "Toponimo_Moderno": "Lampousa", "Provincia": "CYPRUS", "Pais": "Chipre", "Categoria": "Ciudad" }, "geometry": { "type": "Point", "coordinates": [ 33.202109, 35.350592, 0.0 ] } },
{ "type": "Feature", "properties": { "OBJECTID": 9, "OBJECTID_1": 9.0, "OBJECTID_12": 450.0, "Toponimo_Antiguo": "Marion", "Toponimo_Moderno": "Polis", "Provincia": "CYPRUS", "Pais": "Chipre", "Categoria": "Ciudad" }, "geometry": { "type": "Point", "coordinates": [ 32.436032, 35.037245, 0.0 ] } },
{ "type": "Feature", "properties": { "OBJECTID": 10, "OBJECTID_1": 10.0, "OBJECTID_12": 452.0, "Toponimo_Antiguo": "Neapaphus", "Toponimo_Moderno": "Kato Paphos", "Provincia": "CYPRUS", "Pais": "Chipre", "Categoria": "Ciudad" }, "geometry": { "type": "Point", "coordinates": [ 32.406593, 34.757212, 0.0 ] } },
{ "type": "Feature", "properties": { "OBJECTID": 11, "OBJECTID_1": 11.0, "OBJECTID_12": 455.0, "Toponimo_Antiguo": "Palaepaphus", "Toponimo_Moderno": "Kouklia", "Provincia": "CYPRUS", "Pais": "Chipre", "Categoria": "Ciudad" }, "geometry": { "type": "Point", "coordinates": [ 32.573711, 34.707147, 0.0 ] } },
{ "type": "Feature", "properties": { "OBJECTID": 12, "OBJECTID_1": 12.0, "OBJECTID_12": 457.0, "Toponimo_Antiguo": "Salamis", "Toponimo_Moderno": "Salamis", "Provincia": "CYPRUS", "Pais": "Chipre", "Categoria": "Ciudad" }, "geometry": { "type": "Point", "coordinates": [ 33.902516, 35.1848, 0.0 ] } },
{ "type": "Feature", "properties": { "OBJECTID": 13, "OBJECTID_1": 13.0, "OBJECTID_12": 460.0, "Toponimo_Antiguo": "Soli", "Toponimo_Moderno": "Karavostasi", "Provincia": "CYPRUS", "Pais": "Chipre", "Categoria": "Ciudad" }, "geometry": { "type": "Point", "coordinates": [ 32.811959, 35.139761, 0.0 ] } },
{ "type": "Feature", "properties": { "OBJECTID": 14, "OBJECTID_1": 14.0, "OBJECTID_12": 1410.0, "Toponimo_Antiguo": "Ledra", "Toponimo_Moderno": "Lefkosa", "Provincia": "CYPRUS", "Pais": "Chipre", "Categoria": "Ciudad" }, "geometry": { "type": "Point", "coordinates": [ 33.3547, 35.16007, 0.0 ] } },
{ "type": "Feature", "properties": { "OBJECTID": 15, "OBJECTID_1": 15.0, "OBJECTID_12": 1411.0, "Toponimo_Antiguo": "Arsinoe", "Toponimo_Moderno": "Famagusta", "Provincia": "CYPRUS", "Pais": "Chipre", "Categoria": "Capital Provincia" }, "geometry": { "type": "Point", "coordinates": [ 33.94670596800006, 35.117174541000054, 0.0 ] } },
{ "type": "Feature", "properties": { "OBJECTID": 16, "OBJECTID_1": 16.0, "OBJECTID_12": 1199.0, "Toponimo_Antiguo": "Dardinium", "Toponimo_Moderno": "Unknown", "Provincia": "DARDANIA", "Pais": "Kosovo", "Categoria": "Ciudad" }, "geometry": { "type": "Point", "coordinates": [ 20.818318, 43.026881, 0.0 ] } },
{ "type": "Feature", "properties": { "OBJECTID": 17, "OBJECTID_1": 17.0, "OBJECTID_12": 1206.0, "Toponimo_Antiguo": "Scupi", "Toponimo_Moderno": "Skopje", "Provincia": "DARDANIA", "Pais": "Macedonia", "Categoria": "Capital Provincia" }, "geometry": { "type": "Point", "coordinates": [ 21.391437, 42.016885, 0.0 ] } },
{ "type": "Feature", "properties": { "OBJECTID": 18, "OBJECTID_1": 18.0, "OBJECTID_12": 1208.0, "Toponimo_Antiguo": "Ulpiana", "Toponimo_Moderno": "Gra?anica", "Provincia": "DARDANIA", "Pais": "Kosovo", "Categoria": "Ciudad" }, "geometry": { "type": "Point", "coordinates": [ 21.195698, 42.600105, 0.0 ] } },
{ "type": "Feature", "properties": { "OBJECTID": 19, "OBJECTID_1": 19.0, "OBJECTID_12": 1456.0, "Toponimo_Antiguo": "Justiniana Prima", "Toponimo_Moderno": "Kragujevac", "Provincia": "DARDANIA", "Pais": "Serbia", "Categoria": "Ciudad" }, "geometry": { "type": "Point", "coordinates": [ 20.582005762000051, 43.805531447000078, 0.0 ] } },
{ "type": "Feature", "properties": { "OBJECTID": 20, "OBJECTID_1": 20.0, "OBJECTID_12": 1462.0, "Toponimo_Antiguo": "Taurisium", "Toponimo_Moderno": "Near Kamenicec", "Provincia": "DARDANIA", "Pais": "Serbia", "Categoria": "Ciudad" }, "geometry": { "type": "Point", "coordinates": [ 21.607483168000044, 42.610017803000062, 0.0 ] } },
{ "type": "Feature", "properties": { "OBJECTID": 21, "OBJECTID_1": 21.0, "OBJECTID_12": 432.0, "Toponimo_Antiguo": "Augusta Cilicia", "Toponimo_Moderno": "Gübe", "Provincia": "CILICIA I", "Pais": "Turquia", "Categoria": "Ciudad" }, "geometry": { "type": "Point", "coordinates": [ 35.344088, 37.245212, 0.0 ] } },
{ "type": "Feature", "properties": { "OBJECTID": 22, "OBJECTID_1": 22.0, "OBJECTID_12": 445.0, "Toponimo_Antiguo": "Elaeussa", "Toponimo_Moderno": "Aya?", "Provincia": "CILICIA I", "Pais": "Turquia", "Categoria": "Ciudad" }, "geometry": { "type": "Point", "coordinates": [ 34.178741, 36.494212, 0.0 ] } },
{ "type": "Feature", "properties": { "OBJECTID": 23, "OBJECTID_1": 23.0, "OBJECTID_12": 456.0, "Toponimo_Antiguo": "Pompeiopolis", "Toponimo_Moderno": "Ta?köprü", "Provincia": "CILICIA I", "Pais": "Turquia", "Categoria": "Ciudad" }, "geometry": { "type": "Point", "coordinates": [ 34.603922, 36.80888, 0.0 ] } },
{ "type": "Feature", "properties": { "OBJECTID": 24, "OBJECTID_1": 24.0, "OBJECTID_12": 462.0, "Toponimo_Antiguo": "Tarsus", "Toponimo_Moderno": "Tarsus", "Provincia": "CILICIA I", "Pais": "Turquia", "Categoria": "Capital Provincia" }, "geometry": { "type": "Point", "coordinates": [ 34.892717, 36.917425, 0.0 ] } },
{ "type": "Feature", "properties": { "OBJECTID": 25, "OBJECTID_1": 25.0, "OBJECTID_12": 1504.0, "Toponimo_Antiguo": "Adana", "Toponimo_Moderno": "Adana", "Provincia": "CILICIA I", "Pais": "Turquia", "Categoria": "Ciudad" }, "geometry": { "type": "Point", "coordinates": [ 35.34326324500006, 36.98656432100006, 0.0 ] } },
{ "type": "Feature", "properties": { "OBJECTID": 26, "OBJECTID_1": 26.0, "OBJECTID_12": 262.0, "Toponimo_Antiguo": "Cedreae", "Toponimo_Moderno": "Unknown", "Provincia": "PHYRGIA II SALUTARIS", "Pais": "Turquia", "Categoria": "Ciudad" }, "geometry": { "type": "Point", "coordinates": [ 30.88416, 38.946418, 0.0 ] } },
{ "type": "Feature", "properties": { "OBJECTID": 27, "OBJECTID_1": 27.0, "OBJECTID_12": 296.0, "Toponimo_Antiguo": "Metropolis", "Toponimo_Moderno": "Yeniköy", "Provincia": "PHYRGIA II SALUTARIS", "Pais": "Turquia", "Categoria": "Ciudad" }, "geometry": { "type": "Point", "coordinates": [ 30.628155, 39.171334, 0.0 ] } },
{ "type": "Feature", "properties": { "OBJECTID": 28, "OBJECTID_1": 28.0, "OBJECTID_12": 316.0, "Toponimo_Antiguo": "Synnada", "Toponimo_Moderno": "?uhut", "Provincia": "PHYRGIA II SALUTARIS", "Pais": "Turquia", "Categoria": "Capital Provincia" }, "geometry": { "type": "Point", "coordinates": [ 30.545083, 38.535716, 0.0 ] } },
{ "type": "Feature", "properties": { "OBJECTID": 29, "OBJECTID_1": 29.0, "OBJECTID_12": 1519.0, "Toponimo_Antiguo": "Nacolea", "Toponimo_Moderno": "Seyitgazi", "Provincia": "PHYRGIA II SALUTARIS", "Pais": "Turquia", "Categoria": "Ciudad" }, "geometry": { "type": "Point", "coordinates": [ 30.693616008000049, 39.445574344000079, 0.0 ] } },
{ "type": "Feature", "properties": { "OBJECTID": 30, "OBJECTID_1": 30.0, "OBJECTID_12": 1520.0, "Toponimo_Antiguo": "Doryaleum", "Toponimo_Moderno": "Eskisehir", "Provincia": "PHYRGIA II SALUTARIS", "Pais": "Turquia", "Categoria": "Ciudad" }, "geometry": { "type": "Point", "coordinates": [ 30.509185312000056, 39.765359038000042, 0.0 ] } },
{ "type": "Feature", "properties": { "OBJECTID": 31, "OBJECTID_1": 31.0, "OBJECTID_12": 412.0, "Toponimo_Antiguo": "Archelais", "Toponimo_Moderno": "Aksaray", "Provincia": "CAPPADOCIA II", "Pais": "Turquia", "Categoria": "Ciudad" }, "geometry": { "type": "Point", "coordinates": [ 34.035252, 38.37844, 0.0 ] } },
{ "type": "Feature", "properties": { "OBJECTID": 32, "OBJECTID_1": 32.0, "OBJECTID_12": 414.0, "Toponimo_Antiguo": "Faustinopolis", "Toponimo_Moderno": "Ba?makç?", "Provincia": "CAPPADOCIA II", "Pais": "Turquia", "Categoria": "Ciudad" }, "geometry": { "type": "Point", "coordinates": [ 34.744323, 37.654291, 0.0 ] } },
{ "type": "Feature", "properties": { "OBJECTID": 33, "OBJECTID_1": 33.0, "OBJECTID_12": 425.0, "Toponimo_Antiguo": "Tyana", "Toponimo_Moderno": "Kemerhisan", "Provincia": "CAPPADOCIA II", "Pais": "Turquia", "Categoria": "Capital Provincia" }, "geometry": { "type": "Point", "coordinates": [ 34.572513, 37.82365, 0.0 ] } },
{ "type": "Feature", "properties": { "OBJECTID": 34, "OBJECTID_1": 34.0, "OBJECTID_12": 1523.0, "Toponimo_Antiguo": "Nazianzus", "Toponimo_Moderno": "Nevsehir", "Provincia": "CAPPADOCIA II", "Pais": "Turquia", "Categoria": "Ciudad" }, "geometry": { "type": "Point", "coordinates": [ 34.715482293000036, 38.626658279000026, 0.0 ] } },
{ "type": "Feature", "properties": { "OBJECTID": 35, "OBJECTID_1": 35.0, "OBJECTID_12": 1525.0, "Toponimo_Antiguo": "Parnassus", "Toponimo_Moderno": "Near Evren", "Provincia": "CAPPADOCIA II", "Pais": "Turquia", "Categoria": "Ciudad" }, "geometry": { "type": "Point", "coordinates": [ 33.78514, 39.03238, 0.0 ] } },
{ "type": "Feature", "properties": { "OBJECTID": 36, "OBJECTID_1": 36.0, "OBJECTID_12": 410.0, "Toponimo_Antiguo": "Ancyra", "Toponimo_Moderno": "Ankara", "Provincia": "GALATIA I", "Pais": "Turquia", "Categoria": "Capital Provincia" }, "geometry": { "type": "Point", "coordinates": [ 32.860416, 39.941901, 0.0 ] } },
{ "type": "Feature", "properties": { "OBJECTID": 37, "OBJECTID_1": 37.0, "OBJECTID_12": 424.0, "Toponimo_Antiguo": "Tavium", "Toponimo_Moderno": "Büyüknefes", "Provincia": "GALATIA I", "Pais": "Turquia", "Categoria": "Ciudad" }, "geometry": { "type": "Point", "coordinates": [ 34.456374, 39.878991, 0.0 ] } },
{ "type": "Feature", "properties": { "OBJECTID": 38, "OBJECTID_1": 38.0, "OBJECTID_12": 1513.0, "Toponimo_Antiguo": "Iuolopolis", "Toponimo_Moderno": "Cayirhan", "Provincia": "GALATIA I", "Pais": "Turquia", "Categoria": "Ciudad" }, "geometry": { "type": "Point", "coordinates": [ 31.673993522000046, 40.09782578100004, 0.0 ] } },
{ "type": "Feature", "properties": { "OBJECTID": 39, "OBJECTID_1": 39.0, "OBJECTID_12": 439.0, "Toponimo_Antiguo": "Colybrassus", "Toponimo_Moderno": "Ayasofya", "Provincia": "PAMPHYLIA", "Pais": "Turquia", "Categoria": "Ciudad" }, "geometry": { "type": "Point", "coordinates": [ 31.962405, 36.732198, 0.0 ] } },
{ "type": "Feature", "properties": { "OBJECTID": 40, "OBJECTID_1": 40.0, "OBJECTID_12": 1082.0, "Toponimo_Antiguo": "Ariassus", "Toponimo_Moderno": "Üçkap?", "Provincia": "PAMPHYLIA", "Pais": "Turquia", "Categoria": "Ciudad" }, "geometry": { "type": "Point", "coordinates": [ 30.470806, 37.179694, 0.0 ] } },
{ "type": "Feature", "properties": { "OBJECTID": 41, "OBJECTID_1": 41.0, "OBJECTID_12": 1084.0, "Toponimo_Antiguo": "Aspendus", "Toponimo_Moderno": "Belkis", "Provincia": "PAMPHYLIA", "Pais": "Turquia", "Categoria": "Ciudad" }, "geometry": { "type": "Point", "coordinates": [ 31.169115, 36.939472, 0.0 ] } },
{ "type": "Feature", "properties": { "OBJECTID": 42, "OBJECTID_1": 42.0, "OBJECTID_12": 1085.0, "Toponimo_Antiguo": "Attalea", "Toponimo_Moderno": "Antalya", "Provincia": "PAMPHYLIA", "Pais": "Turquia", "Categoria": "Ciudad" }, "geometry": { "type": "Point", "coordinates": [ 30.705521, 36.884284, 0.0 ] } },
{ "type": "Feature", "properties": { "OBJECTID": 43, "OBJECTID_1": 44.0, "OBJECTID_12": 1092.0, "Toponimo_Antiguo": "Comama", "Toponimo_Moderno": "Serefönü", "Provincia": "PAMPHYLIA", "Pais": "Turquia", "Categoria": "Ciudad" }, "geometry": { "type": "Point", "coordinates": [ 30.3371, 37.3213, 0.0 ] } },
{ "type": "Feature", "properties": { "OBJECTID": 44, "OBJECTID_1": 45.0, "OBJECTID_12": 1095.0, "Toponimo_Antiguo": "Cremna", "Toponimo_Moderno": "Amlik", "Provincia": "PAMPHYLIA", "Pais": "Turquia", "Categoria": "Ciudad" }, "geometry": { "type": "Point", "coordinates": [ 30.6911, 37.500139, 0.0 ] } },
{ "type": "Feature", "properties": { "OBJECTID": 45, "OBJECTID_1": 46.0, "OBJECTID_12": 1105.0, "Toponimo_Antiguo": "Olbasa", "Toponimo_Moderno": "Belenli", "Provincia": "PAMPHYLIA", "Pais": "Turquia", "Categoria": "Ciudad" }, "geometry": { "type": "Point", "coordinates": [ 30.005519, 37.303875, 0.0 ] } },
{ "type": "Feature", "properties": { "OBJECTID": 46, "OBJECTID_1": 47.0, "OBJECTID_12": 1109.0, "Toponimo_Antiguo": "Pednelissus", "Toponimo_Moderno": "Near Kozan", "Provincia": "PAMPHYLIA", "Pais": "Turquia", "Categoria": "Ciudad" }, "geometry": { "type": "Point", "coordinates": [ 30.934141, 37.214237, 0.0 ] } },
{ "type": "Feature", "properties": { "OBJECTID": 47, "OBJECTID_1": 48.0, "OBJECTID_12": 1110.0, "Toponimo_Antiguo": "Perge", "Toponimo_Moderno": "Aksu", "Provincia": "PAMPHYLIA", "Pais": "Turquia", "Categoria": "Capital Provincia" }, "geometry": { "type": "Point", "coordinates": [ 30.854072, 36.960317, 0.0 ] } },
{ "type": "Feature", "properties": { "OBJECTID": 48, "OBJECTID_1": 49.0, "OBJECTID_12": 1115.0, "Toponimo_Antiguo": "Sagalassus", "Toponimo_Moderno": "Aglasun", "Provincia": "PAMPHYLIA", "Pais": "Turquia", "Categoria": "Ciudad" }, "geometry": { "type": "Point", "coordinates": [ 30.519188, 37.67674, 0.0 ] } },
{ "type": "Feature", "properties": { "OBJECTID": 49, "OBJECTID_1": 50.0, "OBJECTID_12": 1117.0, "Toponimo_Antiguo": "Selge", "Toponimo_Moderno": "Selge", "Provincia": "PAMPHYLIA", "Pais": "Turquia", "Categoria": "Ciudad" }, "geometry": { "type": "Point", "coordinates": [ 31.127958, 37.228159, 0.0 ] } },
{ "type": "Feature", "properties": { "OBJECTID": 50, "OBJECTID_1": 51.0, "OBJECTID_12": 1118.0, "Toponimo_Antiguo": "Side", "Toponimo_Moderno": "Selimiye", "Provincia": "PAMPHYLIA", "Pais": "Turquia", "Categoria": "Ciudad" }, "geometry": { "type": "Point", "coordinates": [ 31.388793, 36.766346, 0.0 ] } },
{ "type": "Feature", "properties": { "OBJECTID": 51, "OBJECTID_1": 52.0, "OBJECTID_12": 1120.0, "Toponimo_Antiguo": "Sillyum", "Toponimo_Moderno": "Asar Köyü", "Provincia": "PAMPHYLIA", "Pais": "Turquia", "Categoria": "Ciudad" }, "geometry": { "type": "Point", "coordinates": [ 30.98638, 36.990721, 0.0 ] } },
{ "type": "Feature", "properties": { "OBJECTID": 52, "OBJECTID_1": 53.0, "OBJECTID_12": 1123.0, "Toponimo_Antiguo": "Tenedos", "Toponimo_Moderno": "Bozcaada", "Provincia": "PAMPHYLIA", "Pais": "Turquia", "Categoria": "Ciudad" }, "geometry": { "type": "Point", "coordinates": [ 30.647928, 36.885834, 0.0 ] } },
{ "type": "Feature", "properties": { "OBJECTID": 53, "OBJECTID_1": 54.0, "OBJECTID_12": 1124.0, "Toponimo_Antiguo": "Termessus", "Toponimo_Moderno": "Güllük Da?", "Provincia": "PAMPHYLIA", "Pais": "Turquia", "Categoria": "Ciudad" }, "geometry": { "type": "Point", "coordinates": [ 30.464722, 36.9825, 0.0 ] } },
{ "type": "Feature", "properties": { "OBJECTID": 54, "OBJECTID_1": 55.0, "OBJECTID_12": 1126.0, "Toponimo_Antiguo": "Trebenna", "Toponimo_Moderno": "Ça?larca", "Provincia": "PAMPHYLIA", "Pais": "Turquia", "Categoria": "Ciudad" }, "geometry": { "type": "Point", "coordinates": [ 30.461845, 36.876066, 0.0 ] } },
{ "type": "Feature", "properties": { "OBJECTID": 55, "OBJECTID_1": 56.0, "OBJECTID_12": 247.0, "Toponimo_Antiguo": "Alabanda", "Toponimo_Moderno": "Do?anyurt", "Provincia": "CARIA", "Pais": "Turquia", "Categoria": "Ciudad" }, "geometry": { "type": "Point", "coordinates": [ 27.985429, 37.591796, 0.0 ] } },
{ "type": "Feature", "properties": { "OBJECTID": 56, "OBJECTID_1": 57.0, "OBJECTID_12": 249.0, "Toponimo_Antiguo": "Alinda", "Toponimo_Moderno": "Demircideresi", "Provincia": "CARIA", "Pais": "Turquia", "Categoria": "Ciudad" }, "geometry": { "type": "Point", "coordinates": [ 27.83048, 37.560831, 0.0 ] } },
{ "type": "Feature", "properties": { "OBJECTID": 57, "OBJECTID_1": 58.0, "OBJECTID_12": 251.0, "Toponimo_Antiguo": "Amyzon", "Toponimo_Moderno": "Mazi n Kalesi", "Provincia": "CARIA", "Pais": "Turquia", "Categoria": "Ciudad" }, "geometry": { "type": "Point", "coordinates": [ 27.690896, 37.59888, 0.0 ] } },
{ "type": "Feature", "properties": { "OBJECTID": 58, "OBJECTID_1": 59.0, "OBJECTID_12": 252.0, "Toponimo_Antiguo": "Antiochia", "Toponimo_Moderno": "Kuyucak", "Provincia": "CARIA", "Pais": "Turquia", "Categoria": "Ciudad" }, "geometry": { "type": "Point", "coordinates": [ 28.579354, 37.871365, 0.0 ] } },
{ "type": "Feature", "properties": { "OBJECTID": 59, "OBJECTID_1": 60.0, "OBJECTID_12": 253.0, "Toponimo_Antiguo": "Aphrodisias", "Toponimo_Moderno": "Geyre", "Provincia": "CARIA", "Pais": "Turquia", "Categoria": "Capital Provincia" }, "geometry": { "type": "Point", "coordinates": [ 28.723436, 37.708402, 0.0 ] } },
{ "type": "Feature", "properties": { "OBJECTID": 60, "OBJECTID_1": 61.0, "OBJECTID_12": 258.0, "Toponimo_Antiguo": "Bargylia", "Toponimo_Moderno": "Varvil", "Provincia": "CARIA", "Pais": "Turquia", "Categoria": "Ciudad" }, "geometry": { "type": "Point", "coordinates": [ 27.588037, 37.195779, 0.0 ] } },
{ "type": "Feature", "properties": { "OBJECTID": 61, "OBJECTID_1": 62.0, "OBJECTID_12": 260.0, "Toponimo_Antiguo": "Castabus", "Toponimo_Moderno": "Pazarlik", "Provincia": "CARIA", "Pais": "Turquia", "Categoria": "Ciudad" }, "geometry": { "type": "Point", "coordinates": [ 28.176816, 36.787594, 0.0 ] } },
{ "type": "Feature", "properties": { "OBJECTID": 62, "OBJECTID_1": 63.0, "OBJECTID_12": 264.0, "Toponimo_Antiguo": "Ceramus", "Toponimo_Moderno": "Oren", "Provincia": "CARIA", "Pais": "Turquia", "Categoria": "Ciudad" }, "geometry": { "type": "Point", "coordinates": [ 27.956217, 37.041728, 0.0 ] } },
{ "type": "Feature", "properties": { "OBJECTID": 63, "OBJECTID_1": 64.0, "OBJECTID_12": 266.0, "Toponimo_Antiguo": "Cnidus", "Toponimo_Moderno": "Cnidus", "Provincia": "CARIA", "Pais": "Turquia", "Categoria": "Ciudad" }, "geometry": { "type": "Point", "coordinates": [ 27.683943, 36.732481, 0.0 ] } },
{ "type": "Feature", "properties": { "OBJECTID": 64, "OBJECTID_1": 65.0, "OBJECTID_12": 271.0, "Toponimo_Antiguo": "Cys", "Toponimo_Moderno": "Bellibol", "Provincia": "CARIA", "Pais": "Turquia", "Categoria": "Ciudad" }, "geometry": { "type": "Point", "coordinates": [ 28.423734, 37.428882, 0.0 ] } },
{ "type": "Feature", "properties": { "OBJECTID": 65, "OBJECTID_1": 66.0, "OBJECTID_12": 277.0, "Toponimo_Antiguo": "Euhippe", "Toponimo_Moderno": "Dalama", "Provincia": "CARIA", "Pais": "Turquia", "Categoria": "Ciudad" }, "geometry": { "type": "Point", "coordinates": [ 28.086631, 37.787596, 0.0 ] } },
{ "type": "Feature", "properties": { "OBJECTID": 66, "OBJECTID_1": 67.0, "OBJECTID_12": 278.0, "Toponimo_Antiguo": "Euromus", "Toponimo_Moderno": "Ayakli", "Provincia": "CARIA", "Pais": "Turquia", "Categoria": "Ciudad" }, "geometry": { "type": "Point", "coordinates": [ 27.673196, 37.378355, 0.0 ] } },
{ "type": "Feature", "properties": { "OBJECTID": 67, "OBJECTID_1": 68.0, "OBJECTID_12": 279.0, "Toponimo_Antiguo": "Halicarnassus", "Toponimo_Moderno": "Bodrum", "Provincia": "CARIA", "Pais": "Turquia", "Categoria": "Ciudad" }, "geometry": { "type": "Point", "coordinates": [ 27.421615, 37.040071, 0.0 ] } },
{ "type": "Feature", "properties": { "OBJECTID": 68, "OBJECTID_1": 69.0, "OBJECTID_12": 280.0, "Toponimo_Antiguo": "Harpasa", "Toponimo_Moderno": "Unknown", "Provincia": "CARIA", "Pais": "Turquia", "Categoria": "Ciudad" }, "geometry": { "type": "Point", "coordinates": [ 28.348056, 37.805833, 0.0 ] } },
{ "type": "Feature", "properties": { "OBJECTID": 69, "OBJECTID_1": 70.0, "OBJECTID_12": 281.0, "Toponimo_Antiguo": "Heraclea", "Toponimo_Moderno": "Bafa Gölü", "Provincia": "CARIA", "Pais": "Turquia", "Categoria": "Ciudad" }, "geometry": { "type": "Point", "coordinates": [ 27.526883, 37.502431, 0.0 ] } },
{ "type": "Feature", "properties": { "OBJECTID": 70, "OBJECTID_1": 71.0, "OBJECTID_12": 284.0, "Toponimo_Antiguo": "Hydissa", "Toponimo_Moderno": "Karacahisar", "Provincia": "CARIA", "Pais": "Turquia", "Categoria": "Ciudad" }, "geometry": { "type": "Point", "coordinates": [ 27.806175, 37.150552, 0.0 ] } },
{ "type": "Feature", "properties": { "OBJECTID": 71, "OBJECTID_1": 72.0, "OBJECTID_12": 285.0, "Toponimo_Antiguo": "Hyllarima", "Toponimo_Moderno": "Mesevle and Kapraklar", "Provincia": "CARIA", "Pais": "Turquia", "Categoria": "Ciudad" }, "geometry": { "type": "Point", "coordinates": [ 28.348219, 37.501643, 0.0 ] } },
{ "type": "Feature", "properties": { "OBJECTID": 72, "OBJECTID_1": 73.0, "OBJECTID_12": 286.0, "Toponimo_Antiguo": "Iasus", "Toponimo_Moderno": "Kiyi Kilacik", "Provincia": "CARIA", "Pais": "Turquia", "Categoria": "Ciudad" }, "geometry": { "type": "Point", "coordinates": [ 27.582133, 37.277521, 0.0 ] } },
{ "type": "Feature", "properties": { "OBJECTID": 73, "OBJECTID_1": 74.0, "OBJECTID_12": 297.0, "Toponimo_Antiguo": "Miletus", "Toponimo_Moderno": "Balat", "Provincia": "CARIA", "Pais": "Turquia", "Categoria": "Ciudad" }, "geometry": { "type": "Point", "coordinates": [ 27.27621, 37.531791, 0.0 ] } },
{ "type": "Feature", "properties": { "OBJECTID": 74, "OBJECTID_1": 75.0, "OBJECTID_12": 298.0, "Toponimo_Antiguo": "Mylasa", "Toponimo_Moderno": "Milâs", "Provincia": "CARIA", "Pais": "Turquia", "Categoria": "Ciudad" }, "geometry": { "type": "Point", "coordinates": [ 27.78165, 37.31714, 0.0 ] } },
{ "type": "Feature", "properties": { "OBJECTID": 75, "OBJECTID_1": 76.0, "OBJECTID_12": 318.0, "Toponimo_Antiguo": "Theangela", "Toponimo_Moderno": "Etrim", "Provincia": "CARIA", "Pais": "Turquia", "Categoria": "Ciudad" }, "geometry": { "type": "Point", "coordinates": [ 27.59493, 37.044492, 0.0 ] } },
{ "type": "Feature", "properties": { "OBJECTID": 76, "OBJECTID_1": 77.0, "OBJECTID_12": 1091.0, "Toponimo_Antiguo": "Cibyra", "Toponimo_Moderno": "Gölhisar", "Provincia": "CARIA", "Pais": "Turquia", "Categoria": "Ciudad" }, "geometry": { "type": "Point", "coordinates": [ 29.489819, 37.160008, 0.0 ] } },
{ "type": "Feature", "properties": { "OBJECTID": 77, "OBJECTID_1": 78.0, "OBJECTID_12": 1506.0, "Toponimo_Antiguo": "Stratonicea", "Toponimo_Moderno": "Near Yatagan", "Provincia": "CARIA", "Pais": "Turquia", "Categoria": "Ciudad" }, "geometry": { "type": "Point", "coordinates": [ 28.082799994000027, 37.32071618100008, 0.0 ] } },
{ "type": "Feature", "properties": { "OBJECTID": 78, "OBJECTID_1": 79.0, "OBJECTID_12": 244.0, "Toponimo_Antiguo": "Adramyttium", "Toponimo_Moderno": "Edremit", "Provincia": "ASIA", "Pais": "Turquia", "Categoria": "Ciudad" }, "geometry": { "type": "Point", "coordinates": [ 26.947793, 39.500301, 0.0 ] } },
{ "type": "Feature", "properties": { "OBJECTID": 79, "OBJECTID_1": 80.0, "OBJECTID_12": 245.0, "Toponimo_Antiguo": "Aegae", "Toponimo_Moderno": "Nemrutkale", "Provincia": "ASIA", "Pais": "Turquia", "Categoria": "Ciudad" }, "geometry": { "type": "Point", "coordinates": [ 27.168362, 38.825064, 0.0 ] } },
{ "type": "Feature", "properties": { "OBJECTID": 80, "OBJECTID_1": 81.0, "OBJECTID_12": 256.0, "Toponimo_Antiguo": "Assus", "Toponimo_Moderno": "Behramkale", "Provincia": "ASIA", "Pais": "Turquia", "Categoria": "Ciudad" }, "geometry": { "type": "Point", "coordinates": [ 26.336667, 39.490556, 0.0 ] } },
{ "type": "Feature", "properties": { "OBJECTID": 81, "OBJECTID_1": 82.0, "OBJECTID_12": 265.0, "Toponimo_Antiguo": "Clazomenae", "Toponimo_Moderno": "Klazümen", "Provincia": "ASIA", "Pais": "Turquia", "Categoria": "Ciudad" }, "geometry": { "type": "Point", "coordinates": [ 26.770558, 38.361462, 0.0 ] } },
{ "type": "Feature", "properties": { "OBJECTID": 82, "OBJECTID_1": 83.0, "OBJECTID_12": 267.0, "Toponimo_Antiguo": "Colophon", "Toponimo_Moderno": "Degirmendere", "Provincia": "ASIA", "Pais": "Turquia", "Categoria": "Ciudad" }, "geometry": { "type": "Point", "coordinates": [ 27.200838, 38.002389, 0.0 ] } },
{ "type": "Feature", "properties": { "OBJECTID": 83, "OBJECTID_1": 84.0, "OBJECTID_12": 270.0, "Toponimo_Antiguo": "Cyme", "Toponimo_Moderno": "Namurt Limani", "Provincia": "ASIA", "Pais": "Turquia", "Categoria": "Ciudad" }, "geometry": { "type": "Point", "coordinates": [ 26.936283, 38.75953, 0.0 ] } },
{ "type": "Feature", "properties": { "OBJECTID": 84, "OBJECTID_1": 85.0, "OBJECTID_12": 274.0, "Toponimo_Antiguo": "Elaea", "Toponimo_Moderno": "Kazikbaglari", "Provincia": "ASIA", "Pais": "Turquia", "Categoria": "Ciudad" }, "geometry": { "type": "Point", "coordinates": [ 27.055256, 38.941644, 0.0 ] } },
{ "type": "Feature", "properties": { "OBJECTID": 85, "OBJECTID_1": 86.0, "OBJECTID_12": 275.0, "Toponimo_Antiguo": "Ephesus", "Toponimo_Moderno": "Efes", "Provincia": "ASIA", "Pais": "Turquia", "Categoria": "Capital Diocesis" }, "geometry": { "type": "Point", "coordinates": [ 27.341752, 37.938309, 0.0 ] } },
{ "type": "Feature", "properties": { "OBJECTID": 86, "OBJECTID_1": 87.0, "OBJECTID_12": 276.0, "Toponimo_Antiguo": "Erythrae", "Toponimo_Moderno": "Ildiri", "Provincia": "ASIA", "Pais": "Turquia", "Categoria": "Ciudad" }, "geometry": { "type": "Point", "coordinates": [ 26.48075, 38.382699, 0.0 ] } },
{ "type": "Feature", "properties": { "OBJECTID": 87, "OBJECTID_1": 88.0, "OBJECTID_12": 291.0, "Toponimo_Antiguo": "Lebedus", "Toponimo_Moderno": "Kisik", "Provincia": "ASIA", "Pais": "Turquia", "Categoria": "Ciudad" }, "geometry": { "type": "Point", "coordinates": [ 26.967317, 38.072781, 0.0 ] } },
{ "type": "Feature", "properties": { "OBJECTID": 88, "OBJECTID_1": 90.0, "OBJECTID_12": 294.0, "Toponimo_Antiguo": "Magnesia", "Toponimo_Moderno": "Manisa", "Provincia": "ASIA", "Pais": "Turquia", "Categoria": "Ciudad" }, "geometry": { "type": "Point", "coordinates": [ 27.425833, 38.613056, 0.0 ] } },
{ "type": "Feature", "properties": { "OBJECTID": 89, "OBJECTID_1": 91.0, "OBJECTID_12": 300.0, "Toponimo_Antiguo": "Myrina", "Toponimo_Moderno": "Sandarlik", "Provincia": "ASIA", "Pais": "Turquia", "Categoria": "Ciudad" }, "geometry": { "type": "Point", "coordinates": [ 26.985537, 38.840097, 0.0 ] } },
{ "type": "Feature", "properties": { "OBJECTID": 90, "OBJECTID_1": 92.0, "OBJECTID_12": 302.0, "Toponimo_Antiguo": "Nysa", "Toponimo_Moderno": "Sultanhisar", "Provincia": "ASIA", "Pais": "Turquia", "Categoria": "Ciudad" }, "geometry": { "type": "Point", "coordinates": [ 28.144999, 37.903405, 0.0 ] } },
{ "type": "Feature", "properties": { "OBJECTID": 91, "OBJECTID_1": 93.0, "OBJECTID_12": 304.0, "Toponimo_Antiguo": "Pergamum", "Toponimo_Moderno": "Bergama", "Provincia": "ASIA", "Pais": "Turquia", "Categoria": "Ciudad" }, "geometry": { "type": "Point", "coordinates": [ 27.185314, 39.12984, 0.0 ] } },
{ "type": "Feature", "properties": { "OBJECTID": 92, "OBJECTID_1": 94.0, "OBJECTID_12": 307.0, "Toponimo_Antiguo": "Phocaea", "Toponimo_Moderno": "Foça", "Provincia": "ASIA", "Pais": "Turquia", "Categoria": "Ciudad" }, "geometry": { "type": "Point", "coordinates": [ 26.758728, 38.672908, 0.0 ] } },
{ "type": "Feature", "properties": { "OBJECTID": 93, "OBJECTID_1": 95.0, "OBJECTID_12": 314.0, "Toponimo_Antiguo": "Smyrna", "Toponimo_Moderno": "Izmir", "Provincia": "ASIA", "Pais": "Turquia", "Categoria": "Ciudad" }, "geometry": { "type": "Point", "coordinates": [ 27.138709, 38.418717, 0.0 ] } },
{ "type": "Feature", "properties": { "OBJECTID": 94, "OBJECTID_1": 96.0, "OBJECTID_12": 317.0, "Toponimo_Antiguo": "Teus", "Toponimo_Moderno": "Si?acik", "Provincia": "ASIA", "Pais": "Turquia", "Categoria": "Ciudad" }, "geometry": { "type": "Point", "coordinates": [ 26.785014, 38.177262, 0.0 ] } },
{ "type": "Feature", "properties": { "OBJECTID": 95, "OBJECTID_1": 97.0, "OBJECTID_12": 320.0, "Toponimo_Antiguo": "Tralles", "Toponimo_Moderno": "Aydin", "Provincia": "ASIA", "Pais": "Turquia", "Categoria": "Ciudad" }, "geometry": { "type": "Point", "coordinates": [ 27.833862, 37.859752, 0.0 ] } },
{ "type": "Feature", "properties": { "OBJECTID": 96, "OBJECTID_1": 98.0, "OBJECTID_12": 255.0, "Toponimo_Antiguo": "Apollonia", "Toponimo_Moderno": "Gölyaz?", "Provincia": "BITHYNIA", "Pais": "Turquia", "Categoria": "Ciudad" }, "geometry": { "type": "Point", "coordinates": [ 28.684113, 40.174987, 0.0 ] } },
{ "type": "Feature", "properties": { "OBJECTID": 97, "OBJECTID_1": 99.0, "OBJECTID_12": 375.0, "Toponimo_Antiguo": "Apamea", "Toponimo_Moderno": "Mudanya", "Provincia": "BITHYNIA", "Pais": "Turquia", "Categoria": "Ciudad" }, "geometry": { "type": "Point", "coordinates": [ 28.891104, 40.368487, 0.0 ] } },
{ "type": "Feature", "properties": { "OBJECTID": 98, "OBJECTID_1": 100.0, "OBJECTID_12": 376.0, "Toponimo_Antiguo": "Chalcedon", "Toponimo_Moderno": "Kad?köy", "Provincia": "BITHYNIA", "Pais": "Turquia", "Categoria": "Ciudad" }, "geometry": { "type": "Point", "coordinates": [ 29.026779, 40.985381, 0.0 ] } },
{ "type": "Feature", "properties": { "OBJECTID": 99, "OBJECTID_1": 101.0, "OBJECTID_12": 377.0, "Toponimo_Antiguo": "Nicaea", "Toponimo_Moderno": "Iznik", "Provincia": "BITHYNIA", "Pais": "Turquia", "Categoria": "Ciudad" }, "geometry": { "type": "Point", "coordinates": [ 29.71967, 40.427979, 0.0 ] } },
{ "type": "Feature", "properties": { "OBJECTID": 100, "OBJECTID_1": 102.0, "OBJECTID_12": 378.0, "Toponimo_Antiguo": "Nicomedia", "Toponimo_Moderno": "Ismit", "Provincia": "BITHYNIA", "Pais": "Turquia", "Categoria": "Capital Diocesis" }, "geometry": { "type": "Point", "coordinates": [ 29.919877, 40.760677, 0.0 ] } },
{ "type": "Feature", "properties": { "OBJECTID": 101, "OBJECTID_1": 103.0, "OBJECTID_12": 1514.0, "Toponimo_Antiguo": "Bursa", "Toponimo_Moderno": "Prusa", "Provincia": "BITHYNIA", "Pais": "Turquia", "Categoria": "Ciudad" }, "geometry": { "type": "Point", "coordinates": [ 29.065157260000035, 40.177029683000058, 0.0 ] } },
{ "type": "Feature", "properties": { "OBJECTID": 102, "OBJECTID_1": 104.0, "OBJECTID_12": 1515.0, "Toponimo_Antiguo": "Cius", "Toponimo_Moderno": "Gemlik", "Provincia": "BITHYNIA", "Pais": "Turquia", "Categoria": "Ciudad" }, "geometry": { "type": "Point", "coordinates": [ 29.152511248000053, 40.441018462000045, 0.0 ] } },
{ "type": "Feature", "properties": { "OBJECTID": 103, "OBJECTID_1": 105.0, "OBJECTID_12": 242.0, "Toponimo_Antiguo": "Abydus", "Toponimo_Moderno": "Nara Burnu", "Provincia": "HELLESPONTUS", "Pais": "Turquia", "Categoria": "Ciudad" }, "geometry": { "type": "Point", "coordinates": [ 26.416868, 40.194977, 0.0 ] } },
{ "type": "Feature", "properties": { "OBJECTID": 104, "OBJECTID_1": 106.0, "OBJECTID_12": 248.0, "Toponimo_Antiguo": "Troas", "Toponimo_Moderno": "Stambul", "Provincia": "HELLESPONTUS", "Pais": "Turquia", "Categoria": "Ciudad" }, "geometry": { "type": "Point", "coordinates": [ 26.154749, 39.756473, 0.0 ] } },
{ "type": "Feature", "properties": { "OBJECTID": 105, "OBJECTID_1": 107.0, "OBJECTID_12": 272.0, "Toponimo_Antiguo": "Cyzicus", "Toponimo_Moderno": "Belkis", "Provincia": "HELLESPONTUS", "Pais": "Turquia", "Categoria": "Capital Provincia" }, "geometry": { "type": "Point", "coordinates": [ 27.890667, 40.38336, 0.0 ] } },
{ "type": "Feature", "properties": { "OBJECTID": 106, "OBJECTID_1": 108.0, "OBJECTID_12": 273.0, "Toponimo_Antiguo": "Dardanium", "Toponimo_Moderno": "Unknown", "Provincia": "HELLESPONTUS", "Pais": "Turquia", "Categoria": "Ciudad" }, "geometry": { "type": "Point", "coordinates": [ 26.37442, 40.079728, 0.0 ] } },
{ "type": "Feature", "properties": { "OBJECTID": 107, "OBJECTID_1": 109.0, "OBJECTID_12": 287.0, "Toponimo_Antiguo": "Troy", "Toponimo_Moderno": "Ciplak", "Provincia": "HELLESPONTUS", "Pais": "Turquia", "Categoria": "Ciudad" }, "geometry": { "type": "Point", "coordinates": [ 26.257773, 39.953869, 0.0 ] } },
{ "type": "Feature", "properties": { "OBJECTID": 108, "OBJECTID_1": 110.0, "OBJECTID_12": 288.0, "Toponimo_Antiguo": "Lampsacus", "Toponimo_Moderno": "Lamsaki", "Provincia": "HELLESPONTUS", "Pais": "Turquia", "Categoria": "Ciudad" }, "geometry": { "type": "Point", "coordinates": [ 26.699162, 40.346685, 0.0 ] } },
{ "type": "Feature", "properties": { "OBJECTID": 109, "OBJECTID_1": 111.0, "OBJECTID_12": 290.0, "Toponimo_Antiguo": "Larisa", "Toponimo_Moderno": "Buruncuk", "Provincia": "HELLESPONTUS", "Pais": "Turquia", "Categoria": "Ciudad" }, "geometry": { "type": "Point", "coordinates": [ 26.147559, 39.615744, 0.0 ] } },
{ "type": "Feature", "properties": { "OBJECTID": 110, "OBJECTID_1": 112.0, "OBJECTID_12": 303.0, "Toponimo_Antiguo": "Parium", "Toponimo_Moderno": "Kemer", "Provincia": "HELLESPONTUS", "Pais": "Turquia", "Categoria": "Ciudad" }, "geometry": { "type": "Point", "coordinates": [ 27.069096, 40.420499, 0.0 ] } },
{ "type": "Feature", "properties": { "OBJECTID": 111, "OBJECTID_1": 113.0, "OBJECTID_12": 1350.0, "Toponimo_Antiguo": "Aenus", "Toponimo_Moderno": "Enez", "Provincia": "EUROPA", "Pais": "Turquia", "Categoria": "Ciudad" }, "geometry": { "type": "Point", "coordinates": [ 26.085104, 40.724469, 0.0 ] } },
{ "type": "Feature", "properties": { "OBJECTID": 112, "OBJECTID_1": 114.0, "OBJECTID_12": 1352.0, "Toponimo_Antiguo": "Aprus", "Toponimo_Moderno": "Kestridze", "Provincia": "EUROPA", "Pais": "Turquia", "Categoria": "Ciudad" }, "geometry": { "type": "Point", "coordinates": [ 27.107356, 40.926941, 0.0 ] } },
{ "type": "Feature", "properties": { "OBJECTID": 113, "OBJECTID_1": 115.0, "OBJECTID_12": 1354.0, "Toponimo_Antiguo": "Bizye", "Toponimo_Moderno": "Vize", "Provincia": "EUROPA", "Pais": "Turquia", "Categoria": "Ciudad" }, "geometry": { "type": "Point", "coordinates": [ 27.764376, 41.57543, 0.0 ] } },
{ "type": "Feature", "properties": { "OBJECTID": 114, "OBJECTID_1": 116.0, "OBJECTID_12": 1355.0, "Toponimo_Antiguo": "Constantinopolis", "Toponimo_Moderno": "Istanbul", "Provincia": "EUROPA", "Pais": "Turquia", "Categoria": "Capital Imperial" }, "geometry": { "type": "Point", "coordinates": [ 28.968935, 41.010111, 0.0 ] } },
{ "type": "Feature", "properties": { "OBJECTID": 115, "OBJECTID_1": 117.0, "OBJECTID_12": 1359.0, "Toponimo_Antiguo": "Flaviopolis", "Toponimo_Moderno": "Kadirli", "Provincia": "EUROPA", "Pais": "Turquia", "Categoria": "Ciudad" }, "geometry": { "type": "Point", "coordinates": [ 26.834645, 40.538708, 0.0 ] } },
{ "type": "Feature", "properties": { "OBJECTID": 116, "OBJECTID_1": 118.0, "OBJECTID_12": 1361.0, "Toponimo_Antiguo": "Heraclea", "Toponimo_Moderno": "Ere?li", "Provincia": "EUROPA", "Pais": "Turquia", "Categoria": "Capital Provincia" }, "geometry": { "type": "Point", "coordinates": [ 27.952973, 40.971013, 0.0 ] } },
{ "type": "Feature", "properties": { "OBJECTID": 117, "OBJECTID_1": 119.0, "OBJECTID_12": 1457.0, "Toponimo_Antiguo": "Arcadiopolis", "Toponimo_Moderno": "Lüleburgaz", "Provincia": "EUROPA", "Pais": "Turquia", "Categoria": "Ciudad" }, "geometry": { "type": "Point", "coordinates": [ 27.361698733000026, 41.404440694000073, 0.0 ] } },
{ "type": "Feature", "properties": { "OBJECTID": 118, "OBJECTID_1": 120.0, "OBJECTID_12": 1458.0, "Toponimo_Antiguo": "Gallipolis", "Toponimo_Moderno": "Gelibolu", "Provincia": "EUROPA", "Pais": "Turquia", "Categoria": "Ciudad" }, "geometry": { "type": "Point", "coordinates": [ 26.669359410000027, 40.413580674000059, 0.0 ] } },
{ "type": "Feature", "properties": { "OBJECTID": 119, "OBJECTID_1": 121.0, "OBJECTID_12": 373.0, "Toponimo_Antiguo": "Amastris", "Toponimo_Moderno": "Amasra", "Provincia": "PAPHLAGONIA", "Pais": "Turquia", "Categoria": "Ciudad" }, "geometry": { "type": "Point", "coordinates": [ 32.380582, 41.734981, 0.0 ] } },
{ "type": "Feature", "properties": { "OBJECTID": 120, "OBJECTID_1": 122.0, "OBJECTID_12": 1508.0, "Toponimo_Antiguo": "Pompeionopolis", "Toponimo_Moderno": "Kastamonu", "Provincia": "PAPHLAGONIA", "Pais": "Turquia", "Categoria": "Ciudad" }, "geometry": { "type": "Point", "coordinates": [ 33.77352766000007, 41.377919355000074, 0.0 ] } },
{ "type": "Feature", "properties": { "OBJECTID": 121, "OBJECTID_1": 123.0, "OBJECTID_12": 1509.0, "Toponimo_Antiguo": "Gangra", "Toponimo_Moderno": "Cankiri", "Provincia": "PAPHLAGONIA", "Pais": "Turquia", "Categoria": "Capital Provincia" }, "geometry": { "type": "Point", "coordinates": [ 33.622996037000064, 40.595603104000077, 0.0 ] } },
{ "type": "Feature", "properties": { "OBJECTID": 122, "OBJECTID_1": 124.0, "OBJECTID_12": 1510.0, "Toponimo_Antiguo": "Ionopolis", "Toponimo_Moderno": "Inebolu", "Provincia": "PAPHLAGONIA", "Pais": "Turquia", "Categoria": "Ciudad" }, "geometry": { "type": "Point", "coordinates": [ 33.758572881000077, 41.97604074700007, 0.0 ] } },
{ "type": "Feature", "properties": { "OBJECTID": 123, "OBJECTID_1": 125.0, "OBJECTID_12": 1373.0, "Toponimo_Antiguo": "Nisibis", "Toponimo_Moderno": "Nusaybin", "Provincia": "MESOPOTAMIA", "Pais": "Siria", "Categoria": "Capital Provincia" }, "geometry": { "type": "Point", "coordinates": [ 41.223588522000057, 37.056742163000024, 0.0 ] } },
{ "type": "Feature", "properties": { "OBJECTID": 124, "OBJECTID_1": 126.0, "OBJECTID_12": 1374.0, "Toponimo_Antiguo": "Amida", "Toponimo_Moderno": "Dyarbakir", "Provincia": "MESOPOTAMIA", "Pais": "Turquia", "Categoria": "Ciudad" }, "geometry": { "type": "Point", "coordinates": [ 40.189618741000061, 37.935084882000069, 0.0 ] } },
{ "type": "Feature", "properties": { "OBJECTID": 125, "OBJECTID_1": 127.0, "OBJECTID_12": 1377.0, "Toponimo_Antiguo": "Dara", "Toponimo_Moderno": "Orguz", "Provincia": "MESOPOTAMIA", "Pais": "Turquia", "Categoria": "Ciudad" }, "geometry": { "type": "Point", "coordinates": [ 40.952664212000059, 37.178006224000058, 0.0 ] } },
{ "type": "Feature", "properties": { "OBJECTID": 126, "OBJECTID_1": 128.0, "OBJECTID_12": 1191.0, "Toponimo_Antiguo": "Mesembria", "Toponimo_Moderno": "Missiori", "Provincia": "HAEMINONTUS", "Pais": "Bulgaria", "Categoria": "Ciudad" }, "geometry": { "type": "Point", "coordinates": [ 27.719324, 42.662859, 0.0 ] } },
{ "type": "Feature", "properties": { "OBJECTID": 127, "OBJECTID_1": 129.0, "OBJECTID_12": 1351.0, "Toponimo_Antiguo": "Anchialus", "Toponimo_Moderno": "Pomorije", "Provincia": "HAEMINONTUS", "Pais": "Bulgaria", "Categoria": "Ciudad" }, "geometry": { "type": "Point", "coordinates": [ 27.641374, 42.555937, 0.0 ] } },
{ "type": "Feature", "properties": { "OBJECTID": 128, "OBJECTID_1": 130.0, "OBJECTID_12": 1356.0, "Toponimo_Antiguo": "Cabyle", "Toponimo_Moderno": "Golewitza", "Provincia": "HAEMINONTUS", "Pais": "Bulgaria", "Categoria": "Ciudad" }, "geometry": { "type": "Point", "coordinates": [ 26.481552, 42.539353, 0.0 ] } },
{ "type": "Feature", "properties": { "OBJECTID": 129, "OBJECTID_1": 131.0, "OBJECTID_12": 1357.0, "Toponimo_Antiguo": "Deultum", "Toponimo_Moderno": "Debelt", "Provincia": "HAEMINONTUS", "Pais": "Bulgaria", "Categoria": "Ciudad" }, "geometry": { "type": "Point", "coordinates": [ 27.28956, 42.390761, 0.0 ] } },
{ "type": "Feature", "properties": { "OBJECTID": 130, "OBJECTID_1": 132.0, "OBJECTID_12": 1360.0, "Toponimo_Antiguo": "Hadrianopolis", "Toponimo_Moderno": "Edirne", "Provincia": "HAEMINONTUS", "Pais": "Turquia", "Categoria": "Capital Provincia" }, "geometry": { "type": "Point", "coordinates": [ 26.562891, 41.676459, 0.0 ] } },
{ "type": "Feature", "properties": { "OBJECTID": 131, "OBJECTID_1": 133.0, "OBJECTID_12": 1375.0, "Toponimo_Antiguo": "Theodosiopolis", "Toponimo_Moderno": "Erzurum", "Provincia": "ARMENIA III", "Pais": "Turquia", "Categoria": "Capital Provincia" }, "geometry": { "type": "Point", "coordinates": [ 41.260810242000048, 39.909457780000025, 0.0 ] } },
{ "type": "Feature", "properties": { "OBJECTID": 132, "OBJECTID_1": 134.0, "OBJECTID_12": 1490.0, "Toponimo_Antiguo": "Keleene", "Toponimo_Moderno": "Erzincan", "Provincia": "ARMENIA III", "Pais": "Turquia", "Categoria": "Ciudad" }, "geometry": { "type": "Point", "coordinates": [ 39.47503929700008, 39.749800871000048, 0.0 ] } },
{ "type": "Feature", "properties": { "OBJECTID": 133, "OBJECTID_1": 135.0, "OBJECTID_12": 1491.0, "Toponimo_Antiguo": "Leontopolis", "Toponimo_Moderno": "Cat", "Provincia": "ARMENIA III", "Pais": "Turquia", "Categoria": "Ciudad" }, "geometry": { "type": "Point", "coordinates": [ 40.978047469000046, 39.610738166000033, 0.0 ] } },
{ "type": "Feature", "properties": { "OBJECTID": 134, "OBJECTID_1": 136.0, "OBJECTID_12": 421.0, "Toponimo_Antiguo": "Neocaesarea", "Toponimo_Moderno": "Niksar", "Provincia": "PONTUS POLEMONIACUS", "Pais": "Turquia", "Categoria": "Capital Provincia" }, "geometry": { "type": "Point", "coordinates": [ 37.020122, 40.589213, 0.0 ] } },
{ "type": "Feature", "properties": { "OBJECTID": 135, "OBJECTID_1": 137.0, "OBJECTID_12": 1378.0, "Toponimo_Antiguo": "Bathys", "Toponimo_Moderno": "Batumi", "Provincia": "PONTUS POLEMONIACUS", "Pais": "Georgia", "Categoria": "Ciudad" }, "geometry": { "type": "Point", "coordinates": [ 41.627908620000028, 41.633805359000064, 0.0 ] } },
{ "type": "Feature", "properties": { "OBJECTID": 136, "OBJECTID_1": 138.0, "OBJECTID_12": 1497.0, "Toponimo_Antiguo": "Rhizus", "Toponimo_Moderno": "Rize", "Provincia": "PONTUS POLEMONIACUS", "Pais": "Turquia", "Categoria": "Ciudad" }, "geometry": { "type": "Point", "coordinates": [ 40.519506334000027, 41.023690738000028, 0.0 ] } },
{ "type": "Feature", "properties": { "OBJECTID": 137, "OBJECTID_1": 139.0, "OBJECTID_12": 1498.0, "Toponimo_Antiguo": "Athen", "Toponimo_Moderno": "Ardesen", "Provincia": "PONTUS POLEMONIACUS", "Pais": "Turquia", "Categoria": "Ciudad" }, "geometry": { "type": "Point", "coordinates": [ 40.974289536000072, 41.18667621000003, 0.0 ] } },
{ "type": "Feature", "properties": { "OBJECTID": 138, "OBJECTID_1": 140.0, "OBJECTID_12": 1499.0, "Toponimo_Antiguo": "Trapecus", "Toponimo_Moderno": "Trabzon", "Provincia": "PONTUS POLEMONIACUS", "Pais": "Turquia", "Categoria": "Ciudad" }, "geometry": { "type": "Point", "coordinates": [ 39.736040900000035, 40.996891356000049, 0.0 ] } },
{ "type": "Feature", "properties": { "OBJECTID": 139, "OBJECTID_1": 141.0, "OBJECTID_12": 1500.0, "Toponimo_Antiguo": "Cerasus", "Toponimo_Moderno": "Giresun", "Provincia": "PONTUS POLEMONIACUS", "Pais": "Turquia", "Categoria": "Ciudad" }, "geometry": { "type": "Point", "coordinates": [ 38.390883175000056, 40.914059791000057, 0.0 ] } },
{ "type": "Feature", "properties": { "OBJECTID": 140, "OBJECTID_1": 142.0, "OBJECTID_12": 1501.0, "Toponimo_Antiguo": "Polemonium", "Toponimo_Moderno": "Fatsa", "Provincia": "PONTUS POLEMONIACUS", "Pais": "Turquia", "Categoria": "Ciudad" }, "geometry": { "type": "Point", "coordinates": [ 37.502501229000075, 41.028714265000076, 0.0 ] } },
{ "type": "Feature", "properties": { "OBJECTID": 141, "OBJECTID_1": 143.0, "OBJECTID_12": 1502.0, "Toponimo_Antiguo": "Comana", "Toponimo_Moderno": "Cesmeli", "Provincia": "PONTUS POLEMONIACUS", "Pais": "Turquia", "Categoria": "Ciudad" }, "geometry": { "type": "Point", "coordinates": [ 36.687561391000031, 40.58646185300006, 0.0 ] } },
{ "type": "Feature", "properties": { "OBJECTID": 142, "OBJECTID_1": 144.0, "OBJECTID_12": 428.0, "Toponimo_Antiguo": "Anazarbus", "Toponimo_Moderno": "Anavarza", "Provincia": "CILICIA II", "Pais": "Turquia", "Categoria": "Capital Provincia" }, "geometry": { "type": "Point", "coordinates": [ 35.906017, 37.260375, 0.0 ] } },
{ "type": "Feature", "properties": { "OBJECTID": 143, "OBJECTID_1": 145.0, "OBJECTID_12": 431.0, "Toponimo_Antiguo": "Antiochia", "Toponimo_Moderno": "Karata?", "Provincia": "CILICIA II", "Pais": "Turquia", "Categoria": "Ciudad" }, "geometry": { "type": "Point", "coordinates": [ 35.4852, 36.756188, 0.0 ] } },
{ "type": "Feature", "properties": { "OBJECTID": 144, "OBJECTID_1": 146.0, "OBJECTID_12": 434.0, "Toponimo_Antiguo": "Castabala", "Toponimo_Moderno": "Denlizi", "Provincia": "CILICIA II", "Pais": "Turquia", "Categoria": "Ciudad" }, "geometry": { "type": "Point", "coordinates": [ 36.177154, 37.160372, 0.0 ] } },
{ "type": "Feature", "properties": { "OBJECTID": 145, "OBJECTID_1": 147.0, "OBJECTID_12": 451.0, "Toponimo_Antiguo": "Mopsuestia", "Toponimo_Moderno": "Yilan Kale", "Provincia": "CILICIA II", "Pais": "Turquia", "Categoria": "Ciudad" }, "geometry": { "type": "Point", "coordinates": [ 35.619478, 36.95778, 0.0 ] } },
{ "type": "Feature", "properties": { "OBJECTID": 146, "OBJECTID_1": 148.0, "OBJECTID_12": 453.0, "Toponimo_Antiguo": "Oeniandus", "Toponimo_Moderno": "Oiniandos", "Provincia": "CILICIA II", "Pais": "Turquia", "Categoria": "Ciudad" }, "geometry": { "type": "Point", "coordinates": [ 36.154415, 36.961892, 0.0 ] } },
{ "type": "Feature", "properties": { "OBJECTID": 147, "OBJECTID_1": 149.0, "OBJECTID_12": 1503.0, "Toponimo_Antiguo": "Alexandria", "Toponimo_Moderno": "Iskanderun", "Provincia": "CILICIA II", "Pais": "Turquia", "Categoria": "Ciudad" }, "geometry": { "type": "Point", "coordinates": [ 36.170928477000075, 36.587145214000032, 0.0 ] } },
{ "type": "Feature", "properties": { "OBJECTID": 148, "OBJECTID_1": 150.0, "OBJECTID_12": 1505.0, "Toponimo_Antiguo": "Aegae", "Toponimo_Moderno": "Yumurtalik", "Provincia": "CILICIA II", "Pais": "Turquia", "Categoria": "Ciudad" }, "geometry": { "type": "Point", "coordinates": [ 35.790093671000079, 36.77101353900008, 0.0 ] } },
{ "type": "Feature", "properties": { "OBJECTID": 149, "OBJECTID_1": 151.0, "OBJECTID_12": 429.0, "Toponimo_Antiguo": "Anemurium", "Toponimo_Moderno": "Eski Anemur", "Provincia": "ISAURIA", "Pais": "Turquia", "Categoria": "Ciudad" }, "geometry": { "type": "Point", "coordinates": [ 32.802995, 36.022713, 0.0 ] } },
{ "type": "Feature", "properties": { "OBJECTID": 150, "OBJECTID_1": 152.0, "OBJECTID_12": 430.0, "Toponimo_Antiguo": "Antiochia", "Toponimo_Moderno": "Endi?egüney", "Provincia": "ISAURIA", "Pais": "Turquia", "Categoria": "Ciudad" }, "geometry": { "type": "Point", "coordinates": [ 32.429139, 36.153303, 0.0 ] } },
{ "type": "Feature", "properties": { "OBJECTID": 151, "OBJECTID_1": 153.0, "OBJECTID_12": 435.0, "Toponimo_Antiguo": "Celenderis", "Toponimo_Moderno": "Gilindire", "Provincia": "ISAURIA", "Pais": "Turquia", "Categoria": "Ciudad" }, "geometry": { "type": "Point", "coordinates": [ 33.318, 36.1427, 0.0 ] } },
{ "type": "Feature", "properties": { "OBJECTID": 152, "OBJECTID_1": 154.0, "OBJECTID_12": 438.0, "Toponimo_Antiguo": "Claudiopolis", "Toponimo_Moderno": "Mut", "Provincia": "ISAURIA", "Pais": "Turquia", "Categoria": "Ciudad" }, "geometry": { "type": "Point", "coordinates": [ 33.436874, 36.645318, 0.0 ] } },
{ "type": "Feature", "properties": { "OBJECTID": 153, "OBJECTID_1": 155.0, "OBJECTID_12": 440.0, "Toponimo_Antiguo": "Coracesium", "Toponimo_Moderno": "Alanya", "Provincia": "ISAURIA", "Pais": "Turquia", "Categoria": "Ciudad" }, "geometry": { "type": "Point", "coordinates": [ 31.985995, 36.549144, 0.0 ] } },
{ "type": "Feature", "properties": { "OBJECTID": 154, "OBJECTID_1": 156.0, "OBJECTID_12": 441.0, "Toponimo_Antiguo": "Coropissus", "Toponimo_Moderno": "Da? Pazari", "Provincia": "ISAURIA", "Pais": "Turquia", "Categoria": "Ciudad" }, "geometry": { "type": "Point", "coordinates": [ 33.4775, 36.818889, 0.0 ] } },
{ "type": "Feature", "properties": { "OBJECTID": 155, "OBJECTID_1": 157.0, "OBJECTID_12": 443.0, "Toponimo_Antiguo": "Diocaesarea", "Toponimo_Moderno": "Uzuncaburç", "Provincia": "ISAURIA", "Pais": "Turquia", "Categoria": "Ciudad" }, "geometry": { "type": "Point", "coordinates": [ 33.924665, 36.580481, 0.0 ] } },
{ "type": "Feature", "properties": { "OBJECTID": 156, "OBJECTID_1": 158.0, "OBJECTID_12": 447.0, "Toponimo_Antiguo": "Laertes", "Toponimo_Moderno": "Cebelire?", "Provincia": "ISAURIA", "Pais": "Turquia", "Categoria": "Ciudad" }, "geometry": { "type": "Point", "coordinates": [ 32.159407, 36.514825, 0.0 ] } },
{ "type": "Feature", "properties": { "OBJECTID": 157, "OBJECTID_1": 159.0, "OBJECTID_12": 454.0, "Toponimo_Antiguo": "Olba", "Toponimo_Moderno": "U?ura", "Provincia": "ISAURIA", "Pais": "Turquia", "Categoria": "Ciudad" }, "geometry": { "type": "Point", "coordinates": [ 33.956686, 36.585191, 0.0 ] } },
{ "type": "Feature", "properties": { "OBJECTID": 158, "OBJECTID_1": 160.0, "OBJECTID_12": 458.0, "Toponimo_Antiguo": "Seleucia", "Toponimo_Moderno": "Silifke", "Provincia": "ISAURIA", "Pais": "Turquia", "Categoria": "Capital Provincia" }, "geometry": { "type": "Point", "coordinates": [ 33.921463, 36.379274, 0.0 ] } },
{ "type": "Feature", "properties": { "OBJECTID": 159, "OBJECTID_1": 161.0, "OBJECTID_12": 459.0, "Toponimo_Antiguo": "Selinus", "Toponimo_Moderno": "Gazipa?a", "Provincia": "ISAURIA", "Pais": "Turquia", "Categoria": "Ciudad" }, "geometry": { "type": "Point", "coordinates": [ 32.283277, 36.258467, 0.0 ] } },
{ "type": "Feature", "properties": { "OBJECTID": 160, "OBJECTID_1": 162.0, "OBJECTID_12": 461.0, "Toponimo_Antiguo": "Syedra", "Toponimo_Moderno": "Sedra", "Provincia": "ISAURIA", "Pais": "Turquia", "Categoria": "Ciudad" }, "geometry": { "type": "Point", "coordinates": [ 32.147655, 36.446061, 0.0 ] } },
{ "type": "Feature", "properties": { "OBJECTID": 161, "OBJECTID_1": 163.0, "OBJECTID_12": 419.0, "Toponimo_Antiguo": "Mazaca", "Toponimo_Moderno": "Kayseri", "Provincia": "CAPPADOCIA I", "Pais": "Turquia", "Categoria": "Capital Provincia" }, "geometry": { "type": "Point", "coordinates": [ 35.488989, 38.721081, 0.0 ] } },
{ "type": "Feature", "properties": { "OBJECTID": 162, "OBJECTID_1": 164.0, "OBJECTID_12": 1524.0, "Toponimo_Antiguo": "Nyssa", "Toponimo_Moderno": "Near Harmandali", "Provincia": "CAPPADOCIA I", "Pais": "Turquia", "Categoria": "Ciudad" }, "geometry": { "type": "Point", "coordinates": [ 33.943278627000041, 38.956294590000027, 0.0 ] } },
{ "type": "Feature", "properties": { "OBJECTID": 163, "OBJECTID_1": 165.0, "OBJECTID_12": 416.0, "Toponimo_Antiguo": "Iconium", "Toponimo_Moderno": "Konya", "Provincia": "LYCAONIA", "Pais": "Turquia", "Categoria": "Capital Provincia" }, "geometry": { "type": "Point", "coordinates": [ 32.492331, 37.872202, 0.0 ] } },
{ "type": "Feature", "properties": { "OBJECTID": 164, "OBJECTID_1": 166.0, "OBJECTID_12": 417.0, "Toponimo_Antiguo": "Isaura", "Toponimo_Moderno": "Ulu Pinar", "Provincia": "LYCAONIA", "Pais": "Turquia", "Categoria": "Ciudad" }, "geometry": { "type": "Point", "coordinates": [ 32.453818, 37.260592, 0.0 ] } },
{ "type": "Feature", "properties": { "OBJECTID": 165, "OBJECTID_1": 167.0, "OBJECTID_12": 418.0, "Toponimo_Antiguo": "Lystra", "Toponimo_Moderno": "Unknown", "Provincia": "LYCAONIA", "Pais": "Turquia", "Categoria": "Ciudad" }, "geometry": { "type": "Point", "coordinates": [ 32.347668, 37.58326, 0.0 ] } },
{ "type": "Feature", "properties": { "OBJECTID": 166, "OBJECTID_1": 168.0, "OBJECTID_12": 449.0, "Toponimo_Antiguo": "Laranda", "Toponimo_Moderno": "Karaman", "Provincia": "LYCAONIA", "Pais": "Turquia", "Categoria": "Ciudad" }, "geometry": { "type": "Point", "coordinates": [ 33.221587, 37.178451, 0.0 ] } },
{ "type": "Feature", "properties": { "OBJECTID": 167, "OBJECTID_1": 169.0, "OBJECTID_12": 1522.0, "Toponimo_Antiguo": "Derbe", "Toponimo_Moderno": "Ekinozu", "Provincia": "LYCAONIA", "Pais": "Turquia", "Categoria": "Ciudad" }, "geometry": { "type": "Point", "coordinates": [ 33.35847192600005, 37.322188698000048, 0.0 ] } },
{ "type": "Feature", "properties": { "OBJECTID": 168, "OBJECTID_1": 170.0, "OBJECTID_12": 1526.0, "Toponimo_Antiguo": "Laodicea", "Toponimo_Moderno": "Kadinhani", "Provincia": "LYCAONIA", "Pais": "Turquia", "Categoria": "Ciudad" }, "geometry": { "type": "Point", "coordinates": [ 32.238454249000029, 38.25367605100007, 0.0 ] } },
{ "type": "Feature", "properties": { "OBJECTID": 169, "OBJECTID_1": 171.0, "OBJECTID_12": 263.0, "Toponimo_Antiguo": "Apamea", "Toponimo_Moderno": "Dinar", "Provincia": "PISIDIA", "Pais": "Turquia", "Categoria": "Ciudad" }, "geometry": { "type": "Point", "coordinates": [ 30.15853, 38.076044, 0.0 ] } },
{ "type": "Feature", "properties": { "OBJECTID": 170, "OBJECTID_1": 172.0, "OBJECTID_12": 411.0, "Toponimo_Antiguo": "Antiochia", "Toponimo_Moderno": "Yalvaç", "Provincia": "PISIDIA", "Pais": "Turquia", "Categoria": "Capital Provincia" }, "geometry": { "type": "Point", "coordinates": [ 31.178933, 38.300733, 0.0 ] } },
{ "type": "Feature", "properties": { "OBJECTID": 171, "OBJECTID_1": 173.0, "OBJECTID_12": 1078.0, "Toponimo_Antiguo": "Adada", "Toponimo_Moderno": "Karabaulo", "Provincia": "PISIDIA", "Pais": "Turquia", "Categoria": "Ciudad" }, "geometry": { "type": "Point", "coordinates": [ 30.986348, 37.581776, 0.0 ] } },
{ "type": "Feature", "properties": { "OBJECTID": 172, "OBJECTID_1": 174.0, "OBJECTID_12": 1080.0, "Toponimo_Antiguo": "Apollonia", "Toponimo_Moderno": "Olou Borlon", "Provincia": "PISIDIA", "Pais": "Turquia", "Categoria": "Ciudad" }, "geometry": { "type": "Point", "coordinates": [ 30.456957, 38.078272, 0.0 ] } },
{ "type": "Feature", "properties": { "OBJECTID": 173, "OBJECTID_1": 175.0, "OBJECTID_12": 1107.0, "Toponimo_Antiguo": "Parlais", "Toponimo_Moderno": "Unknown", "Provincia": "PISIDIA", "Pais": "Turquia", "Categoria": "Ciudad" }, "geometry": { "type": "Point", "coordinates": [ 30.792102, 38.014815, 0.0 ] } },
{ "type": "Feature", "properties": { "OBJECTID": 174, "OBJECTID_1": 176.0, "OBJECTID_12": 1116.0, "Toponimo_Antiguo": "Seleucia", "Toponimo_Moderno": "Selef", "Provincia": "PISIDIA", "Pais": "Turquia", "Categoria": "Ciudad" }, "geometry": { "type": "Point", "coordinates": [ 30.632381, 37.897296, 0.0 ] } },
{ "type": "Feature", "properties": { "OBJECTID": 175, "OBJECTID_1": 177.0, "OBJECTID_12": 1518.0, "Toponimo_Antiguo": "Philomenium", "Toponimo_Moderno": "Near Sultandagi", "Provincia": "PISIDIA", "Pais": "Turquia", "Categoria": "Ciudad" }, "geometry": { "type": "Point", "coordinates": [ 31.253840530000048, 38.567352890000052, 0.0 ] } },
{ "type": "Feature", "properties": { "OBJECTID": 176, "OBJECTID_1": 178.0, "OBJECTID_12": 413.0, "Toponimo_Antiguo": "Comana", "Toponimo_Moderno": "?ar", "Provincia": "ARMENIA II", "Pais": "Turquia", "Categoria": "Ciudad" }, "geometry": { "type": "Point", "coordinates": [ 36.325893, 38.329523, 0.0 ] } },
{ "type": "Feature", "properties": { "OBJECTID": 177, "OBJECTID_1": 179.0, "OBJECTID_12": 420.0, "Toponimo_Antiguo": "Melitene", "Toponimo_Moderno": "Malatya", "Provincia": "ARMENIA II", "Pais": "Turquia", "Categoria": "Capital Provincia" }, "geometry": { "type": "Point", "coordinates": [ 38.32428, 38.36467, 0.0 ] } },
{ "type": "Feature", "properties": { "OBJECTID": 178, "OBJECTID_1": 180.0, "OBJECTID_12": 1492.0, "Toponimo_Antiguo": "Arabissus", "Toponimo_Moderno": "Afsin", "Provincia": "ARMENIA II", "Pais": "Turquia", "Categoria": "Ciudad" }, "geometry": { "type": "Point", "coordinates": [ 36.923795533000032, 38.335097916000052, 0.0 ] } },
{ "type": "Feature", "properties": { "OBJECTID": 179, "OBJECTID_1": 181.0, "OBJECTID_12": 1493.0, "Toponimo_Antiguo": "Arianta", "Toponimo_Moderno": "Pinarbarsi", "Provincia": "ARMENIA II", "Pais": "Turquia", "Categoria": "Ciudad" }, "geometry": { "type": "Point", "coordinates": [ 36.402516025000068, 38.723644473000036, 0.0 ] } },
{ "type": "Feature", "properties": { "OBJECTID": 180, "OBJECTID_1": 182.0, "OBJECTID_12": 1306.0, "Toponimo_Antiguo": "Apamea", "Toponimo_Moderno": "Tilmusa", "Provincia": "OSRHOENE", "Pais": "Turquia", "Categoria": "Ciudad" }, "geometry": { "type": "Point", "coordinates": [ 37.986294758000042, 37.027591918000041, 0.0 ] } },
{ "type": "Feature", "properties": { "OBJECTID": 181, "OBJECTID_1": 183.0, "OBJECTID_12": 1372.0, "Toponimo_Antiguo": "Circesium", "Toponimo_Moderno": "Al-Maasqish", "Provincia": "OSRHOENE", "Pais": "Siria", "Categoria": "Ciudad" }, "geometry": { "type": "Point", "coordinates": [ 40.426584135000041, 35.156318114000044, 0.0 ] } },
{ "type": "Feature", "properties": { "OBJECTID": 182, "OBJECTID_1": 184.0, "OBJECTID_12": 1376.0, "Toponimo_Antiguo": "Edessa", "Toponimo_Moderno": "Urfa", "Provincia": "OSRHOENE", "Pais": "Turquia", "Categoria": "Capital Provincia" }, "geometry": { "type": "Point", "coordinates": [ 38.795915129000036, 37.167142676000026, 0.0 ] } },
{ "type": "Feature", "properties": { "OBJECTID": 183, "OBJECTID_1": 185.0, "OBJECTID_12": 1480.0, "Toponimo_Antiguo": "Carrhae", "Toponimo_Moderno": "Harran", "Provincia": "OSRHOENE", "Pais": "Turquia", "Categoria": "Ciudad" }, "geometry": { "type": "Point", "coordinates": [ 39.027747866000027, 36.86072878300007, 0.0 ] } },
{ "type": "Feature", "properties": { "OBJECTID": 184, "OBJECTID_1": 186.0, "OBJECTID_12": 1481.0, "Toponimo_Antiguo": "Batnae", "Toponimo_Moderno": "Suruç", "Provincia": "OSRHOENE", "Pais": "Turquia", "Categoria": "Ciudad" }, "geometry": { "type": "Point", "coordinates": [ 38.426331043000062, 36.976648275000059, 0.0 ] } },
{ "type": "Feature", "properties": { "OBJECTID": 185, "OBJECTID_1": 187.0, "OBJECTID_12": 1483.0, "Toponimo_Antiguo": "Callinicum", "Toponimo_Moderno": "Rakka", "Provincia": "OSRHOENE", "Pais": "Siria", "Categoria": "Ciudad" }, "geometry": { "type": "Point", "coordinates": [ 39.01376, 35.95036, 0.0 ] } },
{ "type": "Feature", "properties": { "OBJECTID": 186, "OBJECTID_1": 188.0, "OBJECTID_12": 1485.0, "Toponimo_Antiguo": "Constantina", "Toponimo_Moderno": "Viransehir", "Provincia": "OSRHOENE", "Pais": "Turquia", "Categoria": "Ciudad" }, "geometry": { "type": "Point", "coordinates": [ 39.781735579000042, 37.25670232300007, 0.0 ] } },
{ "type": "Feature", "properties": { "OBJECTID": 187, "OBJECTID_1": 189.0, "OBJECTID_12": 422.0, "Toponimo_Antiguo": "Nicopolis", "Toponimo_Moderno": "Yeilyayla", "Provincia": "ARMENIA I", "Pais": "Turquia", "Categoria": "Ciudad" }, "geometry": { "type": "Point", "coordinates": [ 38.143534, 40.148557, 0.0 ] } },
{ "type": "Feature", "properties": { "OBJECTID": 188, "OBJECTID_1": 190.0, "OBJECTID_12": 423.0, "Toponimo_Antiguo": "Sebastea", "Toponimo_Moderno": "Sivas", "Provincia": "ARMENIA I", "Pais": "Turquia", "Categoria": "Capital Provincia" }, "geometry": { "type": "Point", "coordinates": [ 37.016663, 39.749999, 0.0 ] } },
{ "type": "Feature", "properties": { "OBJECTID": 189, "OBJECTID_1": 191.0, "OBJECTID_12": 1494.0, "Toponimo_Antiguo": "Sebastonopolis", "Toponimo_Moderno": "Sulusaray", "Provincia": "ARMENIA I", "Pais": "Turquia", "Categoria": "Ciudad" }, "geometry": { "type": "Point", "coordinates": [ 36.085198038000044, 39.994292181000048, 0.0 ] } },
{ "type": "Feature", "properties": { "OBJECTID": 190, "OBJECTID_1": 192.0, "OBJECTID_12": 1495.0, "Toponimo_Antiguo": "Colonia", "Toponimo_Moderno": "Sebinkarahisar", "Provincia": "ARMENIA I", "Pais": "Turquia", "Categoria": "Ciudad" }, "geometry": { "type": "Point", "coordinates": [ 38.420905244000039, 40.289190029000054, 0.0 ] } },
{ "type": "Feature", "properties": { "OBJECTID": 191, "OBJECTID_1": 193.0, "OBJECTID_12": 1496.0, "Toponimo_Antiguo": "Satala", "Toponimo_Moderno": "Near Kelkit", "Provincia": "ARMENIA I", "Pais": "Turquia", "Categoria": "Ciudad" }, "geometry": { "type": "Point", "coordinates": [ 39.484926173000076, 40.126562531000047, 0.0 ] } },
{ "type": "Feature", "properties": { "OBJECTID": 192, "OBJECTID_1": 194.0, "OBJECTID_12": 160.0, "Toponimo_Antiguo": "Acholla", "Toponimo_Moderno": "Henchir Bou Tria", "Provincia": "BYZACENA", "Pais": "Tunez", "Categoria": "Ciudad" }, "geometry": { "type": "Point", "coordinates": [ 11.018733, 35.07824, 0.0 ] } },
{ "type": "Feature", "properties": { "OBJECTID": 193, "OBJECTID_1": 195.0, "OBJECTID_12": 162.0, "Toponimo_Antiguo": "Aggar", "Toponimo_Moderno": "Henchir Sidi Amara", "Provincia": "BYZACENA", "Pais": "Tunez", "Categoria": "Ciudad" }, "geometry": { "type": "Point", "coordinates": [ 11.037149, 35.489109, 0.0 ] } },
{ "type": "Feature", "properties": { "OBJECTID": 194, "OBJECTID_1": 196.0, "OBJECTID_12": 167.0, "Toponimo_Antiguo": "Bararus", "Toponimo_Moderno": "Henchir Rougga", "Provincia": "BYZACENA", "Pais": "Tunez", "Categoria": "Ciudad" }, "geometry": { "type": "Point", "coordinates": [ 10.791179, 35.211896, 0.0 ] } },
{ "type": "Feature", "properties": { "OBJECTID": 195, "OBJECTID_1": 197.0, "OBJECTID_12": 174.0, "Toponimo_Antiguo": "Cillium", "Toponimo_Moderno": "Kasserine", "Provincia": "BYZACENA", "Pais": "Tunez", "Categoria": "Ciudad" }, "geometry": { "type": "Point", "coordinates": [ 8.799233, 35.167704, 0.0 ] } },
{ "type": "Feature", "properties": { "OBJECTID": 196, "OBJECTID_1": 198.0, "OBJECTID_12": 178.0, "Toponimo_Antiguo": "Hadrumetum", "Toponimo_Moderno": "Sousse", "Provincia": "BYZACENA", "Pais": "Tunez", "Categoria": "Capital Provincia" }, "geometry": { "type": "Point", "coordinates": [ 10.637607, 35.824984, 0.0 ] } },
{ "type": "Feature", "properties": { "OBJECTID": 197, "OBJECTID_1": 199.0, "OBJECTID_12": 181.0, "Toponimo_Antiguo": "Leptiminus", "Toponimo_Moderno": "Lemta", "Provincia": "BYZACENA", "Pais": "Tunez", "Categoria": "Ciudad" }, "geometry": { "type": "Point", "coordinates": [ 10.898, 35.666, 0.0 ] } },
{ "type": "Feature", "properties": { "OBJECTID": 198, "OBJECTID_1": 200.0, "OBJECTID_12": 192.0, "Toponimo_Antiguo": "Pheradi Maius", "Toponimo_Moderno": "Sidi Khalifa", "Provincia": "BYZACENA", "Pais": "Tunez", "Categoria": "Ciudad" }, "geometry": { "type": "Point", "coordinates": [ 10.397071, 36.249987, 0.0 ] } },
{ "type": "Feature", "properties": { "OBJECTID": 199, "OBJECTID_1": 201.0, "OBJECTID_12": 195.0, "Toponimo_Antiguo": "Segermes", "Toponimo_Moderno": "Henchir Harat", "Provincia": "AFRICA PROCONSULARIS", "Pais": "Tunez", "Categoria": "Ciudad" }, "geometry": { "type": "Point", "coordinates": [ 10.299662, 36.344697, 0.0 ] } },
{ "type": "Feature", "properties": { "OBJECTID": 200, "OBJECTID_1": 202.0, "OBJECTID_12": 197.0, "Toponimo_Antiguo": "Sufes", "Toponimo_Moderno": "Sbiba", "Provincia": "BYZACENA", "Pais": "Tunez", "Categoria": "Ciudad" }, "geometry": { "type": "Point", "coordinates": [ 9.074415, 35.542707, 0.0 ] } },
{ "type": "Feature", "properties": { "OBJECTID": 201, "OBJECTID_1": 203.0, "OBJECTID_12": 198.0, "Toponimo_Antiguo": "Sufetula", "Toponimo_Moderno": "Sbeitla", "Provincia": "BYZACENA", "Pais": "Tunez", "Categoria": "Ciudad" }, "geometry": { "type": "Point", "coordinates": [ 9.118399, 35.241664, 0.0 ] } },
{ "type": "Feature", "properties": { "OBJECTID": 202, "OBJECTID_1": 204.0, "OBJECTID_12": 200.0, "Toponimo_Antiguo": "Thaenae", "Toponimo_Moderno": "Henchir Thina", "Provincia": "BYZACENA", "Pais": "Tunez", "Categoria": "Ciudad" }, "geometry": { "type": "Point", "coordinates": [ 10.670659, 34.655347, 0.0 ] } },
{ "type": "Feature", "properties": { "OBJECTID": 203, "OBJECTID_1": 205.0, "OBJECTID_12": 201.0, "Toponimo_Antiguo": "Thapsus", "Toponimo_Moderno": "Ras Dimas", "Provincia": "BYZACENA", "Pais": "Tunez", "Categoria": "Ciudad" }, "geometry": { "type": "Point", "coordinates": [ 11.0428, 35.622788, 0.0 ] } },
{ "type": "Feature", "properties": { "OBJECTID": 204, "OBJECTID_1": 206.0, "OBJECTID_12": 202.0, "Toponimo_Antiguo": "Thelepte", "Toponimo_Moderno": "Thélepte", "Provincia": "BYZACENA", "Pais": "Tunez", "Categoria": "Ciudad" }, "geometry": { "type": "Point", "coordinates": [ 8.593867, 34.975746, 0.0 ] } },
{ "type": "Feature", "properties": { "OBJECTID": 205, "OBJECTID_1": 207.0, "OBJECTID_12": 204.0, "Toponimo_Antiguo": "Thigibba", "Toponimo_Moderno": "Hamman Zouakra", "Provincia": "BYZACENA", "Pais": "Tunez", "Categoria": "Ciudad" }, "geometry": { "type": "Point", "coordinates": [ 9.25, 35.75, 0.0 ] } },
{ "type": "Feature", "properties": { "OBJECTID": 206, "OBJECTID_1": 208.0, "OBJECTID_12": 211.0, "Toponimo_Antiguo": "Thysdrus", "Toponimo_Moderno": "El Djem", "Provincia": "BYZACENA", "Pais": "Tunez", "Categoria": "Ciudad" }, "geometry": { "type": "Point", "coordinates": [ 10.706969, 35.294796, 0.0 ] } },
{ "type": "Feature", "properties": { "OBJECTID": 207, "OBJECTID_1": 209.0, "OBJECTID_12": 214.0, "Toponimo_Antiguo": "Uluzibbira", "Toponimo_Moderno": "Henchir Zembra", "Provincia": "BYZACENA", "Pais": "Tunez", "Categoria": "Ciudad" }, "geometry": { "type": "Point", "coordinates": [ 10.447151, 35.954006, 0.0 ] } },
{ "type": "Feature", "properties": { "OBJECTID": 208, "OBJECTID_1": 210.0, "OBJECTID_12": 1220.0, "Toponimo_Antiguo": "Ammaedara", "Toponimo_Moderno": "Haidra", "Provincia": "BYZACENA", "Pais": "Tunez", "Categoria": "Ciudad" }, "geometry": { "type": "Point", "coordinates": [ 8.455266, 35.565382, 0.0 ] } },
{ "type": "Feature", "properties": { "OBJECTID": 209, "OBJECTID_1": 211.0, "OBJECTID_12": 1238.0, "Toponimo_Antiguo": "Thala", "Toponimo_Moderno": "Thala", "Provincia": "BYZACENA", "Pais": "Tunez", "Categoria": "Ciudad" }, "geometry": { "type": "Point", "coordinates": [ 8.6692, 35.5724, 0.0 ] } },
{ "type": "Feature", "properties": { "OBJECTID": 210, "OBJECTID_1": 212.0, "OBJECTID_12": 1400.0, "Toponimo_Antiguo": "Iuncie", "Toponimo_Moderno": "Al-Maharas", "Provincia": "BYZACENA", "Pais": "Tunez", "Categoria": "Ciudad" }, "geometry": { "type": "Point", "coordinates": [ 10.493669705000059, 34.521783033000077, 0.0 ] } },
{ "type": "Feature", "properties": { "OBJECTID": 211, "OBJECTID_1": 213.0, "OBJECTID_12": 1309.0, "Toponimo_Antiguo": "Batnae", "Toponimo_Moderno": "Unknown", "Provincia": "EUPHRATENSIS", "Pais": "Siria", "Categoria": "Ciudad" }, "geometry": { "type": "Point", "coordinates": [ 37.553411, 36.395685, 0.0 ] } },
{ "type": "Feature", "properties": { "OBJECTID": 212, "OBJECTID_1": 214.0, "OBJECTID_12": 1313.0, "Toponimo_Antiguo": "Cyrrus", "Toponimo_Moderno": "Kyrrhos", "Provincia": "EUPHRATENSIS", "Pais": "Siria", "Categoria": "Ciudad" }, "geometry": { "type": "Point", "coordinates": [ 36.956398, 36.744679, 0.0 ] } },
{ "type": "Feature", "properties": { "OBJECTID": 213, "OBJECTID_1": 215.0, "OBJECTID_12": 1323.0, "Toponimo_Antiguo": "Samosata", "Toponimo_Moderno": "Samsat", "Provincia": "EUPHRATENSIS", "Pais": "Turquia", "Categoria": "Ciudad" }, "geometry": { "type": "Point", "coordinates": [ 38.508199, 37.541801, 0.0 ] } },
{ "type": "Feature", "properties": { "OBJECTID": 214, "OBJECTID_1": 216.0, "OBJECTID_12": 1328.0, "Toponimo_Antiguo": "Zeugma", "Toponimo_Moderno": "Balkis", "Provincia": "EUPHRATENSIS", "Pais": "Turquia", "Categoria": "Ciudad" }, "geometry": { "type": "Point", "coordinates": [ 37.79329989200005, 37.009089397000025, 0.0 ] } },
{ "type": "Feature", "properties": { "OBJECTID": 215, "OBJECTID_1": 217.0, "OBJECTID_12": 1482.0, "Toponimo_Antiguo": "Europus", "Toponimo_Moderno": "Yarabulus", "Provincia": "EUPHRATENSIS", "Pais": "Siria", "Categoria": "Ciudad" }, "geometry": { "type": "Point", "coordinates": [ 38.010493092000047, 36.818167831000039, 0.0 ] } },
{ "type": "Feature", "properties": { "OBJECTID": 216, "OBJECTID_1": 218.0, "OBJECTID_12": 1484.0, "Toponimo_Antiguo": "Sura", "Toponimo_Moderno": "Al-Thawrah", "Provincia": "EUPHRATENSIS", "Pais": "Siria", "Categoria": "Ciudad" }, "geometry": { "type": "Point", "coordinates": [ 38.537648922000074, 35.829294368000035, 0.0 ] } },
{ "type": "Feature", "properties": { "OBJECTID": 217, "OBJECTID_1": 219.0, "OBJECTID_12": 1486.0, "Toponimo_Antiguo": "Germanicea", "Toponimo_Moderno": "Kahramanmaras", "Provincia": "EUPHRATENSIS", "Pais": "Turquia", "Categoria": "Ciudad" }, "geometry": { "type": "Point", "coordinates": [ 36.920215164000069, 37.583858125000063, 0.0 ] } },
{ "type": "Feature", "properties": { "OBJECTID": 218, "OBJECTID_1": 220.0, "OBJECTID_12": 1487.0, "Toponimo_Antiguo": "Hierapolis", "Toponimo_Moderno": "Manbiy", "Provincia": "EUPHRATENSIS", "Pais": "Siria", "Categoria": "Capital Provincia" }, "geometry": { "type": "Point", "coordinates": [ 37.947515537000072, 36.544274478000034, 0.0 ] } },
{ "type": "Feature", "properties": { "OBJECTID": 219, "OBJECTID_1": 221.0, "OBJECTID_12": 230.0, "Toponimo_Antiguo": "Bostra", "Toponimo_Moderno": "Bosra", "Provincia": "ARABIA", "Pais": "Siria", "Categoria": "Capital Provincia" }, "geometry": { "type": "Point", "coordinates": [ 36.482118, 32.518318, 0.0 ] } },
{ "type": "Feature", "properties": { "OBJECTID": 220, "OBJECTID_1": 222.0, "OBJECTID_12": 231.0, "Toponimo_Antiguo": "Canatha", "Toponimo_Moderno": "Qanawat", "Provincia": "ARABIA", "Pais": "Siria", "Categoria": "Ciudad" }, "geometry": { "type": "Point", "coordinates": [ 36.603111, 32.742615, 0.0 ] } },
{ "type": "Feature", "properties": { "OBJECTID": 221, "OBJECTID_1": 223.0, "OBJECTID_12": 233.0, "Toponimo_Antiguo": "Dionysias", "Toponimo_Moderno": "As Suwayda", "Provincia": "ARABIA", "Pais": "Siria", "Categoria": "Ciudad" }, "geometry": { "type": "Point", "coordinates": [ 36.565286, 32.707083, 0.0 ] } },
{ "type": "Feature", "properties": { "OBJECTID": 222, "OBJECTID_1": 224.0, "OBJECTID_12": 236.0, "Toponimo_Antiguo": "Gerasa", "Toponimo_Moderno": "Jerash", "Provincia": "ARABIA", "Pais": "Jordania", "Categoria": "Ciudad" }, "geometry": { "type": "Point", "coordinates": [ 35.891296, 32.281164, 0.0 ] } },
{ "type": "Feature", "properties": { "OBJECTID": 223, "OBJECTID_1": 225.0, "OBJECTID_12": 238.0, "Toponimo_Antiguo": "Madaba", "Toponimo_Moderno": "Madaba", "Provincia": "ARABIA", "Pais": "Jordania", "Categoria": "Ciudad" }, "geometry": { "type": "Point", "coordinates": [ 35.794735, 31.711726, 0.0 ] } },
{ "type": "Feature", "properties": { "OBJECTID": 224, "OBJECTID_1": 226.0, "OBJECTID_12": 240.0, "Toponimo_Antiguo": "Philippopolis", "Toponimo_Moderno": "Shahba", "Provincia": "ARABIA", "Pais": "Siria", "Categoria": "Ciudad" }, "geometry": { "type": "Point", "coordinates": [ 36.627525, 32.853765, 0.0 ] } },
{ "type": "Feature", "properties": { "OBJECTID": 225, "OBJECTID_1": 227.0, "OBJECTID_12": 241.0, "Toponimo_Antiguo": "Saccaea", "Toponimo_Moderno": "Unknown", "Provincia": "ARABIA", "Pais": "Siria", "Categoria": "Ciudad" }, "geometry": { "type": "Point", "coordinates": [ 36.697835, 32.896794, 0.0 ] } },
{ "type": "Feature", "properties": { "OBJECTID": 226, "OBJECTID_1": 228.0, "OBJECTID_12": 1322.0, "Toponimo_Antiguo": "Philadelphia", "Toponimo_Moderno": "Amman", "Provincia": "ARABIA", "Pais": "Jordania", "Categoria": "Ciudad" }, "geometry": { "type": "Point", "coordinates": [ 35.932757, 31.949741, 0.0 ] } },
{ "type": "Feature", "properties": { "OBJECTID": 227, "OBJECTID_1": 229.0, "OBJECTID_12": 1305.0, "Toponimo_Antiguo": "Apamea", "Toponimo_Moderno": "Qalaat al Mudik", "Provincia": "SYRIA II SALUTARIS", "Pais": "Siria", "Categoria": "Capital Provincia" }, "geometry": { "type": "Point", "coordinates": [ 36.401621, 35.41726, 0.0 ] } },
{ "type": "Feature", "properties": { "OBJECTID": 228, "OBJECTID_1": 230.0, "OBJECTID_12": 1478.0, "Toponimo_Antiguo": "Raphaneae", "Toponimo_Moderno": "Unknown", "Provincia": "SYRIA II SALUTARIS", "Pais": "Siria", "Categoria": "Ciudad" }, "geometry": { "type": "Point", "coordinates": [ 36.57140307800006, 34.83953424300006, 0.0 ] } },
{ "type": "Feature", "properties": { "OBJECTID": 229, "OBJECTID_1": 231.0, "OBJECTID_12": 1479.0, "Toponimo_Antiguo": "Epiphania", "Toponimo_Moderno": "Hama", "Provincia": "SYRIA II SALUTARIS", "Pais": "Siria", "Categoria": "Ciudad" }, "geometry": { "type": "Point", "coordinates": [ 36.752663132000066, 35.123967494000055, 0.0 ] } },
{ "type": "Feature", "properties": { "OBJECTID": 230, "OBJECTID_1": 232.0, "OBJECTID_12": 1304.0, "Toponimo_Antiguo": "Antiochia", "Toponimo_Moderno": "Antakya", "Provincia": "SYRIA I", "Pais": "Turquia", "Categoria": "Capital Diocesis" }, "geometry": { "type": "Point", "coordinates": [ 36.169629, 36.210172, 0.0 ] } },
{ "type": "Feature", "properties": { "OBJECTID": 231, "OBJECTID_1": 233.0, "OBJECTID_12": 1310.0, "Toponimo_Antiguo": "Beroea", "Toponimo_Moderno": "Aleppo", "Provincia": "SYRIA I", "Pais": "Siria", "Categoria": "Ciudad" }, "geometry": { "type": "Point", "coordinates": [ 37.162747, 36.201613, 0.0 ] } },
{ "type": "Feature", "properties": { "OBJECTID": 232, "OBJECTID_1": 234.0, "OBJECTID_12": 1316.0, "Toponimo_Antiguo": "Gabala", "Toponimo_Moderno": "Djebeleh", "Provincia": "SYRIA I", "Pais": "Siria", "Categoria": "Ciudad" }, "geometry": { "type": "Point", "coordinates": [ 35.922327, 35.378062, 0.0 ] } },
{ "type": "Feature", "properties": { "OBJECTID": 233, "OBJECTID_1": 235.0, "OBJECTID_12": 1318.0, "Toponimo_Antiguo": "Laodicea", "Toponimo_Moderno": "Lattakia", "Provincia": "SYRIA I", "Pais": "Siria", "Categoria": "Ciudad" }, "geometry": { "type": "Point", "coordinates": [ 35.78347, 35.563788, 0.0 ] } },
{ "type": "Feature", "properties": { "OBJECTID": 234, "OBJECTID_1": 236.0, "OBJECTID_12": 1324.0, "Toponimo_Antiguo": "Seleucia", "Toponimo_Moderno": "Samandag", "Provincia": "SYRIA I", "Pais": "Turquia", "Categoria": "Ciudad" }, "geometry": { "type": "Point", "coordinates": [ 35.936001, 36.11808, 0.0 ] } },
{ "type": "Feature", "properties": { "OBJECTID": 235, "OBJECTID_1": 237.0, "OBJECTID_12": 1477.0, "Toponimo_Antiguo": "Chalcis", "Toponimo_Moderno": "Near Zerbeh", "Provincia": "SYRIA I", "Pais": "Siria", "Categoria": "Ciudad" }, "geometry": { "type": "Point", "coordinates": [ 36.993257174000064, 35.994783011000038, 0.0 ] } },
{ "type": "Feature", "properties": { "OBJECTID": 236, "OBJECTID_1": 238.0, "OBJECTID_12": 1303.0, "Toponimo_Antiguo": "Acce", "Toponimo_Moderno": "Acre", "Provincia": "PHOENICE", "Pais": "Israel", "Categoria": "Ciudad" }, "geometry": { "type": "Point", "coordinates": [ 35.068668, 32.921188, 0.0 ] } },
{ "type": "Feature", "properties": { "OBJECTID": 237, "OBJECTID_1": 239.0, "OBJECTID_12": 1307.0, "Toponimo_Antiguo": "Aradus", "Toponimo_Moderno": "Arwad", "Provincia": "PHOENICE", "Pais": "Siria", "Categoria": "Ciudad" }, "geometry": { "type": "Point", "coordinates": [ 35.858333, 34.856111, 0.0 ] } },
{ "type": "Feature", "properties": { "OBJECTID": 238, "OBJECTID_1": 240.0, "OBJECTID_12": 1308.0, "Toponimo_Antiguo": "Arca", "Toponimo_Moderno": "Miniara", "Provincia": "PHOENICE", "Pais": "Libano", "Categoria": "Ciudad" }, "geometry": { "type": "Point", "coordinates": [ 36.042802, 34.533092, 0.0 ] } },
{ "type": "Feature", "properties": { "OBJECTID": 239, "OBJECTID_1": 241.0, "OBJECTID_12": 1311.0, "Toponimo_Antiguo": "Berytus", "Toponimo_Moderno": "Beirut", "Provincia": "PHOENICE", "Pais": "Libano", "Categoria": "Ciudad" }, "geometry": { "type": "Point", "coordinates": [ 35.50237, 33.892408, 0.0 ] } },
{ "type": "Feature", "properties": { "OBJECTID": 240, "OBJECTID_1": 242.0, "OBJECTID_12": 1312.0, "Toponimo_Antiguo": "Byblos", "Toponimo_Moderno": "Jebeil", "Provincia": "PHOENICE", "Pais": "Libano", "Categoria": "Ciudad" }, "geometry": { "type": "Point", "coordinates": [ 35.646164, 34.119633, 0.0 ] } },
{ "type": "Feature", "properties": { "OBJECTID": 241, "OBJECTID_1": 243.0, "OBJECTID_12": 1319.0, "Toponimo_Antiguo": "Marathus", "Toponimo_Moderno": "Amrit", "Provincia": "PHOENICE", "Pais": "Siria", "Categoria": "Ciudad" }, "geometry": { "type": "Point", "coordinates": [ 35.907627, 34.832632, 0.0 ] } },
{ "type": "Feature", "properties": { "OBJECTID": 242, "OBJECTID_1": 244.0, "OBJECTID_12": 1321.0, "Toponimo_Antiguo": "Paneas", "Toponimo_Moderno": "Banias", "Provincia": "PHOENICE", "Pais": "Israel", "Categoria": "Ciudad" }, "geometry": { "type": "Point", "coordinates": [ 35.694444, 33.248611, 0.0 ] } },
{ "type": "Feature", "properties": { "OBJECTID": 243, "OBJECTID_1": 245.0, "OBJECTID_12": 1325.0, "Toponimo_Antiguo": "Sidon", "Toponimo_Moderno": "Saida", "Provincia": "PHOENICE", "Pais": "Libano", "Categoria": "Ciudad" }, "geometry": { "type": "Point", "coordinates": [ 35.371208, 33.560243, 0.0 ] } },
{ "type": "Feature", "properties": { "OBJECTID": 244, "OBJECTID_1": 246.0, "OBJECTID_12": 1326.0, "Toponimo_Antiguo": "Tripolis", "Toponimo_Moderno": "Tarablis", "Provincia": "PHOENICE", "Pais": "Libano", "Categoria": "Ciudad" }, "geometry": { "type": "Point", "coordinates": [ 35.815212, 34.448685, 0.0 ] } },
{ "type": "Feature", "properties": { "OBJECTID": 245, "OBJECTID_1": 247.0, "OBJECTID_12": 1327.0, "Toponimo_Antiguo": "Tyrus", "Toponimo_Moderno": "Tyre", "Provincia": "PHOENICE", "Pais": "Libano", "Categoria": "Capital Provincia" }, "geometry": { "type": "Point", "coordinates": [ 35.194564, 33.271637, 0.0 ] } },
{ "type": "Feature", "properties": { "OBJECTID": 246, "OBJECTID_1": 248.0, "OBJECTID_12": 1475.0, "Toponimo_Antiguo": "Ptolemais", "Toponimo_Moderno": "Naqoura", "Provincia": "PHOENICE", "Pais": "Libano", "Categoria": "Ciudad" }, "geometry": { "type": "Point", "coordinates": [ 35.09995, 33.0136, 0.0 ] } },
{ "type": "Feature", "properties": { "OBJECTID": 247, "OBJECTID_1": 249.0, "OBJECTID_12": 996.0, "Toponimo_Antiguo": "Cremona", "Toponimo_Moderno": "Cremona", "Provincia": "VENETIA ET HISTRIA", "Pais": "Italia", "Categoria": "Ciudad" }, "geometry": { "type": "Point", "coordinates": [ 10.02297, 45.134868, 0.0 ] } },
{ "type": "Feature", "properties": { "OBJECTID": 248, "OBJECTID_1": 250.0, "OBJECTID_12": 1024.0, "Toponimo_Antiguo": "Acelum", "Toponimo_Moderno": "Asolo", "Provincia": "VENETIA ET HISTRIA", "Pais": "Italia", "Categoria": "Ciudad" }, "geometry": { "type": "Point", "coordinates": [ 11.913251, 45.801703, 0.0 ] } },
{ "type": "Feature", "properties": { "OBJECTID": 249, "OBJECTID_1": 251.0, "OBJECTID_12": 1025.0, "Toponimo_Antiguo": "Adria", "Toponimo_Moderno": "Adria", "Provincia": "VENETIA ET HISTRIA", "Pais": "Italia", "Categoria": "Ciudad" }, "geometry": { "type": "Point", "coordinates": [ 12.056242, 45.054003, 0.0 ] } },
{ "type": "Feature", "properties": { "OBJECTID": 250, "OBJECTID_1": 252.0, "OBJECTID_12": 1027.0, "Toponimo_Antiguo": "Altinum", "Toponimo_Moderno": "Altino", "Provincia": "VENETIA ET HISTRIA", "Pais": "Italia", "Categoria": "Ciudad" }, "geometry": { "type": "Point", "coordinates": [ 12.400964, 45.549242, 0.0 ] } },
{ "type": "Feature", "properties": { "OBJECTID": 251, "OBJECTID_1": 253.0, "OBJECTID_12": 1028.0, "Toponimo_Antiguo": "Aquileia", "Toponimo_Moderno": "Aquileia", "Provincia": "VENETIA ET HISTRIA", "Pais": "Italia", "Categoria": "Capital Provincia" }, "geometry": { "type": "Point", "coordinates": [ 13.367051, 45.765269, 0.0 ] } },
{ "type": "Feature", "properties": { "OBJECTID": 252, "OBJECTID_1": 254.0, "OBJECTID_12": 1029.0, "Toponimo_Antiguo": "Ateste", "Toponimo_Moderno": "Este", "Provincia": "VENETIA ET HISTRIA", "Pais": "Italia", "Categoria": "Ciudad" }, "geometry": { "type": "Point", "coordinates": [ 11.666667, 45.233333, 0.0 ] } },
{ "type": "Feature", "properties": { "OBJECTID": 253, "OBJECTID_1": 255.0, "OBJECTID_12": 1030.0, "Toponimo_Antiguo": "Bellunum", "Toponimo_Moderno": "Belluno", "Provincia": "VENETIA ET HISTRIA", "Pais": "Italia", "Categoria": "Ciudad" }, "geometry": { "type": "Point", "coordinates": [ 12.217395, 46.140032, 0.0 ] } },
{ "type": "Feature", "properties": { "OBJECTID": 254, "OBJECTID_1": 256.0, "OBJECTID_12": 1031.0, "Toponimo_Antiguo": "Brixia", "Toponimo_Moderno": "Brescia", "Provincia": "VENETIA ET HISTRIA", "Pais": "Italia", "Categoria": "Ciudad" }, "geometry": { "type": "Point", "coordinates": [ 10.219836, 45.539406, 0.0 ] } },
{ "type": "Feature", "properties": { "OBJECTID": 255, "OBJECTID_1": 257.0, "OBJECTID_12": 1032.0, "Toponimo_Antiguo": "Concordia", "Toponimo_Moderno": "Concordia", "Provincia": "VENETIA ET HISTRIA", "Pais": "Italia", "Categoria": "Ciudad" }, "geometry": { "type": "Point", "coordinates": [ 12.844317, 45.756918, 0.0 ] } },
{ "type": "Feature", "properties": { "OBJECTID": 256, "OBJECTID_1": 258.0, "OBJECTID_12": 1033.0, "Toponimo_Antiguo": "Emona", "Toponimo_Moderno": "Ljubljana", "Provincia": "VENETIA ET HISTRIA", "Pais": "Eslovenia", "Categoria": "Ciudad" }, "geometry": { "type": "Point", "coordinates": [ 14.505965, 46.051426, 0.0 ] } },
{ "type": "Feature", "properties": { "OBJECTID": 257, "OBJECTID_1": 259.0, "OBJECTID_12": 1034.0, "Toponimo_Antiguo": "Feltria", "Toponimo_Moderno": "Feltre", "Provincia": "VENETIA ET HISTRIA", "Pais": "Italia", "Categoria": "Ciudad" }, "geometry": { "type": "Point", "coordinates": [ 11.900036, 46.016657, 0.0 ] } },
{ "type": "Feature", "properties": { "OBJECTID": 258, "OBJECTID_1": 260.0, "OBJECTID_12": 1036.0, "Toponimo_Antiguo": "Forum Iulii", "Toponimo_Moderno": "Cividale del Friuli", "Provincia": "VENETIA ET HISTRIA", "Pais": "Italia", "Categoria": "Ciudad" }, "geometry": { "type": "Point", "coordinates": [ 13.431047, 46.092796, 0.0 ] } },
{ "type": "Feature", "properties": { "OBJECTID": 259, "OBJECTID_1": 261.0, "OBJECTID_12": 1037.0, "Toponimo_Antiguo": "Iulium Carnicum", "Toponimo_Moderno": "Zuglio", "Provincia": "VENETIA ET HISTRIA", "Pais": "Italia", "Categoria": "Ciudad" }, "geometry": { "type": "Point", "coordinates": [ 13.025796, 46.460796, 0.0 ] } },
{ "type": "Feature", "properties": { "OBJECTID": 260, "OBJECTID_1": 262.0, "OBJECTID_12": 1038.0, "Toponimo_Antiguo": "Mantua", "Toponimo_Moderno": "Mantova", "Provincia": "VENETIA ET HISTRIA", "Pais": "Italia", "Categoria": "Ciudad" }, "geometry": { "type": "Point", "coordinates": [ 10.794299, 45.159243, 0.0 ] } },
{ "type": "Feature", "properties": { "OBJECTID": 261, "OBJECTID_1": 263.0, "OBJECTID_12": 1039.0, "Toponimo_Antiguo": "Nesactium", "Toponimo_Moderno": "Viza?e", "Provincia": "VENETIA ET HISTRIA", "Pais": "Croacia", "Categoria": "Ciudad" }, "geometry": { "type": "Point", "coordinates": [ 13.969722, 44.916667, 0.0 ] } },
{ "type": "Feature", "properties": { "OBJECTID": 262, "OBJECTID_1": 264.0, "OBJECTID_12": 1040.0, "Toponimo_Antiguo": "Opitergum", "Toponimo_Moderno": "Oderzo", "Provincia": "VENETIA ET HISTRIA", "Pais": "Italia", "Categoria": "Ciudad" }, "geometry": { "type": "Point", "coordinates": [ 12.490642, 45.781115, 0.0 ] } },
{ "type": "Feature", "properties": { "OBJECTID": 263, "OBJECTID_1": 265.0, "OBJECTID_12": 1041.0, "Toponimo_Antiguo": "Parentium", "Toponimo_Moderno": "Porec", "Provincia": "VENETIA ET HISTRIA", "Pais": "Croacia", "Categoria": "Ciudad" }, "geometry": { "type": "Point", "coordinates": [ 13.597752, 45.226697, 0.0 ] } },
{ "type": "Feature", "properties": { "OBJECTID": 264, "OBJECTID_1": 266.0, "OBJECTID_12": 1042.0, "Toponimo_Antiguo": "Patavium", "Toponimo_Moderno": "Padua", "Provincia": "VENETIA ET HISTRIA", "Pais": "Italia", "Categoria": "Ciudad" }, "geometry": { "type": "Point", "coordinates": [ 11.876589, 45.409568, 0.0 ] } },
{ "type": "Feature", "properties": { "OBJECTID": 265, "OBJECTID_1": 267.0, "OBJECTID_12": 1043.0, "Toponimo_Antiguo": "Pola", "Toponimo_Moderno": "Pula", "Provincia": "VENETIA ET HISTRIA", "Pais": "Croacia", "Categoria": "Ciudad" }, "geometry": { "type": "Point", "coordinates": [ 13.841147, 44.869652, 0.0 ] } },
{ "type": "Feature", "properties": { "OBJECTID": 266, "OBJECTID_1": 268.0, "OBJECTID_12": 1044.0, "Toponimo_Antiguo": "Tarvisium", "Toponimo_Moderno": "Treviso", "Provincia": "VENETIA ET HISTRIA", "Pais": "Italia", "Categoria": "Ciudad" }, "geometry": { "type": "Point", "coordinates": [ 12.242072, 45.666286, 0.0 ] } },
{ "type": "Feature", "properties": { "OBJECTID": 267, "OBJECTID_1": 269.0, "OBJECTID_12": 1045.0, "Toponimo_Antiguo": "Tergestum", "Toponimo_Moderno": "Trieste", "Provincia": "VENETIA ET HISTRIA", "Pais": "Italia", "Categoria": "Ciudad" }, "geometry": { "type": "Point", "coordinates": [ 13.770245, 45.648459, 0.0 ] } },
{ "type": "Feature", "properties": { "OBJECTID": 268, "OBJECTID_1": 270.0, "OBJECTID_12": 1046.0, "Toponimo_Antiguo": "Tridentum", "Toponimo_Moderno": "Trento", "Provincia": "VENETIA ET HISTRIA", "Pais": "Italia", "Categoria": "Ciudad" }, "geometry": { "type": "Point", "coordinates": [ 11.121006, 46.067253, 0.0 ] } },
{ "type": "Feature", "properties": { "OBJECTID": 269, "OBJECTID_1": 271.0, "OBJECTID_12": 1047.0, "Toponimo_Antiguo": "Urbana", "Toponimo_Moderno": "Unknown", "Provincia": "VENETIA ET HISTRIA", "Pais": "Italia", "Categoria": "Ciudad" }, "geometry": { "type": "Point", "coordinates": [ 11.445288, 45.193362, 0.0 ] } },
{ "type": "Feature", "properties": { "OBJECTID": 270, "OBJECTID_1": 272.0, "OBJECTID_12": 1048.0, "Toponimo_Antiguo": "Verona", "Toponimo_Moderno": "Verona", "Provincia": "VENETIA ET HISTRIA", "Pais": "Italia", "Categoria": "Ciudad" }, "geometry": { "type": "Point", "coordinates": [ 10.997047, 45.442663, 0.0 ] } },
{ "type": "Feature", "properties": { "OBJECTID": 271, "OBJECTID_1": 273.0, "OBJECTID_12": 1049.0, "Toponimo_Antiguo": "Vicetia", "Toponimo_Moderno": "Vicenza", "Provincia": "VENETIA ET HISTRIA", "Pais": "Italia", "Categoria": "Ciudad" }, "geometry": { "type": "Point", "coordinates": [ 11.54551, 45.547333, 0.0 ] } },
{ "type": "Feature", "properties": { "OBJECTID": 272, "OBJECTID_1": 274.0, "OBJECTID_12": 1050.0, "Toponimo_Antiguo": "Bergomum", "Toponimo_Moderno": "Bergamo", "Provincia": "VENETIA ET HISTRIA", "Pais": "Italia", "Categoria": "Ciudad" }, "geometry": { "type": "Point", "coordinates": [ 9.669953, 45.694903, 0.0 ] } },
{ "type": "Feature", "properties": { "OBJECTID": 273, "OBJECTID_1": 275.0, "OBJECTID_12": 1250.0, "Toponimo_Antiguo": "Brigetio", "Toponimo_Moderno": "Szöny", "Provincia": "PANNONIA I", "Pais": "Hungria", "Categoria": "Ciudad" }, "geometry": { "type": "Point", "coordinates": [ 18.169507, 47.735239, 0.0 ] } },
{ "type": "Feature", "properties": { "OBJECTID": 274, "OBJECTID_1": 276.0, "OBJECTID_12": 1257.0, "Toponimo_Antiguo": "Bassiana", "Toponimo_Moderno": "Sárvár", "Provincia": "PANNONIA I", "Pais": "Hungria", "Categoria": "Ciudad" }, "geometry": { "type": "Point", "coordinates": [ 16.935227, 47.254062, 0.0 ] } },
{ "type": "Feature", "properties": { "OBJECTID": 275, "OBJECTID_1": 277.0, "OBJECTID_12": 1258.0, "Toponimo_Antiguo": "Carnuntum", "Toponimo_Moderno": "Petronell", "Provincia": "PANNONIA I", "Pais": "Austria", "Categoria": "Ciudad" }, "geometry": { "type": "Point", "coordinates": [ 16.863149, 48.114778, 0.0 ] } },
{ "type": "Feature", "properties": { "OBJECTID": 276, "OBJECTID_1": 278.0, "OBJECTID_12": 1260.0, "Toponimo_Antiguo": "Mogentiana", "Toponimo_Moderno": "Tüskevár", "Provincia": "PANNONIA I", "Pais": "Hungria", "Categoria": "Ciudad" }, "geometry": { "type": "Point", "coordinates": [ 17.314149, 47.118283, 0.0 ] } },
{ "type": "Feature", "properties": { "OBJECTID": 277, "OBJECTID_1": 279.0, "OBJECTID_12": 1262.0, "Toponimo_Antiguo": "Savaria", "Toponimo_Moderno": "Szombathely", "Provincia": "PANNONIA I", "Pais": "Hungria", "Categoria": "Capital Provincia" }, "geometry": { "type": "Point", "coordinates": [ 16.617369, 47.231643, 0.0 ] } },
{ "type": "Feature", "properties": { "OBJECTID": 278, "OBJECTID_1": 280.0, "OBJECTID_12": 1263.0, "Toponimo_Antiguo": "Scarbantia", "Toponimo_Moderno": "Sopron", "Provincia": "PANNONIA I", "Pais": "Hungria", "Categoria": "Ciudad" }, "geometry": { "type": "Point", "coordinates": [ 16.590498, 47.6848, 0.0 ] } },
{ "type": "Feature", "properties": { "OBJECTID": 279, "OBJECTID_1": 281.0, "OBJECTID_12": 1266.0, "Toponimo_Antiguo": "Vindobona", "Toponimo_Moderno": "Vienna", "Provincia": "PANNONIA I", "Pais": "Austria", "Categoria": "Ciudad" }, "geometry": { "type": "Point", "coordinates": [ 16.373946, 48.211345, 0.0 ] } },
{ "type": "Feature", "properties": { "OBJECTID": 280, "OBJECTID_1": 282.0, "OBJECTID_12": 1201.0, "Toponimo_Antiguo": "Margum", "Toponimo_Moderno": "Dubravica", "Provincia": "MOESIA I", "Pais": "Serbia", "Categoria": "Ciudad" }, "geometry": { "type": "Point", "coordinates": [ 21.061748, 44.69123, 0.0 ] } },
{ "type": "Feature", "properties": { "OBJECTID": 281, "OBJECTID_1": 283.0, "OBJECTID_12": 1207.0, "Toponimo_Antiguo": "Singidunum", "Toponimo_Moderno": "Belgrade", "Provincia": "MOESIA I", "Pais": "Serbia", "Categoria": "Ciudad" }, "geometry": { "type": "Point", "coordinates": [ 20.4503, 44.8236, 0.0 ] } },
{ "type": "Feature", "properties": { "OBJECTID": 282, "OBJECTID_1": 284.0, "OBJECTID_12": 1209.0, "Toponimo_Antiguo": "Viminacium", "Toponimo_Moderno": "Kostolac", "Provincia": "MOESIA I", "Pais": "Serbia", "Categoria": "Capital Provincia" }, "geometry": { "type": "Point", "coordinates": [ 21.216122, 44.736776, 0.0 ] } },
{ "type": "Feature", "properties": { "OBJECTID": 283, "OBJECTID_1": 285.0, "OBJECTID_12": 491.0, "Toponimo_Antiguo": "Absortium", "Toponimo_Moderno": "Osor", "Provincia": "DALMATIA", "Pais": "Croacia", "Categoria": "Ciudad" }, "geometry": { "type": "Point", "coordinates": [ 14.392822, 44.693482, 0.0 ] } },
{ "type": "Feature", "properties": { "OBJECTID": 284, "OBJECTID_1": 286.0, "OBJECTID_12": 492.0, "Toponimo_Antiguo": "Acruvium", "Toponimo_Moderno": "Kotor", "Provincia": "DALMATIA", "Pais": "Montenegro", "Categoria": "Ciudad" }, "geometry": { "type": "Point", "coordinates": [ 18.767302, 42.421537, 0.0 ] } },
{ "type": "Feature", "properties": { "OBJECTID": 285, "OBJECTID_1": 287.0, "OBJECTID_12": 493.0, "Toponimo_Antiguo": "Aenona", "Toponimo_Moderno": "Nin", "Provincia": "DALMATIA", "Pais": "Croacia", "Categoria": "Ciudad" }, "geometry": { "type": "Point", "coordinates": [ 15.18415, 44.243529, 0.0 ] } },
{ "type": "Feature", "properties": { "OBJECTID": 286, "OBJECTID_1": 288.0, "OBJECTID_12": 494.0, "Toponimo_Antiguo": "Aequum", "Toponimo_Moderno": "?itluk", "Provincia": "DALMATIA", "Pais": "Croacia", "Categoria": "Ciudad" }, "geometry": { "type": "Point", "coordinates": [ 16.655704, 43.739278, 0.0 ] } },
{ "type": "Feature", "properties": { "OBJECTID": 287, "OBJECTID_1": 289.0, "OBJECTID_12": 495.0, "Toponimo_Antiguo": "Alveria", "Toponimo_Moderno": "Gradina", "Provincia": "DALMATIA", "Pais": "Croacia", "Categoria": "Ciudad" }, "geometry": { "type": "Point", "coordinates": [ 15.823192, 44.045358, 0.0 ] } },
{ "type": "Feature", "properties": { "OBJECTID": 288, "OBJECTID_1": 290.0, "OBJECTID_12": 496.0, "Toponimo_Antiguo": "Ansium", "Toponimo_Moderno": "Cvijina Gradina", "Provincia": "DALMATIA", "Pais": "Croacia", "Categoria": "Ciudad" }, "geometry": { "type": "Point", "coordinates": [ 15.665413, 44.178837, 0.0 ] } },
{ "type": "Feature", "properties": { "OBJECTID": 289, "OBJECTID_1": 291.0, "OBJECTID_12": 497.0, "Toponimo_Antiguo": "Arba", "Toponimo_Moderno": "Rab", "Provincia": "DALMATIA", "Pais": "Croacia", "Categoria": "Ciudad" }, "geometry": { "type": "Point", "coordinates": [ 14.760889, 44.755761, 0.0 ] } },
{ "type": "Feature", "properties": { "OBJECTID": 290, "OBJECTID_1": 292.0, "OBJECTID_12": 498.0, "Toponimo_Antiguo": "Argyruntum", "Toponimo_Moderno": "Starigrad", "Provincia": "DALMATIA", "Pais": "Croacia", "Categoria": "Ciudad" }, "geometry": { "type": "Point", "coordinates": [ 15.43752, 44.295861, 0.0 ] } },
{ "type": "Feature", "properties": { "OBJECTID": 291, "OBJECTID_1": 293.0, "OBJECTID_12": 499.0, "Toponimo_Antiguo": "Arupium", "Toponimo_Moderno": "Prozor", "Provincia": "DALMATIA", "Pais": "Croacia", "Categoria": "Ciudad" }, "geometry": { "type": "Point", "coordinates": [ 15.268748, 44.84851, 0.0 ] } },
{ "type": "Feature", "properties": { "OBJECTID": 292, "OBJECTID_1": 294.0, "OBJECTID_12": 500.0, "Toponimo_Antiguo": "Asseria", "Toponimo_Moderno": "Podgradje", "Provincia": "DALMATIA", "Pais": "Croacia", "Categoria": "Ciudad" }, "geometry": { "type": "Point", "coordinates": [ 15.680565, 44.017634, 0.0 ] } },
{ "type": "Feature", "properties": { "OBJECTID": 293, "OBJECTID_1": 295.0, "OBJECTID_12": 501.0, "Toponimo_Antiguo": "Azina", "Toponimo_Moderno": "Unlocated", "Provincia": "DALMATIA", "Pais": "Bosnia y Herzegovina", "Categoria": "Ciudad" }, "geometry": { "type": "Point", "coordinates": [ 18.5, 43.500001, 0.0 ] } },
{ "type": "Feature", "properties": { "OBJECTID": 294, "OBJECTID_1": 296.0, "OBJECTID_12": 502.0, "Toponimo_Antiguo": "Baloie", "Toponimo_Moderno": "Sipovo", "Provincia": "DALMATIA", "Pais": "Bosnia y Herzegovina", "Categoria": "Ciudad" }, "geometry": { "type": "Point", "coordinates": [ 17.090799, 44.282804, 0.0 ] } },
{ "type": "Feature", "properties": { "OBJECTID": 295, "OBJECTID_1": 297.0, "OBJECTID_12": 503.0, "Toponimo_Antiguo": "Benzavaticum", "Toponimo_Moderno": "Mostar", "Provincia": "DALMATIA", "Pais": "Bosnia y Herzegovina", "Categoria": "Ciudad" }, "geometry": { "type": "Point", "coordinates": [ 18.5, 43.500001, 0.0 ] } },
{ "type": "Feature", "properties": { "OBJECTID": 296, "OBJECTID_1": 298.0, "OBJECTID_12": 504.0, "Toponimo_Antiguo": "Bistua Nova", "Toponimo_Moderno": "Bugojno", "Provincia": "DALMATIA", "Pais": "Bosnia y Herzegovina", "Categoria": "Ciudad" }, "geometry": { "type": "Point", "coordinates": [ 17.437348, 44.053454, 0.0 ] } },
{ "type": "Feature", "properties": { "OBJECTID": 297, "OBJECTID_1": 299.0, "OBJECTID_12": 505.0, "Toponimo_Antiguo": "Blandona", "Toponimo_Moderno": "Stabanj", "Provincia": "DALMATIA", "Pais": "Croacia", "Categoria": "Ciudad" }, "geometry": { "type": "Point", "coordinates": [ 15.501534, 43.986045, 0.0 ] } },
{ "type": "Feature", "properties": { "OBJECTID": 298, "OBJECTID_1": 300.0, "OBJECTID_12": 506.0, "Toponimo_Antiguo": "Burnum", "Toponimo_Moderno": "Ivoševci", "Provincia": "DALMATIA", "Pais": "Croacia", "Categoria": "Ciudad" }, "geometry": { "type": "Point", "coordinates": [ 15.993626, 44.031704, 0.0 ] } },
{ "type": "Feature", "properties": { "OBJECTID": 299, "OBJECTID_1": 301.0, "OBJECTID_12": 508.0, "Toponimo_Antiguo": "Cissa", "Toponimo_Moderno": "Caska", "Provincia": "DALMATIA", "Pais": "Croacia", "Categoria": "Ciudad" }, "geometry": { "type": "Point", "coordinates": [ 14.918037, 44.550965, 0.0 ] } },
{ "type": "Feature", "properties": { "OBJECTID": 300, "OBJECTID_1": 302.0, "OBJECTID_12": 509.0, "Toponimo_Antiguo": "Corinium", "Toponimo_Moderno": "Karin", "Provincia": "DALMATIA", "Pais": "Croacia", "Categoria": "Ciudad" }, "geometry": { "type": "Point", "coordinates": [ 15.633505, 44.104528, 0.0 ] } },
{ "type": "Feature", "properties": { "OBJECTID": 301, "OBJECTID_1": 303.0, "OBJECTID_12": 510.0, "Toponimo_Antiguo": "Crexa", "Toponimo_Moderno": "Cres", "Provincia": "DALMATIA", "Pais": "Croacia", "Categoria": "Ciudad" }, "geometry": { "type": "Point", "coordinates": [ 14.397461, 44.856809, 0.0 ] } },
{ "type": "Feature", "properties": { "OBJECTID": 302, "OBJECTID_1": 304.0, "OBJECTID_12": 511.0, "Toponimo_Antiguo": "Curicum", "Toponimo_Moderno": "Krk", "Provincia": "DALMATIA", "Pais": "Croacia", "Categoria": "Ciudad" }, "geometry": { "type": "Point", "coordinates": [ 14.573373, 45.026157, 0.0 ] } },
{ "type": "Feature", "properties": { "OBJECTID": 303, "OBJECTID_1": 305.0, "OBJECTID_12": 512.0, "Toponimo_Antiguo": "Delminium", "Toponimo_Moderno": "Bor?ani", "Provincia": "DALMATIA", "Pais": "Bosnia y Herzegovina", "Categoria": "Ciudad" }, "geometry": { "type": "Point", "coordinates": [ 17.225719, 43.72076, 0.0 ] } },
{ "type": "Feature", "properties": { "OBJECTID": 304, "OBJECTID_1": 306.0, "OBJECTID_12": 513.0, "Toponimo_Antiguo": "Diluntum", "Toponimo_Moderno": "Stolac", "Provincia": "DALMATIA", "Pais": "Bosnia y Herzegovina", "Categoria": "Ciudad" }, "geometry": { "type": "Point", "coordinates": [ 17.958448, 43.078729, 0.0 ] } },
{ "type": "Feature", "properties": { "OBJECTID": 305, "OBJECTID_1": 307.0, "OBJECTID_12": 515.0, "Toponimo_Antiguo": "Domavium", "Toponimo_Moderno": "Gradina", "Provincia": "DALMATIA", "Pais": "Bosnia y Herzegovina", "Categoria": "Ciudad" }, "geometry": { "type": "Point", "coordinates": [ 19.36267, 44.143981, 0.0 ] } },
{ "type": "Feature", "properties": { "OBJECTID": 306, "OBJECTID_1": 308.0, "OBJECTID_12": 516.0, "Toponimo_Antiguo": "Epidaurum", "Toponimo_Moderno": "Cavtat", "Provincia": "DALMATIA", "Pais": "Croacia", "Categoria": "Ciudad" }, "geometry": { "type": "Point", "coordinates": [ 18.216409, 42.582593, 0.0 ] } },
{ "type": "Feature", "properties": { "OBJECTID": 307, "OBJECTID_1": 309.0, "OBJECTID_12": 517.0, "Toponimo_Antiguo": "Fulfinium", "Toponimo_Moderno": "Omišalj", "Provincia": "DALMATIA", "Pais": "Croacia", "Categoria": "Ciudad" }, "geometry": { "type": "Point", "coordinates": [ 14.554038, 45.211779, 0.0 ] } },
{ "type": "Feature", "properties": { "OBJECTID": 308, "OBJECTID_1": 310.0, "OBJECTID_12": 518.0, "Toponimo_Antiguo": "Iader", "Toponimo_Moderno": "Zadar", "Provincia": "DALMATIA", "Pais": "Croacia", "Categoria": "Ciudad" }, "geometry": { "type": "Point", "coordinates": [ 15.224674, 44.115526, 0.0 ] } },
{ "type": "Feature", "properties": { "OBJECTID": 309, "OBJECTID_1": 311.0, "OBJECTID_12": 519.0, "Toponimo_Antiguo": "Issa", "Toponimo_Moderno": "Vis", "Provincia": "DALMATIA", "Pais": "Croacia", "Categoria": "Ciudad" }, "geometry": { "type": "Point", "coordinates": [ 16.184086, 43.061568, 0.0 ] } },
{ "type": "Feature", "properties": { "OBJECTID": 310, "OBJECTID_1": 312.0, "OBJECTID_12": 520.0, "Toponimo_Antiguo": "Leusaba", "Toponimo_Moderno": "Bjelajce", "Provincia": "DALMATIA", "Pais": "Bosnia y Herzegovina", "Categoria": "Ciudad" }, "geometry": { "type": "Point", "coordinates": [ 17.083953, 44.416993, 0.0 ] } },
{ "type": "Feature", "properties": { "OBJECTID": 311, "OBJECTID_1": 313.0, "OBJECTID_12": 522.0, "Toponimo_Antiguo": "Lopsica", "Toponimo_Moderno": "Sv. Juraj", "Provincia": "DALMATIA", "Pais": "Croacia", "Categoria": "Ciudad" }, "geometry": { "type": "Point", "coordinates": [ 14.92, 44.928868, 0.0 ] } },
{ "type": "Feature", "properties": { "OBJECTID": 312, "OBJECTID_1": 314.0, "OBJECTID_12": 523.0, "Toponimo_Antiguo": "Magnum", "Toponimo_Moderno": "Umljanovic", "Provincia": "DALMATIA", "Pais": "Croacia", "Categoria": "Ciudad" }, "geometry": { "type": "Point", "coordinates": [ 16.31337, 43.793599, 0.0 ] } },
{ "type": "Feature", "properties": { "OBJECTID": 313, "OBJECTID_1": 315.0, "OBJECTID_12": 524.0, "Toponimo_Antiguo": "Malvesia", "Toponimo_Moderno": "Skelani", "Provincia": "DALMATIA", "Pais": "Serbia", "Categoria": "Ciudad" }, "geometry": { "type": "Point", "coordinates": [ 19.568865, 43.969954, 0.0 ] } },
{ "type": "Feature", "properties": { "OBJECTID": 314, "OBJECTID_1": 316.0, "OBJECTID_12": 525.0, "Toponimo_Antiguo": "Metulum", "Toponimo_Moderno": "Vinicica", "Provincia": "DALMATIA", "Pais": "Croacia", "Categoria": "Ciudad" }, "geometry": { "type": "Point", "coordinates": [ 15.299752, 45.209371, 0.0 ] } },
{ "type": "Feature", "properties": { "OBJECTID": 315, "OBJECTID_1": 317.0, "OBJECTID_12": 527.0, "Toponimo_Antiguo": "Narona", "Toponimo_Moderno": "Narenta", "Provincia": "DALMATIA", "Pais": "Bosnia y Herzegovina", "Categoria": "Ciudad" }, "geometry": { "type": "Point", "coordinates": [ 17.61342, 43.063722, 0.0 ] } },
{ "type": "Feature", "properties": { "OBJECTID": 316, "OBJECTID_1": 318.0, "OBJECTID_12": 528.0, "Toponimo_Antiguo": "Nedinum", "Toponimo_Moderno": "Nadin", "Provincia": "DALMATIA", "Pais": "Croacia", "Categoria": "Ciudad" }, "geometry": { "type": "Point", "coordinates": [ 15.497238, 44.071458, 0.0 ] } },
{ "type": "Feature", "properties": { "OBJECTID": 317, "OBJECTID_1": 319.0, "OBJECTID_12": 529.0, "Toponimo_Antiguo": "Novae", "Toponimo_Moderno": "Runovic", "Provincia": "DALMATIA", "Pais": "Bosnia y Herzegovina", "Categoria": "Ciudad" }, "geometry": { "type": "Point", "coordinates": [ 17.500001, 43.500001, 0.0 ] } },
{ "type": "Feature", "properties": { "OBJECTID": 318, "OBJECTID_1": 320.0, "OBJECTID_12": 531.0, "Toponimo_Antiguo": "Ortoplinia", "Toponimo_Moderno": "Stinica", "Provincia": "DALMATIA", "Pais": "Croacia", "Categoria": "Ciudad" }, "geometry": { "type": "Point", "coordinates": [ 14.89265, 44.717576, 0.0 ] } },
{ "type": "Feature", "properties": { "OBJECTID": 319, "OBJECTID_1": 321.0, "OBJECTID_12": 532.0, "Toponimo_Antiguo": "Raetinium", "Toponimo_Moderno": "Golubic", "Provincia": "DALMATIA", "Pais": "Bosnia y Herzegovina", "Categoria": "Ciudad" }, "geometry": { "type": "Point", "coordinates": [ 15.938378, 44.781037, 0.0 ] } },
{ "type": "Feature", "properties": { "OBJECTID": 320, "OBJECTID_1": 322.0, "OBJECTID_12": 533.0, "Toponimo_Antiguo": "Rider", "Toponimo_Moderno": "Danilo", "Provincia": "DALMATIA", "Pais": "Croacia", "Categoria": "Ciudad" }, "geometry": { "type": "Point", "coordinates": [ 16.055704, 43.700462, 0.0 ] } },
{ "type": "Feature", "properties": { "OBJECTID": 321, "OBJECTID_1": 323.0, "OBJECTID_12": 534.0, "Toponimo_Antiguo": "Ris…", "Toponimo_Moderno": "Rogatica", "Provincia": "DALMATIA", "Pais": "Bosnia y Herzegovina", "Categoria": "Ciudad" }, "geometry": { "type": "Point", "coordinates": [ 19.004323, 43.8017, 0.0 ] } },
{ "type": "Feature", "properties": { "OBJECTID": 322, "OBJECTID_1": 324.0, "OBJECTID_12": 535.0, "Toponimo_Antiguo": "Risinium", "Toponimo_Moderno": "Risan", "Provincia": "DALMATIA", "Pais": "Montenegro", "Categoria": "Ciudad" }, "geometry": { "type": "Point", "coordinates": [ 18.694988, 42.514718, 0.0 ] } },
{ "type": "Feature", "properties": { "OBJECTID": 323, "OBJECTID_1": 325.0, "OBJECTID_12": 536.0, "Toponimo_Antiguo": "Salona", "Toponimo_Moderno": "Solin", "Provincia": "DALMATIA", "Pais": "Croacia", "Categoria": "Capital Provincia" }, "geometry": { "type": "Point", "coordinates": [ 16.48323, 43.539485, 0.0 ] } },
{ "type": "Feature", "properties": { "OBJECTID": 324, "OBJECTID_1": 326.0, "OBJECTID_12": 537.0, "Toponimo_Antiguo": "Salvium", "Toponimo_Moderno": "Glamo?", "Provincia": "DALMATIA", "Pais": "Bosnia y Herzegovina", "Categoria": "Ciudad" }, "geometry": { "type": "Point", "coordinates": [ 16.751098, 44.048361, 0.0 ] } },
{ "type": "Feature", "properties": { "OBJECTID": 325, "OBJECTID_1": 327.0, "OBJECTID_12": 538.0, "Toponimo_Antiguo": "Scardona", "Toponimo_Moderno": "Skradin", "Provincia": "DALMATIA", "Pais": "Croacia", "Categoria": "Ciudad" }, "geometry": { "type": "Point", "coordinates": [ 15.923047, 43.817902, 0.0 ] } },
{ "type": "Feature", "properties": { "OBJECTID": 326, "OBJECTID_1": 328.0, "OBJECTID_12": 540.0, "Toponimo_Antiguo": "Senia", "Toponimo_Moderno": "Senj", "Provincia": "DALMATIA", "Pais": "Croacia", "Categoria": "Ciudad" }, "geometry": { "type": "Point", "coordinates": [ 14.900878, 44.990559, 0.0 ] } },
{ "type": "Feature", "properties": { "OBJECTID": 327, "OBJECTID_1": 329.0, "OBJECTID_12": 541.0, "Toponimo_Antiguo": "Setovia", "Toponimo_Moderno": "Susanj", "Provincia": "DALMATIA", "Pais": "Croacia", "Categoria": "Ciudad" }, "geometry": { "type": "Point", "coordinates": [ 16.655524, 43.719024, 0.0 ] } },
{ "type": "Feature", "properties": { "OBJECTID": 328, "OBJECTID_1": 330.0, "OBJECTID_12": 542.0, "Toponimo_Antiguo": "Sidrona", "Toponimo_Moderno": "Gradina", "Provincia": "DALMATIA", "Pais": "Croacia", "Categoria": "Ciudad" }, "geometry": { "type": "Point", "coordinates": [ 15.792445, 44.09906, 0.0 ] } },
{ "type": "Feature", "properties": { "OBJECTID": 329, "OBJECTID_1": 331.0, "OBJECTID_12": 543.0, "Toponimo_Antiguo": "Splonum", "Toponimo_Moderno": "Gornje Vrtace", "Provincia": "DALMATIA", "Pais": "Bosnia y Herzegovina", "Categoria": "Ciudad" }, "geometry": { "type": "Point", "coordinates": [ 16.699712, 44.843597, 0.0 ] } },
{ "type": "Feature", "properties": { "OBJECTID": 330, "OBJECTID_1": 332.0, "OBJECTID_12": 544.0, "Toponimo_Antiguo": "Tarsatica", "Toponimo_Moderno": "Trsat", "Provincia": "DALMATIA", "Pais": "Croacia", "Categoria": "Ciudad" }, "geometry": { "type": "Point", "coordinates": [ 14.441089, 45.3272, 0.0 ] } },
{ "type": "Feature", "properties": { "OBJECTID": 331, "OBJECTID_1": 333.0, "OBJECTID_12": 545.0, "Toponimo_Antiguo": "Tragurium", "Toponimo_Moderno": "Trogir", "Provincia": "DALMATIA", "Pais": "Croacia", "Categoria": "Ciudad" }, "geometry": { "type": "Point", "coordinates": [ 16.251364, 43.516903, 0.0 ] } },
{ "type": "Feature", "properties": { "OBJECTID": 332, "OBJECTID_1": 334.0, "OBJECTID_12": 546.0, "Toponimo_Antiguo": "Varvaria", "Toponimo_Moderno": "Bribir", "Provincia": "DALMATIA", "Pais": "Croacia", "Categoria": "Ciudad" }, "geometry": { "type": "Point", "coordinates": [ 14.767074, 45.163845, 0.0 ] } },
{ "type": "Feature", "properties": { "OBJECTID": 333, "OBJECTID_1": 335.0, "OBJECTID_12": 547.0, "Toponimo_Antiguo": "Vegium", "Toponimo_Moderno": "Karlobag", "Provincia": "DALMATIA", "Pais": "Croacia", "Categoria": "Ciudad" }, "geometry": { "type": "Point", "coordinates": [ 15.073891, 44.524622, 0.0 ] } },
{ "type": "Feature", "properties": { "OBJECTID": 334, "OBJECTID_1": 336.0, "OBJECTID_12": 1026.0, "Toponimo_Antiguo": "Albona", "Toponimo_Moderno": "Labin", "Provincia": "DALMATIA", "Pais": "Croacia", "Categoria": "Ciudad" }, "geometry": { "type": "Point", "coordinates": [ 14.115748, 45.098398, 0.0 ] } },
{ "type": "Feature", "properties": { "OBJECTID": 335, "OBJECTID_1": 337.0, "OBJECTID_12": 1035.0, "Toponimo_Antiguo": "Flanona", "Toponimo_Moderno": "Plomin", "Provincia": "DALMATIA", "Pais": "Croacia", "Categoria": "Ciudad" }, "geometry": { "type": "Point", "coordinates": [ 14.172682, 45.138214, 0.0 ] } },
{ "type": "Feature", "properties": { "OBJECTID": 336, "OBJECTID_1": 338.0, "OBJECTID_12": 1187.0, "Toponimo_Antiguo": "Callatis", "Toponimo_Moderno": "Mangalia", "Provincia": "SCYTHIA", "Pais": "Rumania", "Categoria": "Ciudad" }, "geometry": { "type": "Point", "coordinates": [ 28.577202, 43.814861, 0.0 ] } },
{ "type": "Feature", "properties": { "OBJECTID": 337, "OBJECTID_1": 339.0, "OBJECTID_12": 1189.0, "Toponimo_Antiguo": "Histria", "Toponimo_Moderno": "Histria", "Provincia": "SCYTHIA", "Pais": "Rumania", "Categoria": "Ciudad" }, "geometry": { "type": "Point", "coordinates": [ 28.774679, 44.54737, 0.0 ] } },
{ "type": "Feature", "properties": { "OBJECTID": 338, "OBJECTID_1": 340.0, "OBJECTID_12": 1196.0, "Toponimo_Antiguo": "Tomis", "Toponimo_Moderno": "Constanta", "Provincia": "SCYTHIA", "Pais": "Rumania", "Categoria": "Capital Provincia" }, "geometry": { "type": "Point", "coordinates": [ 28.638242, 44.173096, 0.0 ] } },
{ "type": "Feature", "properties": { "OBJECTID": 339, "OBJECTID_1": 341.0, "OBJECTID_12": 1197.0, "Toponimo_Antiguo": "Troesmis", "Toponimo_Moderno": "Drobudja", "Provincia": "SCYTHIA", "Pais": "Rumania", "Categoria": "Ciudad" }, "geometry": { "type": "Point", "coordinates": [ 28.193536, 45.140203, 0.0 ] } },
{ "type": "Feature", "properties": { "OBJECTID": 340, "OBJECTID_1": 342.0, "OBJECTID_12": 1198.0, "Toponimo_Antiguo": "Tropaeum Traiani", "Toponimo_Moderno": "Adamclisi", "Provincia": "SCYTHIA", "Pais": "Rumania", "Categoria": "Ciudad" }, "geometry": { "type": "Point", "coordinates": [ 27.944345, 44.09218, 0.0 ] } },
{ "type": "Feature", "properties": { "OBJECTID": 341, "OBJECTID_1": 343.0, "OBJECTID_12": 1451.0, "Toponimo_Antiguo": "Axiupolis", "Toponimo_Moderno": "Cernavoda", "Provincia": "SCYTHIA", "Pais": "Rumania", "Categoria": "Ciudad" }, "geometry": { "type": "Point", "coordinates": [ 28.033857149000028, 44.340533088000029, 0.0 ] } },
{ "type": "Feature", "properties": { "OBJECTID": 342, "OBJECTID_1": 344.0, "OBJECTID_12": 1452.0, "Toponimo_Antiguo": "Dionysopolis", "Toponimo_Moderno": "Balchnik", "Provincia": "SCYTHIA", "Pais": "Bulgaria", "Categoria": "Ciudad" }, "geometry": { "type": "Point", "coordinates": [ 28.157824438000034, 43.417083001000037, 0.0 ] } },
{ "type": "Feature", "properties": { "OBJECTID": 343, "OBJECTID_1": 345.0, "OBJECTID_12": 228.0, "Toponimo_Antiguo": "Abila", "Toponimo_Moderno": "Quwaylibah", "Provincia": "PALAESTINA II", "Pais": "Jordania", "Categoria": "Ciudad" }, "geometry": { "type": "Point", "coordinates": [ 35.869098, 32.680677, 0.0 ] } },
{ "type": "Feature", "properties": { "OBJECTID": 344, "OBJECTID_1": 346.0, "OBJECTID_12": 229.0, "Toponimo_Antiguo": "Adraha", "Toponimo_Moderno": "Daraa", "Provincia": "PALAESTINA II", "Pais": "Siria", "Categoria": "Ciudad" }, "geometry": { "type": "Point", "coordinates": [ 36.10799, 32.618791, 0.0 ] } },
{ "type": "Feature", "properties": { "OBJECTID": 345, "OBJECTID_1": 347.0, "OBJECTID_12": 232.0, "Toponimo_Antiguo": "Capitolias", "Toponimo_Moderno": "Beit Ras", "Provincia": "PALAESTINA II", "Pais": "Jordania", "Categoria": "Ciudad" }, "geometry": { "type": "Point", "coordinates": [ 35.858293, 32.598602, 0.0 ] } },
{ "type": "Feature", "properties": { "OBJECTID": 346, "OBJECTID_1": 348.0, "OBJECTID_12": 235.0, "Toponimo_Antiguo": "Gadara", "Toponimo_Moderno": "Umm Qais", "Provincia": "PALAESTINA II", "Pais": "Jordania", "Categoria": "Ciudad" }, "geometry": { "type": "Point", "coordinates": [ 35.678858, 32.655629, 0.0 ] } },
{ "type": "Feature", "properties": { "OBJECTID": 347, "OBJECTID_1": 349.0, "OBJECTID_12": 237.0, "Toponimo_Antiguo": "Hippus", "Toponimo_Moderno": "Nuqeib", "Provincia": "PALAESTINA II", "Pais": "Israel", "Categoria": "Ciudad" }, "geometry": { "type": "Point", "coordinates": [ 35.65987, 32.778764, 0.0 ] } },
{ "type": "Feature", "properties": { "OBJECTID": 348, "OBJECTID_1": 350.0, "OBJECTID_12": 1343.0, "Toponimo_Antiguo": "Pella", "Toponimo_Moderno": "Tabaqat Fahl", "Provincia": "PALAESTINA II", "Pais": "Jordania", "Categoria": "Ciudad" }, "geometry": { "type": "Point", "coordinates": [ 35.615459, 32.450116, 0.0 ] } },
{ "type": "Feature", "properties": { "OBJECTID": 349, "OBJECTID_1": 351.0, "OBJECTID_12": 1346.0, "Toponimo_Antiguo": "Scythopolis", "Toponimo_Moderno": "Beth Shean", "Provincia": "PALAESTINA II", "Pais": "Israel", "Categoria": "Capital Provincia" }, "geometry": { "type": "Point", "coordinates": [ 35.502208, 32.502297, 0.0 ] } },
{ "type": "Feature", "properties": { "OBJECTID": 350, "OBJECTID_1": 352.0, "OBJECTID_12": 1347.0, "Toponimo_Antiguo": "Sepphoris", "Toponimo_Moderno": "Saffuriyeh", "Provincia": "PALAESTINA II", "Pais": "Israel", "Categoria": "Ciudad" }, "geometry": { "type": "Point", "coordinates": [ 35.279708, 32.75354, 0.0 ] } },
{ "type": "Feature", "properties": { "OBJECTID": 351, "OBJECTID_1": 353.0, "OBJECTID_12": 1348.0, "Toponimo_Antiguo": "Tiberias", "Toponimo_Moderno": "Tabariah", "Provincia": "PALAESTINA II", "Pais": "Israel", "Categoria": "Ciudad" }, "geometry": { "type": "Point", "coordinates": [ 35.544028, 32.776226, 0.0 ] } },
{ "type": "Feature", "properties": { "OBJECTID": 352, "OBJECTID_1": 354.0, "OBJECTID_12": 1059.0, "Toponimo_Antiguo": "Aeminium", "Toponimo_Moderno": "Coimbra", "Provincia": "LUSITANIA", "Pais": "Portugal", "Categoria": "Ciudad" }, "geometry": { "type": "Point", "coordinates": [ -8.415964, 40.213267, 0.0 ] } },
{ "type": "Feature", "properties": { "OBJECTID": 353, "OBJECTID_1": 355.0, "OBJECTID_12": 1060.0, "Toponimo_Antiguo": "Augusta Emerita", "Toponimo_Moderno": "Mérida", "Provincia": "LUSITANIA", "Pais": "España", "Categoria": "Capital Diocesis" }, "geometry": { "type": "Point", "coordinates": [ -6.338496, 38.915571, 0.0 ] } },
{ "type": "Feature", "properties": { "OBJECTID": 354, "OBJECTID_1": 356.0, "OBJECTID_12": 1061.0, "Toponimo_Antiguo": "Balsa", "Toponimo_Moderno": "Tavira", "Provincia": "LUSITANIA", "Pais": "Portugal", "Categoria": "Ciudad" }, "geometry": { "type": "Point", "coordinates": [ -7.649448, 37.126277, 0.0 ] } },
{ "type": "Feature", "properties": { "OBJECTID": 355, "OBJECTID_1": 357.0, "OBJECTID_12": 1062.0, "Toponimo_Antiguo": "Caesarobriga", "Toponimo_Moderno": "Talavera de la Reina", "Provincia": "LUSITANIA", "Pais": "España", "Categoria": "Ciudad" }, "geometry": { "type": "Point", "coordinates": [ -4.832609, 39.958228, 0.0 ] } },
{ "type": "Feature", "properties": { "OBJECTID": 356, "OBJECTID_1": 358.0, "OBJECTID_12": 1063.0, "Toponimo_Antiguo": "Capera", "Toponimo_Moderno": "Cáparra", "Provincia": "LUSITANIA", "Pais": "España", "Categoria": "Ciudad" }, "geometry": { "type": "Point", "coordinates": [ -6.101091, 40.166755, 0.0 ] } },
{ "type": "Feature", "properties": { "OBJECTID": 357, "OBJECTID_1": 359.0, "OBJECTID_12": 1064.0, "Toponimo_Antiguo": "Conimbriga", "Toponimo_Moderno": "Condeixa a Velha", "Provincia": "LUSITANIA", "Pais": "Portugal", "Categoria": "Ciudad" }, "geometry": { "type": "Point", "coordinates": [ -8.494923, 40.099154, 0.0 ] } },
{ "type": "Feature", "properties": { "OBJECTID": 358, "OBJECTID_1": 360.0, "OBJECTID_12": 1065.0, "Toponimo_Antiguo": "Ebora", "Toponimo_Moderno": "Evora", "Provincia": "LUSITANIA", "Pais": "Portugal", "Categoria": "Ciudad" }, "geometry": { "type": "Point", "coordinates": [ -7.907296, 38.572638, 0.0 ] } },
{ "type": "Feature", "properties": { "OBJECTID": 359, "OBJECTID_1": 361.0, "OBJECTID_12": 1066.0, "Toponimo_Antiguo": "Egitania", "Toponimo_Moderno": "Idanha a Velha", "Provincia": "LUSITANIA", "Pais": "Portugal", "Categoria": "Ciudad" }, "geometry": { "type": "Point", "coordinates": [ -7.144524, 39.997054, 0.0 ] } },
{ "type": "Feature", "properties": { "OBJECTID": 360, "OBJECTID_1": 362.0, "OBJECTID_12": 1067.0, "Toponimo_Antiguo": "Lacimurga", "Toponimo_Moderno": "Unknown", "Provincia": "LUSITANIA", "Pais": "España", "Categoria": "Ciudad" }, "geometry": { "type": "Point", "coordinates": [ -5.461123, 39.091793, 0.0 ] } },
{ "type": "Feature", "properties": { "OBJECTID": 361, "OBJECTID_1": 363.0, "OBJECTID_12": 1068.0, "Toponimo_Antiguo": "Metellinum", "Toponimo_Moderno": "Medellín", "Provincia": "LUSITANIA", "Pais": "España", "Categoria": "Ciudad" }, "geometry": { "type": "Point", "coordinates": [ -5.958211, 38.964642, 0.0 ] } },
{ "type": "Feature", "properties": { "OBJECTID": 362, "OBJECTID_1": 364.0, "OBJECTID_12": 1069.0, "Toponimo_Antiguo": "Mirobriga", "Toponimo_Moderno": "Santiago do Cacém", "Provincia": "LUSITANIA", "Pais": "Portugal", "Categoria": "Ciudad" }, "geometry": { "type": "Point", "coordinates": [ -8.683718, 38.010169, 0.0 ] } },
{ "type": "Feature", "properties": { "OBJECTID": 363, "OBJECTID_1": 365.0, "OBJECTID_12": 1070.0, "Toponimo_Antiguo": "Myrtilis", "Toponimo_Moderno": "Mértola", "Provincia": "LUSITANIA", "Pais": "Portugal", "Categoria": "Ciudad" }, "geometry": { "type": "Point", "coordinates": [ -7.668795, 37.634902, 0.0 ] } },
{ "type": "Feature", "properties": { "OBJECTID": 364, "OBJECTID_1": 366.0, "OBJECTID_12": 1071.0, "Toponimo_Antiguo": "Norba Caesarina", "Toponimo_Moderno": "Cáceres", "Provincia": "LUSITANIA", "Pais": "España", "Categoria": "Ciudad" }, "geometry": { "type": "Point", "coordinates": [ -6.38098, 39.454368, 0.0 ] } },
{ "type": "Feature", "properties": { "OBJECTID": 365, "OBJECTID_1": 367.0, "OBJECTID_12": 1072.0, "Toponimo_Antiguo": "Olisipo", "Toponimo_Moderno": "Lisbon", "Provincia": "LUSITANIA", "Pais": "Portugal", "Categoria": "Ciudad" }, "geometry": { "type": "Point", "coordinates": [ -9.145302, 38.721227, 0.0 ] } },
{ "type": "Feature", "properties": { "OBJECTID": 366, "OBJECTID_1": 368.0, "OBJECTID_12": 1073.0, "Toponimo_Antiguo": "Ossonoba", "Toponimo_Moderno": "Faro", "Provincia": "LUSITANIA", "Pais": "Portugal", "Categoria": "Ciudad" }, "geometry": { "type": "Point", "coordinates": [ -7.935108, 37.01535, 0.0 ] } },
{ "type": "Feature", "properties": { "OBJECTID": 367, "OBJECTID_1": 369.0, "OBJECTID_12": 1074.0, "Toponimo_Antiguo": "Pax Iulia", "Toponimo_Moderno": "Beja", "Provincia": "LUSITANIA", "Pais": "Portugal", "Categoria": "Ciudad" }, "geometry": { "type": "Point", "coordinates": [ -7.865235, 38.015624, 0.0 ] } },
{ "type": "Feature", "properties": { "OBJECTID": 368, "OBJECTID_1": 370.0, "OBJECTID_12": 1075.0, "Toponimo_Antiguo": "Salacia", "Toponimo_Moderno": "Alcacer do Sal", "Provincia": "LUSITANIA", "Pais": "Portugal", "Categoria": "Ciudad" }, "geometry": { "type": "Point", "coordinates": [ -8.519503, 38.371152, 0.0 ] } },
{ "type": "Feature", "properties": { "OBJECTID": 369, "OBJECTID_1": 371.0, "OBJECTID_12": 1076.0, "Toponimo_Antiguo": "Salmantica", "Toponimo_Moderno": "Salamanca", "Provincia": "LUSITANIA", "Pais": "España", "Categoria": "Ciudad" }, "geometry": { "type": "Point", "coordinates": [ -5.663087, 40.964965, 0.0 ] } },
{ "type": "Feature", "properties": { "OBJECTID": 370, "OBJECTID_1": 372.0, "OBJECTID_12": 1077.0, "Toponimo_Antiguo": "Scallabis", "Toponimo_Moderno": "Santarem", "Provincia": "LUSITANIA", "Pais": "Portugal", "Categoria": "Ciudad" }, "geometry": { "type": "Point", "coordinates": [ -8.687059, 39.236177, 0.0 ] } },
{ "type": "Feature", "properties": { "OBJECTID": 371, "OBJECTID_1": 373.0, "OBJECTID_12": 321.0, "Toponimo_Antiguo": "Abdera", "Toponimo_Moderno": "Adra", "Provincia": "BAETICA", "Pais": "España", "Categoria": "Ciudad" }, "geometry": { "type": "Point", "coordinates": [ -3.022514, 36.748068, 0.0 ] } },
{ "type": "Feature", "properties": { "OBJECTID": 372, "OBJECTID_1": 374.0, "OBJECTID_12": 322.0, "Toponimo_Antiguo": "Acinippo", "Toponimo_Moderno": "Ronda la Vieja", "Provincia": "BAETICA", "Pais": "España", "Categoria": "Ciudad" }, "geometry": { "type": "Point", "coordinates": [ -5.240746, 36.832412, 0.0 ] } },
{ "type": "Feature", "properties": { "OBJECTID": 373, "OBJECTID_1": 375.0, "OBJECTID_12": 323.0, "Toponimo_Antiguo": "Arva", "Toponimo_Moderno": "El Castillejo", "Provincia": "BAETICA", "Pais": "España", "Categoria": "Ciudad" }, "geometry": { "type": "Point", "coordinates": [ -5.671303, 37.614174, 0.0 ] } },
{ "type": "Feature", "properties": { "OBJECTID": 374, "OBJECTID_1": 376.0, "OBJECTID_12": 324.0, "Toponimo_Antiguo": "Asidona", "Toponimo_Moderno": "Medina Sidonia", "Provincia": "BAETICA", "Pais": "España", "Categoria": "Ciudad" }, "geometry": { "type": "Point", "coordinates": [ -5.927867, 36.467791, 0.0 ] } },
{ "type": "Feature", "properties": { "OBJECTID": 375, "OBJECTID_1": 377.0, "OBJECTID_12": 325.0, "Toponimo_Antiguo": "Astigi", "Toponimo_Moderno": "Ecija", "Provincia": "BAETICA", "Pais": "España", "Categoria": "Ciudad" }, "geometry": { "type": "Point", "coordinates": [ -5.079949, 37.540932, 0.0 ] } },
{ "type": "Feature", "properties": { "OBJECTID": 376, "OBJECTID_1": 378.0, "OBJECTID_12": 326.0, "Toponimo_Antiguo": "Aurgi", "Toponimo_Moderno": "Jaen", "Provincia": "BAETICA", "Pais": "España", "Categoria": "Ciudad" }, "geometry": { "type": "Point", "coordinates": [ -3.808119, 37.791929, 0.0 ] } },
{ "type": "Feature", "properties": { "OBJECTID": 377, "OBJECTID_1": 379.0, "OBJECTID_12": 327.0, "Toponimo_Antiguo": "Axati", "Toponimo_Moderno": "Lora del Rio", "Provincia": "BAETICA", "Pais": "España", "Categoria": "Ciudad" }, "geometry": { "type": "Point", "coordinates": [ -5.526244, 37.659304, 0.0 ] } },
{ "type": "Feature", "properties": { "OBJECTID": 378, "OBJECTID_1": 380.0, "OBJECTID_12": 328.0, "Toponimo_Antiguo": "Baelo", "Toponimo_Moderno": "Bolonia", "Provincia": "BAETICA", "Pais": "España", "Categoria": "Ciudad" }, "geometry": { "type": "Point", "coordinates": [ -5.774611, 36.089886, 0.0 ] } },
{ "type": "Feature", "properties": { "OBJECTID": 379, "OBJECTID_1": 381.0, "OBJECTID_12": 329.0, "Toponimo_Antiguo": "Callet", "Toponimo_Moderno": "Tajo de Mogarejo", "Provincia": "BAETICA", "Pais": "España", "Categoria": "Ciudad" }, "geometry": { "type": "Point", "coordinates": [ -5.626201, 37.052305, 0.0 ] } },
{ "type": "Feature", "properties": { "OBJECTID": 380, "OBJECTID_1": 382.0, "OBJECTID_12": 330.0, "Toponimo_Antiguo": "Canama", "Toponimo_Moderno": "Alcolea", "Provincia": "BAETICA", "Pais": "España", "Categoria": "Ciudad" }, "geometry": { "type": "Point", "coordinates": [ -5.671334, 37.614155, 0.0 ] } },
{ "type": "Feature", "properties": { "OBJECTID": 381, "OBJECTID_1": 383.0, "OBJECTID_12": 331.0, "Toponimo_Antiguo": "Carissa", "Toponimo_Moderno": "Carija", "Provincia": "BAETICA", "Pais": "España", "Categoria": "Ciudad" }, "geometry": { "type": "Point", "coordinates": [ -5.732102, 36.877668, 0.0 ] } },
{ "type": "Feature", "properties": { "OBJECTID": 382, "OBJECTID_1": 384.0, "OBJECTID_12": 332.0, "Toponimo_Antiguo": "Carmo", "Toponimo_Moderno": "Carmona", "Provincia": "BAETICA", "Pais": "España", "Categoria": "Ciudad" }, "geometry": { "type": "Point", "coordinates": [ -5.640374, 37.471356, 0.0 ] } },
{ "type": "Feature", "properties": { "OBJECTID": 383, "OBJECTID_1": 385.0, "OBJECTID_12": 333.0, "Toponimo_Antiguo": "Carteia", "Toponimo_Moderno": "Cortijo de el Rocadillo", "Provincia": "BAETICA", "Pais": "España", "Categoria": "Ciudad" }, "geometry": { "type": "Point", "coordinates": [ -5.410359, 36.183163, 0.0 ] } },
{ "type": "Feature", "properties": { "OBJECTID": 384, "OBJECTID_1": 386.0, "OBJECTID_12": 334.0, "Toponimo_Antiguo": "Cartima", "Toponimo_Moderno": "Cartama", "Provincia": "BAETICA", "Pais": "España", "Categoria": "Ciudad" }, "geometry": { "type": "Point", "coordinates": [ -4.630741, 36.711313, 0.0 ] } },
{ "type": "Feature", "properties": { "OBJECTID": 385, "OBJECTID_1": 387.0, "OBJECTID_12": 335.0, "Toponimo_Antiguo": "Corduba", "Toponimo_Moderno": "Córdoba", "Provincia": "BAETICA", "Pais": "España", "Categoria": "Ciudad" }, "geometry": { "type": "Point", "coordinates": [ -4.78025, 37.88376, 0.0 ] } },
{ "type": "Feature", "properties": { "OBJECTID": 386, "OBJECTID_1": 388.0, "OBJECTID_12": 336.0, "Toponimo_Antiguo": "Gades", "Toponimo_Moderno": "Cádiz", "Provincia": "BAETICA", "Pais": "España", "Categoria": "Ciudad" }, "geometry": { "type": "Point", "coordinates": [ -6.292409, 36.529942, 0.0 ] } },
{ "type": "Feature", "properties": { "OBJECTID": 387, "OBJECTID_1": 389.0, "OBJECTID_12": 337.0, "Toponimo_Antiguo": "Hasta Regia", "Toponimo_Moderno": "Mesas de Asta", "Provincia": "BAETICA", "Pais": "España", "Categoria": "Ciudad" }, "geometry": { "type": "Point", "coordinates": [ -6.178359945999944, 36.787972350000075, 0.0 ] } },
{ "type": "Feature", "properties": { "OBJECTID": 388, "OBJECTID_1": 390.0, "OBJECTID_12": 338.0, "Toponimo_Antiguo": "Hispalis", "Toponimo_Moderno": "Seville", "Provincia": "BAETICA", "Pais": "España", "Categoria": "Capital Provincia" }, "geometry": { "type": "Point", "coordinates": [ -5.996676, 37.394112, 0.0 ] } },
{ "type": "Feature", "properties": { "OBJECTID": 389, "OBJECTID_1": 391.0, "OBJECTID_12": 339.0, "Toponimo_Antiguo": "Ilipa", "Toponimo_Moderno": "Alcalá del Río", "Provincia": "BAETICA", "Pais": "España", "Categoria": "Ciudad" }, "geometry": { "type": "Point", "coordinates": [ -5.978254, 37.518215, 0.0 ] } },
{ "type": "Feature", "properties": { "OBJECTID": 390, "OBJECTID_1": 392.0, "OBJECTID_12": 340.0, "Toponimo_Antiguo": "Iliturgi", "Toponimo_Moderno": "Mengíbar", "Provincia": "BAETICA", "Pais": "España", "Categoria": "Ciudad" }, "geometry": { "type": "Point", "coordinates": [ -3.80883, 37.968343, 0.0 ] } },
{ "type": "Feature", "properties": { "OBJECTID": 391, "OBJECTID_1": 393.0, "OBJECTID_12": 341.0, "Toponimo_Antiguo": "Illiberi", "Toponimo_Moderno": "Elvira", "Provincia": "BAETICA", "Pais": "España", "Categoria": "Ciudad" }, "geometry": { "type": "Point", "coordinates": [ -3.597934, 37.176484, 0.0 ] } },
{ "type": "Feature", "properties": { "OBJECTID": 392, "OBJECTID_1": 394.0, "OBJECTID_12": 342.0, "Toponimo_Antiguo": "Iluro", "Toponimo_Moderno": "Mataró", "Provincia": "BAETICA", "Pais": "España", "Categoria": "Ciudad" }, "geometry": { "type": "Point", "coordinates": [ -4.706673, 36.822609, 0.0 ] } },
{ "type": "Feature", "properties": { "OBJECTID": 393, "OBJECTID_1": 395.0, "OBJECTID_12": 343.0, "Toponimo_Antiguo": "Iptuci", "Toponimo_Moderno": "Torreparedones", "Provincia": "BAETICA", "Pais": "España", "Categoria": "Ciudad" }, "geometry": { "type": "Point", "coordinates": [ -4.377602, 37.755932, 0.0 ] } },
{ "type": "Feature", "properties": { "OBJECTID": 394, "OBJECTID_1": 396.0, "OBJECTID_12": 344.0, "Toponimo_Antiguo": "Irni", "Toponimo_Moderno": "Molino del Postero", "Provincia": "BAETICA", "Pais": "España", "Categoria": "Ciudad" }, "geometry": { "type": "Point", "coordinates": [ -5.108907, 37.050024, 0.0 ] } },
{ "type": "Feature", "properties": { "OBJECTID": 395, "OBJECTID_1": 397.0, "OBJECTID_12": 345.0, "Toponimo_Antiguo": "Isturgi", "Toponimo_Moderno": "Andújar", "Provincia": "BAETICA", "Pais": "España", "Categoria": "Ciudad" }, "geometry": { "type": "Point", "coordinates": [ -4.022437, 38.030217, 0.0 ] } },
{ "type": "Feature", "properties": { "OBJECTID": 396, "OBJECTID_1": 398.0, "OBJECTID_12": 346.0, "Toponimo_Antiguo": "Italica", "Toponimo_Moderno": "Santiponce", "Provincia": "BAETICA", "Pais": "España", "Categoria": "Ciudad" }, "geometry": { "type": "Point", "coordinates": [ -6.044856, 37.44111, 0.0 ] } },
{ "type": "Feature", "properties": { "OBJECTID": 397, "OBJECTID_1": 399.0, "OBJECTID_12": 347.0, "Toponimo_Antiguo": "Iulia Traducta", "Toponimo_Moderno": "Algericas", "Provincia": "BAETICA", "Pais": "España", "Categoria": "Ciudad" }, "geometry": { "type": "Point", "coordinates": [ -5.447744, 36.129768, 0.0 ] } },
{ "type": "Feature", "properties": { "OBJECTID": 398, "OBJECTID_1": 400.0, "OBJECTID_12": 348.0, "Toponimo_Antiguo": "Laepia", "Toponimo_Moderno": "Rio de las Piedras?", "Provincia": "BAETICA", "Pais": "España", "Categoria": "Ciudad" }, "geometry": { "type": "Point", "coordinates": [ -6.106487, 36.695801, 0.0 ] } },
{ "type": "Feature", "properties": { "OBJECTID": 399, "OBJECTID_1": 401.0, "OBJECTID_12": 349.0, "Toponimo_Antiguo": "Lucurgentum", "Toponimo_Moderno": "Moron de la Frontera", "Provincia": "BAETICA", "Pais": "España", "Categoria": "Ciudad" }, "geometry": { "type": "Point", "coordinates": [ -5.451969, 37.122328, 0.0 ] } },
{ "type": "Feature", "properties": { "OBJECTID": 400, "OBJECTID_1": 402.0, "OBJECTID_12": 351.0, "Toponimo_Antiguo": "Munigua", "Toponimo_Moderno": "Mulva", "Provincia": "BAETICA", "Pais": "España", "Categoria": "Ciudad" }, "geometry": { "type": "Point", "coordinates": [ -5.740734, 37.713343, 0.0 ] } },
{ "type": "Feature", "properties": { "OBJECTID": 401, "OBJECTID_1": 403.0, "OBJECTID_12": 352.0, "Toponimo_Antiguo": "Nabrissa", "Toponimo_Moderno": "Lebrija", "Provincia": "BAETICA", "Pais": "España", "Categoria": "Ciudad" }, "geometry": { "type": "Point", "coordinates": [ -6.078402, 36.919505, 0.0 ] } },
{ "type": "Feature", "properties": { "OBJECTID": 402, "OBJECTID_1": 404.0, "OBJECTID_12": 353.0, "Toponimo_Antiguo": "Nertobriga", "Toponimo_Moderno": "Unknown", "Provincia": "BAETICA", "Pais": "España", "Categoria": "Ciudad" }, "geometry": { "type": "Point", "coordinates": [ -6.651443, 38.164818, 0.0 ] } },
{ "type": "Feature", "properties": { "OBJECTID": 403, "OBJECTID_1": 405.0, "OBJECTID_12": 354.0, "Toponimo_Antiguo": "Obulco", "Toponimo_Moderno": "Procuna", "Provincia": "BAETICA", "Pais": "España", "Categoria": "Ciudad" }, "geometry": { "type": "Point", "coordinates": [ -4.184754, 37.870867, 0.0 ] } },
{ "type": "Feature", "properties": { "OBJECTID": 404, "OBJECTID_1": 406.0, "OBJECTID_12": 355.0, "Toponimo_Antiguo": "Orippo", "Toponimo_Moderno": "Torre de los Herberos", "Provincia": "BAETICA", "Pais": "España", "Categoria": "Ciudad" }, "geometry": { "type": "Point", "coordinates": [ -5.98242, 37.28064, 0.0 ] } },
{ "type": "Feature", "properties": { "OBJECTID": 405, "OBJECTID_1": 407.0, "OBJECTID_12": 356.0, "Toponimo_Antiguo": "Osset", "Toponimo_Moderno": "S. Juan de Aznalfarache", "Provincia": "BAETICA", "Pais": "España", "Categoria": "Ciudad" }, "geometry": { "type": "Point", "coordinates": [ -6.035436, 37.358375, 0.0 ] } },
{ "type": "Feature", "properties": { "OBJECTID": 406, "OBJECTID_1": 408.0, "OBJECTID_12": 357.0, "Toponimo_Antiguo": "Regina", "Toponimo_Moderno": "Reina", "Provincia": "BAETICA", "Pais": "España", "Categoria": "Ciudad" }, "geometry": { "type": "Point", "coordinates": [ -5.949533, 38.187457, 0.0 ] } },
{ "type": "Feature", "properties": { "OBJECTID": 407, "OBJECTID_1": 409.0, "OBJECTID_12": 358.0, "Toponimo_Antiguo": "Sacili", "Toponimo_Moderno": "Alcorrucen", "Provincia": "BAETICA", "Pais": "España", "Categoria": "Ciudad" }, "geometry": { "type": "Point", "coordinates": [ -4.507161, 38.005797, 0.0 ] } },
{ "type": "Feature", "properties": { "OBJECTID": 408, "OBJECTID_1": 410.0, "OBJECTID_12": 359.0, "Toponimo_Antiguo": "Salpensa", "Toponimo_Moderno": "Cortijo de la Coria", "Provincia": "BAETICA", "Pais": "España", "Categoria": "Ciudad" }, "geometry": { "type": "Point", "coordinates": [ -5.781537, 37.181513, 0.0 ] } },
{ "type": "Feature", "properties": { "OBJECTID": 409, "OBJECTID_1": 411.0, "OBJECTID_12": 360.0, "Toponimo_Antiguo": "Segida", "Toponimo_Moderno": "Unknown", "Provincia": "BAETICA", "Pais": "España", "Categoria": "Ciudad" }, "geometry": { "type": "Point", "coordinates": [ -6.589301, 38.378494, 0.0 ] } },
{ "type": "Feature", "properties": { "OBJECTID": 410, "OBJECTID_1": 412.0, "OBJECTID_12": 361.0, "Toponimo_Antiguo": "Seria", "Toponimo_Moderno": "Jerez de los Caballeros", "Provincia": "BAETICA", "Pais": "España", "Categoria": "Ciudad" }, "geometry": { "type": "Point", "coordinates": [ -6.771094, 38.319329, 0.0 ] } },
{ "type": "Feature", "properties": { "OBJECTID": 411, "OBJECTID_1": 413.0, "OBJECTID_12": 362.0, "Toponimo_Antiguo": "Sexi", "Toponimo_Moderno": "Almuñécar", "Provincia": "BAETICA", "Pais": "España", "Categoria": "Ciudad" }, "geometry": { "type": "Point", "coordinates": [ -3.690736, 36.73454, 0.0 ] } },
{ "type": "Feature", "properties": { "OBJECTID": 412, "OBJECTID_1": 414.0, "OBJECTID_12": 363.0, "Toponimo_Antiguo": "Siarum", "Toponimo_Moderno": "Torre del Aguila", "Provincia": "BAETICA", "Pais": "España", "Categoria": "Ciudad" }, "geometry": { "type": "Point", "coordinates": [ -5.751603, 37.052397, 0.0 ] } },
{ "type": "Feature", "properties": { "OBJECTID": 413, "OBJECTID_1": 415.0, "OBJECTID_12": 364.0, "Toponimo_Antiguo": "Antikaria", "Toponimo_Moderno": "Antequera", "Provincia": "BAETICA", "Pais": "España", "Categoria": "Ciudad" }, "geometry": { "type": "Point", "coordinates": [ -4.551184776999946, 37.015297890000056, 0.0 ] } },
{ "type": "Feature", "properties": { "OBJECTID": 414, "OBJECTID_1": 416.0, "OBJECTID_12": 365.0, "Toponimo_Antiguo": "Suel", "Toponimo_Moderno": "Fuengirola", "Provincia": "BAETICA", "Pais": "España", "Categoria": "Ciudad" }, "geometry": { "type": "Point", "coordinates": [ -4.628919, 36.525435, 0.0 ] } },
{ "type": "Feature", "properties": { "OBJECTID": 415, "OBJECTID_1": 417.0, "OBJECTID_12": 366.0, "Toponimo_Antiguo": "Tucci", "Toponimo_Moderno": "Martos", "Provincia": "BAETICA", "Pais": "España", "Categoria": "Ciudad" }, "geometry": { "type": "Point", "coordinates": [ -3.966243, 37.722761, 0.0 ] } },
{ "type": "Feature", "properties": { "OBJECTID": 416, "OBJECTID_1": 418.0, "OBJECTID_12": 367.0, "Toponimo_Antiguo": "Ucubi", "Toponimo_Moderno": "Espejo", "Provincia": "BAETICA", "Pais": "España", "Categoria": "Ciudad" }, "geometry": { "type": "Point", "coordinates": [ -4.552369, 37.682102, 0.0 ] } },
{ "type": "Feature", "properties": { "OBJECTID": 417, "OBJECTID_1": 419.0, "OBJECTID_12": 368.0, "Toponimo_Antiguo": "Ugia", "Toponimo_Moderno": "Torres de Alhocaz", "Provincia": "BAETICA", "Pais": "España", "Categoria": "Ciudad" }, "geometry": { "type": "Point", "coordinates": [ -5.83028, 36.98944, 0.0 ] } },
{ "type": "Feature", "properties": { "OBJECTID": 418, "OBJECTID_1": 420.0, "OBJECTID_12": 369.0, "Toponimo_Antiguo": "Ugultunia", "Toponimo_Moderno": "Unknown", "Provincia": "BAETICA", "Pais": "España", "Categoria": "Ciudad" }, "geometry": { "type": "Point", "coordinates": [ -6.411544, 38.343551, 0.0 ] } },
{ "type": "Feature", "properties": { "OBJECTID": 419, "OBJECTID_1": 421.0, "OBJECTID_12": 370.0, "Toponimo_Antiguo": "Ulia", "Toponimo_Moderno": "Monte Mayor", "Provincia": "BAETICA", "Pais": "España", "Categoria": "Ciudad" }, "geometry": { "type": "Point", "coordinates": [ -4.69889, 37.648657, 0.0 ] } },
{ "type": "Feature", "properties": { "OBJECTID": 420, "OBJECTID_1": 422.0, "OBJECTID_12": 371.0, "Toponimo_Antiguo": "Urgao", "Toponimo_Moderno": "Arjona", "Provincia": "BAETICA", "Pais": "España", "Categoria": "Ciudad" }, "geometry": { "type": "Point", "coordinates": [ -4.054925, 37.93645, 0.0 ] } },
{ "type": "Feature", "properties": { "OBJECTID": 421, "OBJECTID_1": 423.0, "OBJECTID_12": 372.0, "Toponimo_Antiguo": "Urso", "Toponimo_Moderno": "Osuna", "Provincia": "BAETICA", "Pais": "España", "Categoria": "Ciudad" }, "geometry": { "type": "Point", "coordinates": [ -5.103412, 37.237271, 0.0 ] } },
{ "type": "Feature", "properties": { "OBJECTID": 422, "OBJECTID_1": 424.0, "OBJECTID_12": 1381.0, "Toponimo_Antiguo": "Onuba", "Toponimo_Moderno": "Huelva", "Provincia": "BAETICA", "Pais": "España", "Categoria": "Ciudad" }, "geometry": { "type": "Point", "coordinates": [ -6.949713, 37.257074, 0.0 ] } },
{ "type": "Feature", "properties": { "OBJECTID": 423, "OBJECTID_1": 425.0, "OBJECTID_12": 1450.0, "Toponimo_Antiguo": "Urci", "Toponimo_Moderno": "Villaricos", "Provincia": "CARTHAGINIENSIS", "Pais": "España", "Categoria": "Ciudad" }, "geometry": { "type": "Point", "coordinates": [ -1.773844586999928, 37.247628140000074, 0.0 ] } },
{ "type": "Feature", "properties": { "OBJECTID": 424, "OBJECTID_1": 426.0, "OBJECTID_12": 568.0, "Toponimo_Antiguo": "Augusta Ambianorum", "Toponimo_Moderno": "Amiens", "Provincia": "BELGICA II", "Pais": "Francia", "Categoria": "Ciudad" }, "geometry": { "type": "Point", "coordinates": [ 1.463654, 50.021589, 0.0 ] } },
{ "type": "Feature", "properties": { "OBJECTID": 425, "OBJECTID_1": 427.0, "OBJECTID_12": 569.0, "Toponimo_Antiguo": "Augusta Suessionum", "Toponimo_Moderno": "Soissons", "Provincia": "BELGICA II", "Pais": "Francia", "Categoria": "Ciudad" }, "geometry": { "type": "Point", "coordinates": [ 3.325383, 49.380886, 0.0 ] } },
{ "type": "Feature", "properties": { "OBJECTID": 426, "OBJECTID_1": 428.0, "OBJECTID_12": 570.0, "Toponimo_Antiguo": "Augusta Viromanduorum", "Toponimo_Moderno": "S. Quentin", "Provincia": "BELGICA II", "Pais": "Francia", "Categoria": "Ciudad" }, "geometry": { "type": "Point", "coordinates": [ 3.287121, 49.845334, 0.0 ] } },
{ "type": "Feature", "properties": { "OBJECTID": 427, "OBJECTID_1": 429.0, "OBJECTID_12": 571.0, "Toponimo_Antiguo": "Bagacum", "Toponimo_Moderno": "Bavai", "Provincia": "BELGICA II", "Pais": "Francia", "Categoria": "Ciudad" }, "geometry": { "type": "Point", "coordinates": [ 3.798889, 50.298056, 0.0 ] } },
{ "type": "Feature", "properties": { "OBJECTID": 428, "OBJECTID_1": 430.0, "OBJECTID_12": 573.0, "Toponimo_Antiguo": "Caesaromagus", "Toponimo_Moderno": "Beauvais", "Provincia": "BELGICA II", "Pais": "Reino Unido", "Categoria": "Ciudad" }, "geometry": { "type": "Point", "coordinates": [ 2.08241, 49.430233, 0.0 ] } },
{ "type": "Feature", "properties": { "OBJECTID": 429, "OBJECTID_1": 431.0, "OBJECTID_12": 574.0, "Toponimo_Antiguo": "Camaracum", "Toponimo_Moderno": "Cambrai", "Provincia": "BELGICA II", "Pais": "Francia", "Categoria": "Ciudad" }, "geometry": { "type": "Point", "coordinates": [ 3.234282, 50.175165, 0.0 ] } },
{ "type": "Feature", "properties": { "OBJECTID": 430, "OBJECTID_1": 432.0, "OBJECTID_12": 578.0, "Toponimo_Antiguo": "Durocortorum", "Toponimo_Moderno": "Reims", "Provincia": "BELGICA II", "Pais": "Francia", "Categoria": "Capital Provincia" }, "geometry": { "type": "Point", "coordinates": [ 4.033091, 49.256602, 0.0 ] } },
{ "type": "Feature", "properties": { "OBJECTID": 431, "OBJECTID_1": 433.0, "OBJECTID_12": 579.0, "Toponimo_Antiguo": "Fanum Martis", "Toponimo_Moderno": "Corseul", "Provincia": "BELGICA II", "Pais": "Francia", "Categoria": "Ciudad" }, "geometry": { "type": "Point", "coordinates": [ 3.517835, 50.311862, 0.0 ] } },
{ "type": "Feature", "properties": { "OBJECTID": 432, "OBJECTID_1": 434.0, "OBJECTID_12": 581.0, "Toponimo_Antiguo": "Nemetacum", "Toponimo_Moderno": "Arras", "Provincia": "BELGICA II", "Pais": "Francia", "Categoria": "Ciudad" }, "geometry": { "type": "Point", "coordinates": [ 2.780742, 50.289319, 0.0 ] } },
{ "type": "Feature", "properties": { "OBJECTID": 433, "OBJECTID_1": 435.0, "OBJECTID_12": 583.0, "Toponimo_Antiguo": "Tarvenna", "Toponimo_Moderno": "Therouanne", "Provincia": "BELGICA II", "Pais": "Francia", "Categoria": "Ciudad" }, "geometry": { "type": "Point", "coordinates": [ 2.258715, 50.637943, 0.0 ] } },
{ "type": "Feature", "properties": { "OBJECTID": 434, "OBJECTID_1": 436.0, "OBJECTID_12": 592.0, "Toponimo_Antiguo": "Augustomagus", "Toponimo_Moderno": "Senlis", "Provincia": "BELGICA II", "Pais": "Francia", "Categoria": "Ciudad" }, "geometry": { "type": "Point", "coordinates": [ 2.586016, 49.206826, 0.0 ] } },
{ "type": "Feature", "properties": { "OBJECTID": 435, "OBJECTID_1": 437.0, "OBJECTID_12": 1439.0, "Toponimo_Antiguo": "Gesoriacum", "Toponimo_Moderno": "Bolougne sur Mer", "Provincia": "BELGICA II", "Pais": "Francia", "Categoria": "Ciudad" }, "geometry": { "type": "Point", "coordinates": [ 1.59975656000006, 50.720586984000079, 0.0 ] } },
{ "type": "Feature", "properties": { "OBJECTID": 436, "OBJECTID_1": 438.0, "OBJECTID_12": 1440.0, "Toponimo_Antiguo": "Tornacum", "Toponimo_Moderno": "Tournai", "Provincia": "BELGICA II", "Pais": "Belgica", "Categoria": "Ciudad" }, "geometry": { "type": "Point", "coordinates": [ 3.391798562000076, 50.60624415500007, 0.0 ] } },
{ "type": "Feature", "properties": { "OBJECTID": 437, "OBJECTID_1": 439.0, "OBJECTID_12": 1441.0, "Toponimo_Antiguo": "Samarobriva", "Toponimo_Moderno": "Amiens", "Provincia": "BELGICA II", "Pais": "Francia", "Categoria": "Ciudad" }, "geometry": { "type": "Point", "coordinates": [ 2.293652723000037, 49.894174399000065, 0.0 ] } },
{ "type": "Feature", "properties": { "OBJECTID": 438, "OBJECTID_1": 440.0, "OBJECTID_12": 1442.0, "Toponimo_Antiguo": "Cortoriacum", "Toponimo_Moderno": "Kortrijk", "Provincia": "BELGICA II", "Pais": "Belgica", "Categoria": "Ciudad" }, "geometry": { "type": "Point", "coordinates": [ 3.261695560000021, 50.82334178800005, 0.0 ] } },
{ "type": "Feature", "properties": { "OBJECTID": 439, "OBJECTID_1": 441.0, "OBJECTID_12": 1443.0, "Toponimo_Antiguo": "Assche", "Toponimo_Moderno": "Asse", "Provincia": "BELGICA II", "Pais": "Belgica", "Categoria": "Ciudad" }, "geometry": { "type": "Point", "coordinates": [ 4.19885, 50.90821, 0.0 ] } },
{ "type": "Feature", "properties": { "OBJECTID": 440, "OBJECTID_1": 442.0, "OBJECTID_12": 507.0, "Toponimo_Antiguo": "Butua", "Toponimo_Moderno": "Budva", "Provincia": "PRAEVALITANA", "Pais": "Montenegro", "Categoria": "Ciudad" }, "geometry": { "type": "Point", "coordinates": [ 18.8425, 42.288056, 0.0 ] } },
{ "type": "Feature", "properties": { "OBJECTID": 441, "OBJECTID_1": 443.0, "OBJECTID_12": 514.0, "Toponimo_Antiguo": "Doclea", "Toponimo_Moderno": "Dukljia", "Provincia": "PRAEVALITANA", "Pais": "Montenegro", "Categoria": "Capital Provincia" }, "geometry": { "type": "Point", "coordinates": [ 19.265596, 42.468229, 0.0 ] } },
{ "type": "Feature", "properties": { "OBJECTID": 442, "OBJECTID_1": 444.0, "OBJECTID_12": 521.0, "Toponimo_Antiguo": "Lissus", "Toponimo_Moderno": "Lezhë", "Provincia": "PRAEVALITANA", "Pais": "Albania", "Categoria": "Ciudad" }, "geometry": { "type": "Point", "coordinates": [ 19.64367, 41.785984, 0.0 ] } },
{ "type": "Feature", "properties": { "OBJECTID": 443, "OBJECTID_1": 445.0, "OBJECTID_12": 526.0, "Toponimo_Antiguo": "Municipium S…", "Toponimo_Moderno": "Komini", "Provincia": "PRAEVALITANA", "Pais": "Montenegro", "Categoria": "Ciudad" }, "geometry": { "type": "Point", "coordinates": [ 19.358333, 43.356667, 0.0 ] } },
{ "type": "Feature", "properties": { "OBJECTID": 444, "OBJECTID_1": 446.0, "OBJECTID_12": 530.0, "Toponimo_Antiguo": "Olcinium", "Toponimo_Moderno": "Ulcinj", "Provincia": "PRAEVALITANA", "Pais": "Montenegro", "Categoria": "Ciudad" }, "geometry": { "type": "Point", "coordinates": [ 19.24132, 41.921288, 0.0 ] } },
{ "type": "Feature", "properties": { "OBJECTID": 445, "OBJECTID_1": 447.0, "OBJECTID_12": 539.0, "Toponimo_Antiguo": "Scodra", "Toponimo_Moderno": "Shkodër", "Provincia": "PRAEVALITANA", "Pais": "Albania", "Categoria": "Ciudad" }, "geometry": { "type": "Point", "coordinates": [ 19.522997, 42.066252, 0.0 ] } },
{ "type": "Feature", "properties": { "OBJECTID": 446, "OBJECTID_1": 448.0, "OBJECTID_12": 1128.0, "Toponimo_Antiguo": "Amantia", "Toponimo_Moderno": "Klos", "Provincia": "EPIRUS NOVA", "Pais": "Albania", "Categoria": "Ciudad" }, "geometry": { "type": "Point", "coordinates": [ 19.61777, 40.467945, 0.0 ] } },
{ "type": "Feature", "properties": { "OBJECTID": 447, "OBJECTID_1": 449.0, "OBJECTID_12": 1130.0, "Toponimo_Antiguo": "Apollonia", "Toponimo_Moderno": "Pojani", "Provincia": "EPIRUS NOVA", "Pais": "Albania", "Categoria": "Ciudad" }, "geometry": { "type": "Point", "coordinates": [ 19.474947, 40.741347, 0.0 ] } },
{ "type": "Feature", "properties": { "OBJECTID": 448, "OBJECTID_1": 450.0, "OBJECTID_12": 1132.0, "Toponimo_Antiguo": "Byllis", "Toponimo_Moderno": "Gradisht", "Provincia": "EPIRUS NOVA", "Pais": "Albania", "Categoria": "Ciudad" }, "geometry": { "type": "Point", "coordinates": [ 19.739266, 40.538262, 0.0 ] } },
{ "type": "Feature", "properties": { "OBJECTID": 449, "OBJECTID_1": 451.0, "OBJECTID_12": 1135.0, "Toponimo_Antiguo": "Dyrrachium", "Toponimo_Moderno": "Durrës", "Provincia": "EPIRUS NOVA", "Pais": "Albania", "Categoria": "Capital Provincia" }, "geometry": { "type": "Point", "coordinates": [ 19.456811, 41.327377, 0.0 ] } },
{ "type": "Feature", "properties": { "OBJECTID": 450, "OBJECTID_1": 452.0, "OBJECTID_12": 1464.0, "Toponimo_Antiguo": "Scampa", "Toponimo_Moderno": "Elbasan", "Provincia": "EPIRUS NOVA", "Pais": "Albania", "Categoria": "Ciudad" }, "geometry": { "type": "Point", "coordinates": [ 20.07864, 41.11564, 0.0 ] } },
{ "type": "Feature", "properties": { "OBJECTID": 451, "OBJECTID_1": 453.0, "OBJECTID_12": 1147.0, "Toponimo_Antiguo": "Aquae Calidae", "Toponimo_Moderno": "Hammam Righa", "Provincia": "MAURETANIA CAESARIENSIS", "Pais": "Argelia", "Categoria": "Ciudad" }, "geometry": { "type": "Point", "coordinates": [ 2.393876, 36.380242, 0.0 ] } },
{ "type": "Feature", "properties": { "OBJECTID": 452, "OBJECTID_1": 454.0, "OBJECTID_12": 1148.0, "Toponimo_Antiguo": "Arsennaria", "Toponimo_Moderno": "Sidi bou Ras", "Provincia": "MAURETANIA CAESARIENSIS", "Pais": "Argelia", "Categoria": "Ciudad" }, "geometry": { "type": "Point", "coordinates": [ 0.873111, 36.334326, 0.0 ] } },
{ "type": "Feature", "properties": { "OBJECTID": 453, "OBJECTID_1": 455.0, "OBJECTID_12": 1149.0, "Toponimo_Antiguo": "Auzia", "Toponimo_Moderno": "Aumale", "Provincia": "MAURETANIA CAESARIENSIS", "Pais": "Argelia", "Categoria": "Ciudad" }, "geometry": { "type": "Point", "coordinates": [ 3.689949, 36.145619, 0.0 ] } },
{ "type": "Feature", "properties": { "OBJECTID": 454, "OBJECTID_1": 456.0, "OBJECTID_12": 1150.0, "Toponimo_Antiguo": "Bida", "Toponimo_Moderno": "Djemaa Saharidj", "Provincia": "MAURETANIA CAESARIENSIS", "Pais": "Argelia", "Categoria": "Ciudad" }, "geometry": { "type": "Point", "coordinates": [ 4.289191, 36.683267, 0.0 ] } },
{ "type": "Feature", "properties": { "OBJECTID": 455, "OBJECTID_1": 457.0, "OBJECTID_12": 1151.0, "Toponimo_Antiguo": "Cartenna", "Toponimo_Moderno": "Ténès", "Provincia": "MAURETANIA CAESARIENSIS", "Pais": "Argelia", "Categoria": "Ciudad" }, "geometry": { "type": "Point", "coordinates": [ 1.307598, 36.510418, 0.0 ] } },
{ "type": "Feature", "properties": { "OBJECTID": 456, "OBJECTID_1": 458.0, "OBJECTID_12": 1155.0, "Toponimo_Antiguo": "Gunugu", "Toponimo_Moderno": "Sidi Brahim", "Provincia": "MAURETANIA CAESARIENSIS", "Pais": "Argelia", "Categoria": "Ciudad" }, "geometry": { "type": "Point", "coordinates": [ 1.9056, 36.571558, 0.0 ] } },
{ "type": "Feature", "properties": { "OBJECTID": 457, "OBJECTID_1": 459.0, "OBJECTID_12": 1156.0, "Toponimo_Antiguo": "Icosium", "Toponimo_Moderno": "Algiers", "Provincia": "MAURETANIA CAESARIENSIS", "Pais": "Argelia", "Categoria": "Ciudad" }, "geometry": { "type": "Point", "coordinates": [ 3.049726, 36.766025, 0.0 ] } },
{ "type": "Feature", "properties": { "OBJECTID": 458, "OBJECTID_1": 460.0, "OBJECTID_12": 1158.0, "Toponimo_Antiguo": "Caesarea", "Toponimo_Moderno": "Cherchell", "Provincia": "MAURETANIA CAESARIENSIS", "Pais": "Argelia", "Categoria": "Capital Provincia" }, "geometry": { "type": "Point", "coordinates": [ 2.188806, 36.606415, 0.0 ] } },
{ "type": "Feature", "properties": { "OBJECTID": 459, "OBJECTID_1": 461.0, "OBJECTID_12": 1159.0, "Toponimo_Antiguo": "Iomnium", "Toponimo_Moderno": "Tigzirt", "Provincia": "MAURETANIA CAESARIENSIS", "Pais": "Argelia", "Categoria": "Ciudad" }, "geometry": { "type": "Point", "coordinates": [ 4.125565, 36.891971, 0.0 ] } },
{ "type": "Feature", "properties": { "OBJECTID": 460, "OBJECTID_1": 462.0, "OBJECTID_12": 1163.0, "Toponimo_Antiguo": "Oppidum Novum", "Toponimo_Moderno": "Aïn Defla", "Provincia": "MAURETANIA CAESARIENSIS", "Pais": "Argelia", "Categoria": "Ciudad" }, "geometry": { "type": "Point", "coordinates": [ 1.965443, 36.257137, 0.0 ] } },
{ "type": "Feature", "properties": { "OBJECTID": 461, "OBJECTID_1": 463.0, "OBJECTID_12": 1164.0, "Toponimo_Antiguo": "Portus Magnus", "Toponimo_Moderno": "Arzew", "Provincia": "MAURETANIA CAESARIENSIS", "Pais": "Argelia", "Categoria": "Ciudad" }, "geometry": { "type": "Point", "coordinates": [ -0.266018, 35.807917, 0.0 ] } },
{ "type": "Feature", "properties": { "OBJECTID": 462, "OBJECTID_1": 464.0, "OBJECTID_12": 1165.0, "Toponimo_Antiguo": "Quiza", "Toponimo_Moderno": "El Bénian", "Provincia": "MAURETANIA CAESARIENSIS", "Pais": "Argelia", "Categoria": "Ciudad" }, "geometry": { "type": "Point", "coordinates": [ 0.241679, 36.02993, 0.0 ] } },
{ "type": "Feature", "properties": { "OBJECTID": 463, "OBJECTID_1": 465.0, "OBJECTID_12": 1166.0, "Toponimo_Antiguo": "Rapidum", "Toponimo_Moderno": "Sour Djouab", "Provincia": "MAURETANIA CAESARIENSIS", "Pais": "Argelia", "Categoria": "Ciudad" }, "geometry": { "type": "Point", "coordinates": [ 3.421825, 36.136435, 0.0 ] } },
{ "type": "Feature", "properties": { "OBJECTID": 464, "OBJECTID_1": 466.0, "OBJECTID_12": 1167.0, "Toponimo_Antiguo": "Rusazus", "Toponimo_Moderno": "Azeffoun", "Provincia": "MAURETANIA CAESARIENSIS", "Pais": "Argelia", "Categoria": "Ciudad" }, "geometry": { "type": "Point", "coordinates": [ 4.422655, 36.893992, 0.0 ] } },
{ "type": "Feature", "properties": { "OBJECTID": 465, "OBJECTID_1": 467.0, "OBJECTID_12": 1168.0, "Toponimo_Antiguo": "Rusguniae", "Toponimo_Moderno": "Tementfoust", "Provincia": "MAURETANIA CAESARIENSIS", "Pais": "Argelia", "Categoria": "Ciudad" }, "geometry": { "type": "Point", "coordinates": [ 3.235522, 36.810022, 0.0 ] } },
{ "type": "Feature", "properties": { "OBJECTID": 466, "OBJECTID_1": 468.0, "OBJECTID_12": 1169.0, "Toponimo_Antiguo": "Rusippisir", "Toponimo_Moderno": "Taksebt", "Provincia": "MAURETANIA CAESARIENSIS", "Pais": "Argelia", "Categoria": "Ciudad" }, "geometry": { "type": "Point", "coordinates": [ 4.174236, 36.900733, 0.0 ] } },
{ "type": "Feature", "properties": { "OBJECTID": 467, "OBJECTID_1": 469.0, "OBJECTID_12": 1170.0, "Toponimo_Antiguo": "Rusuccuru", "Toponimo_Moderno": "Dellys?", "Provincia": "MAURETANIA CAESARIENSIS", "Pais": "Argelia", "Categoria": "Ciudad" }, "geometry": { "type": "Point", "coordinates": [ 3.9141, 36.916, 0.0 ] } },
{ "type": "Feature", "properties": { "OBJECTID": 468, "OBJECTID_1": 470.0, "OBJECTID_12": 1172.0, "Toponimo_Antiguo": "Siga", "Toponimo_Moderno": "Takembrit", "Provincia": "MAURETANIA CAESARIENSIS", "Pais": "Argelia", "Categoria": "Ciudad" }, "geometry": { "type": "Point", "coordinates": [ -1.451732, 35.252924, 0.0 ] } },
{ "type": "Feature", "properties": { "OBJECTID": 469, "OBJECTID_1": 471.0, "OBJECTID_12": 1174.0, "Toponimo_Antiguo": "Tigava", "Toponimo_Moderno": "El Kherba", "Provincia": "MAURETANIA CAESARIENSIS", "Pais": "Argelia", "Categoria": "Ciudad" }, "geometry": { "type": "Point", "coordinates": [ 1.651388, 36.231943, 0.0 ] } },
{ "type": "Feature", "properties": { "OBJECTID": 470, "OBJECTID_1": 472.0, "OBJECTID_12": 1175.0, "Toponimo_Antiguo": "Tipasa", "Toponimo_Moderno": "Tipaza", "Provincia": "MAURETANIA CAESARIENSIS", "Pais": "Argelia", "Categoria": "Ciudad" }, "geometry": { "type": "Point", "coordinates": [ 2.4456, 36.5914, 0.0 ] } },
{ "type": "Feature", "properties": { "OBJECTID": 471, "OBJECTID_1": 473.0, "OBJECTID_12": 1178.0, "Toponimo_Antiguo": "Zucchabar", "Toponimo_Moderno": "Miliana", "Provincia": "MAURETANIA CAESARIENSIS", "Pais": "Argelia", "Categoria": "Ciudad" }, "geometry": { "type": "Point", "coordinates": [ 2.226763, 36.304491, 0.0 ] } },
{ "type": "Feature", "properties": { "OBJECTID": 472, "OBJECTID_1": 474.0, "OBJECTID_12": 1390.0, "Toponimo_Antiguo": "Tingaria", "Toponimo_Moderno": "Tiaret", "Provincia": "MAURETANIA CAESARIENSIS", "Pais": "Argelia", "Categoria": "Ciudad" }, "geometry": { "type": "Point", "coordinates": [ 1.31463, 35.37598, 0.0 ] } },
{ "type": "Feature", "properties": { "OBJECTID": 473, "OBJECTID_1": 475.0, "OBJECTID_12": 1391.0, "Toponimo_Antiguo": "Altava", "Toponimo_Moderno": "Tiemcet", "Provincia": "MAURETANIA CAESARIENSIS", "Pais": "Argelia", "Categoria": "Ciudad" }, "geometry": { "type": "Point", "coordinates": [ -1.34143, 34.89594, 0.0 ] } },
{ "type": "Feature", "properties": { "OBJECTID": 474, "OBJECTID_1": 476.0, "OBJECTID_12": 1392.0, "Toponimo_Antiguo": "Portus Divini", "Toponimo_Moderno": "Oran", "Provincia": "MAURETANIA CAESARIENSIS", "Pais": "Argelia", "Categoria": "Ciudad" }, "geometry": { "type": "Point", "coordinates": [ -0.644803163999939, 35.705246947000035, 0.0 ] } },
{ "type": "Feature", "properties": { "OBJECTID": 475, "OBJECTID_1": 477.0, "OBJECTID_12": 1393.0, "Toponimo_Antiguo": "Mina", "Toponimo_Moderno": "Chlef", "Provincia": "MAURETANIA CAESARIENSIS", "Pais": "Argelia", "Categoria": "Ciudad" }, "geometry": { "type": "Point", "coordinates": [ 1.33654, 36.16208, 0.0 ] } },
{ "type": "Feature", "properties": { "OBJECTID": 476, "OBJECTID_1": 478.0, "OBJECTID_12": 1397.0, "Toponimo_Antiguo": "Lambdia", "Toponimo_Moderno": "Medea", "Provincia": "MAURETANIA CAESARIENSIS", "Pais": "Argelia", "Categoria": "Ciudad" }, "geometry": { "type": "Point", "coordinates": [ 2.75678, 36.26455, 0.0 ] } },
{ "type": "Feature", "properties": { "OBJECTID": 477, "OBJECTID_1": 479.0, "OBJECTID_12": 1431.0, "Toponimo_Antiguo": "Fallaba", "Toponimo_Moderno": "Djelfa", "Provincia": "MAURETANIA CAESARIENSIS", "Pais": "Argelia", "Categoria": "Ciudad" }, "geometry": { "type": "Point", "coordinates": [ 3.24926, 34.71439, 0.0 ] } },
{ "type": "Feature", "properties": { "OBJECTID": 478, "OBJECTID_1": 480.0, "OBJECTID_12": 572.0, "Toponimo_Antiguo": "Beda", "Toponimo_Moderno": "Bitburg", "Provincia": "BELGICA I", "Pais": "Alemania", "Categoria": "Ciudad" }, "geometry": { "type": "Point", "coordinates": [ 6.523514, 49.974382, 0.0 ] } },
{ "type": "Feature", "properties": { "OBJECTID": 479, "OBJECTID_1": 481.0, "OBJECTID_12": 575.0, "Toponimo_Antiguo": "Colonia Augusta Treverorum", "Toponimo_Moderno": "Trier", "Provincia": "BELGICA I", "Pais": "Alemania", "Categoria": "Capital Tetrarquia" }, "geometry": { "type": "Point", "coordinates": [ 6.637075, 49.752611, 0.0 ] } },
{ "type": "Feature", "properties": { "OBJECTID": 480, "OBJECTID_1": 482.0, "OBJECTID_12": 576.0, "Toponimo_Antiguo": "Decem Pagi", "Toponimo_Moderno": "Tarquimpol", "Provincia": "BELGICA I", "Pais": "Francia", "Categoria": "Ciudad" }, "geometry": { "type": "Point", "coordinates": [ 6.75762, 48.784511, 0.0 ] } },
{ "type": "Feature", "properties": { "OBJECTID": 481, "OBJECTID_1": 483.0, "OBJECTID_12": 577.0, "Toponimo_Antiguo": "Divodurum", "Toponimo_Moderno": "Metz", "Provincia": "BELGICA I", "Pais": "Francia", "Categoria": "Ciudad" }, "geometry": { "type": "Point", "coordinates": [ 6.175634, 49.120221, 0.0 ] } },
{ "type": "Feature", "properties": { "OBJECTID": 482, "OBJECTID_1": 484.0, "OBJECTID_12": 580.0, "Toponimo_Antiguo": "Nasium", "Toponimo_Moderno": "Naix aux Forges and Saint Amand sur Ornain", "Provincia": "BELGICA I", "Pais": "Francia", "Categoria": "Ciudad" }, "geometry": { "type": "Point", "coordinates": [ 5.386462, 48.6323, 0.0 ] } },
{ "type": "Feature", "properties": { "OBJECTID": 483, "OBJECTID_1": 485.0, "OBJECTID_12": 582.0, "Toponimo_Antiguo": "Pons Saravi", "Toponimo_Moderno": "Sarrebourg", "Provincia": "BELGICA I", "Pais": "Francia", "Categoria": "Ciudad" }, "geometry": { "type": "Point", "coordinates": [ 7.053382, 48.734158, 0.0 ] } },
{ "type": "Feature", "properties": { "OBJECTID": 484, "OBJECTID_1": 486.0, "OBJECTID_12": 584.0, "Toponimo_Antiguo": "Tullum", "Toponimo_Moderno": "Toul", "Provincia": "BELGICA I", "Pais": "Francia", "Categoria": "Ciudad" }, "geometry": { "type": "Point", "coordinates": [ 5.891422, 48.675077, 0.0 ] } },
{ "type": "Feature", "properties": { "OBJECTID": 485, "OBJECTID_1": 487.0, "OBJECTID_12": 177.0, "Toponimo_Antiguo": "Gigthis", "Toponimo_Moderno": "Bou Grara", "Provincia": "TRIPOLITANA", "Pais": "Tunez", "Categoria": "Ciudad" }, "geometry": { "type": "Point", "coordinates": [ 10.6795, 33.5415, 0.0 ] } },
{ "type": "Feature", "properties": { "OBJECTID": 486, "OBJECTID_1": 488.0, "OBJECTID_12": 180.0, "Toponimo_Antiguo": "Leptis Magna", "Toponimo_Moderno": "Lebda", "Provincia": "TRIPOLITANA", "Pais": "Libia", "Categoria": "Capital Provincia" }, "geometry": { "type": "Point", "coordinates": [ 14.29306, 32.63833, 0.0 ] } },
{ "type": "Feature", "properties": { "OBJECTID": 487, "OBJECTID_1": 489.0, "OBJECTID_12": 183.0, "Toponimo_Antiguo": "Macomades", "Toponimo_Moderno": "Merkeb-Talha", "Provincia": "TRIPOLITANA", "Pais": "Libia", "Categoria": "Ciudad" }, "geometry": { "type": "Point", "coordinates": [ 16.588338, 31.205047, 0.0 ] } },
{ "type": "Feature", "properties": { "OBJECTID": 488, "OBJECTID_1": 490.0, "OBJECTID_12": 187.0, "Toponimo_Antiguo": "Meninx", "Toponimo_Moderno": "Bordj el Kantara", "Provincia": "TRIPOLITANA", "Pais": "Tunez", "Categoria": "Ciudad" }, "geometry": { "type": "Point", "coordinates": [ 10.913075, 33.688857, 0.0 ] } },
{ "type": "Feature", "properties": { "OBJECTID": 489, "OBJECTID_1": 491.0, "OBJECTID_12": 191.0, "Toponimo_Antiguo": "Tripolis", "Toponimo_Moderno": "Tripoli", "Provincia": "TRIPOLITANA", "Pais": "Libia", "Categoria": "Ciudad" }, "geometry": { "type": "Point", "coordinates": [ 13.187507, 32.876174, 0.0 ] } },
{ "type": "Feature", "properties": { "OBJECTID": 490, "OBJECTID_1": 492.0, "OBJECTID_12": 194.0, "Toponimo_Antiguo": "Sabratha", "Toponimo_Moderno": "Sabrata", "Provincia": "TRIPOLITANA", "Pais": "Libia", "Categoria": "Ciudad" }, "geometry": { "type": "Point", "coordinates": [ 12.487045, 32.804889, 0.0 ] } },
{ "type": "Feature", "properties": { "OBJECTID": 491, "OBJECTID_1": 493.0, "OBJECTID_12": 199.0, "Toponimo_Antiguo": "Tacapae", "Toponimo_Moderno": "Gabès", "Provincia": "TRIPOLITANA", "Pais": "Libia", "Categoria": "Ciudad" }, "geometry": { "type": "Point", "coordinates": [ 14.5, 32.5, 0.0 ] } },
{ "type": "Feature", "properties": { "OBJECTID": 492, "OBJECTID_1": 494.0, "OBJECTID_12": 213.0, "Toponimo_Antiguo": "Turris Tamalleni", "Toponimo_Moderno": "Henchir el Aouinia", "Provincia": "TRIPOLITANA", "Pais": "Tunez", "Categoria": "Ciudad" }, "geometry": { "type": "Point", "coordinates": [ 8.920624, 33.716837, 0.0 ] } },
{ "type": "Feature", "properties": { "OBJECTID": 493, "OBJECTID_1": 495.0, "OBJECTID_12": 221.0, "Toponimo_Antiguo": "Zitha", "Toponimo_Moderno": "Unknown", "Provincia": "TRIPOLITANA", "Pais": "Tunez", "Categoria": "Ciudad" }, "geometry": { "type": "Point", "coordinates": [ 11.112906, 33.503896, 0.0 ] } },
{ "type": "Feature", "properties": { "OBJECTID": 494, "OBJECTID_1": 496.0, "OBJECTID_12": 1399.0, "Toponimo_Antiguo": "Tacape", "Toponimo_Moderno": "Gabes", "Provincia": "TRIPOLITANA", "Pais": "Tunez", "Categoria": "Ciudad" }, "geometry": { "type": "Point", "coordinates": [ 10.10044, 33.88014, 0.0 ] } },
{ "type": "Feature", "properties": { "OBJECTID": 495, "OBJECTID_1": 497.0, "OBJECTID_12": 1403.0, "Toponimo_Antiguo": "Girba", "Toponimo_Moderno": "Houmt Souk", "Provincia": "TRIPOLITANA", "Pais": "Tunez", "Categoria": "Ciudad" }, "geometry": { "type": "Point", "coordinates": [ 10.85854646100006, 33.87197648800003, 0.0 ] } },
{ "type": "Feature", "properties": { "OBJECTID": 496, "OBJECTID_1": 498.0, "OBJECTID_12": 1404.0, "Toponimo_Antiguo": "Mesphe", "Toponimo_Moderno": "Al-Khums", "Provincia": "TRIPOLITANA", "Pais": "Libia", "Categoria": "Ciudad" }, "geometry": { "type": "Point", "coordinates": [ 13.71191, 32.74688, 0.0 ] } },
{ "type": "Feature", "properties": { "OBJECTID": 497, "OBJECTID_1": 499.0, "OBJECTID_12": 1426.0, "Toponimo_Antiguo": "Tentheos", "Toponimo_Moderno": "Garian", "Provincia": "TRIPOLITANA", "Pais": "Libia", "Categoria": "Ciudad" }, "geometry": { "type": "Point", "coordinates": [ 13.037096035000047, 32.154423691000034, 0.0 ] } },
{ "type": "Feature", "properties": { "OBJECTID": 498, "OBJECTID_1": 500.0, "OBJECTID_12": 1428.0, "Toponimo_Antiguo": "Gholaia", "Toponimo_Moderno": "Waddan", "Provincia": "TRIPOLITANA", "Pais": "Libia", "Categoria": "Ciudad" }, "geometry": { "type": "Point", "coordinates": [ 16.14485, 29.16158, 0.0 ] } },
{ "type": "Feature", "properties": { "OBJECTID": 499, "OBJECTID_1": 501.0, "OBJECTID_12": 1429.0, "Toponimo_Antiguo": "Thubactis", "Toponimo_Moderno": "Misurata", "Provincia": "TRIPOLITANA", "Pais": "Libia", "Categoria": "Ciudad" }, "geometry": { "type": "Point", "coordinates": [ 15.121631182000044, 32.379644189000032, 0.0 ] } },
{ "type": "Feature", "properties": { "OBJECTID": 500, "OBJECTID_1": 502.0, "OBJECTID_12": 234.0, "Toponimo_Antiguo": "Elusa", "Toponimo_Moderno": "El Khalasa", "Provincia": "PALAESTINA III SALUTARIS", "Pais": "Israel", "Categoria": "Ciudad" }, "geometry": { "type": "Point", "coordinates": [ 34.653209, 31.100106, 0.0 ] } },
{ "type": "Feature", "properties": { "OBJECTID": 501, "OBJECTID_1": 503.0, "OBJECTID_12": 239.0, "Toponimo_Antiguo": "Petra", "Toponimo_Moderno": "Petra", "Provincia": "PALAESTINA III SALUTARIS", "Pais": "Jordania", "Categoria": "Capital Provincia" }, "geometry": { "type": "Point", "coordinates": [ 35.442275, 30.328981, 0.0 ] } },
{ "type": "Feature", "properties": { "OBJECTID": 502, "OBJECTID_1": 504.0, "OBJECTID_12": 1418.0, "Toponimo_Antiguo": "Aelana", "Toponimo_Moderno": "Aqaba", "Provincia": "PALAESTINA III SALUTARIS", "Pais": "Jordania", "Categoria": "Ciudad" }, "geometry": { "type": "Point", "coordinates": [ 35.00149, 29.53018, 0.0 ] } },
{ "type": "Feature", "properties": { "OBJECTID": 503, "OBJECTID_1": 505.0, "OBJECTID_12": 1470.0, "Toponimo_Antiguo": "Areopolis", "Toponimo_Moderno": "Al Karak", "Provincia": "PALAESTINA III SALUTARIS", "Pais": "Jordania", "Categoria": "Ciudad" }, "geometry": { "type": "Point", "coordinates": [ 35.737934486000029, 31.268975779000073, 0.0 ] } },
{ "type": "Feature", "properties": { "OBJECTID": 504, "OBJECTID_1": 506.0, "OBJECTID_12": 1471.0, "Toponimo_Antiguo": "Mampsis", "Toponimo_Moderno": "Mamshit", "Provincia": "PALAESTINA III SALUTARIS", "Pais": "Israel", "Categoria": "Ciudad" }, "geometry": { "type": "Point", "coordinates": [ 35.060996129000046, 31.036353374000043, 0.0 ] } },
{ "type": "Feature", "properties": { "OBJECTID": 505, "OBJECTID_1": 507.0, "OBJECTID_12": 800.0, "Toponimo_Antiguo": "Aeclanum", "Toponimo_Moderno": "Mirabella Eclano", "Provincia": "SAMNIUM", "Pais": "Italia", "Categoria": "Ciudad" }, "geometry": { "type": "Point", "coordinates": [ 14.99423, 41.04212, 0.0 ] } },
{ "type": "Feature", "properties": { "OBJECTID": 506, "OBJECTID_1": 508.0, "OBJECTID_12": 804.0, "Toponimo_Antiguo": "Beneventum", "Toponimo_Moderno": "Benevento", "Provincia": "SAMNIUM", "Pais": "Italia", "Categoria": "Capital Provincia" }, "geometry": { "type": "Point", "coordinates": [ 14.777672, 41.130842, 0.0 ] } },
{ "type": "Feature", "properties": { "OBJECTID": 507, "OBJECTID_1": 509.0, "OBJECTID_12": 856.0, "Toponimo_Antiguo": "Aesernia", "Toponimo_Moderno": "Isernia", "Provincia": "SAMNIUM", "Pais": "Italia", "Categoria": "Ciudad" }, "geometry": { "type": "Point", "coordinates": [ 14.233993, 41.598064, 0.0 ] } },
{ "type": "Feature", "properties": { "OBJECTID": 508, "OBJECTID_1": 510.0, "OBJECTID_12": 859.0, "Toponimo_Antiguo": "Angitia", "Toponimo_Moderno": "Luco", "Provincia": "SAMNIUM", "Pais": "Italia", "Categoria": "Ciudad" }, "geometry": { "type": "Point", "coordinates": [ 13.459907, 41.970045, 0.0 ] } },
{ "type": "Feature", "properties": { "OBJECTID": 509, "OBJECTID_1": 511.0, "OBJECTID_12": 860.0, "Toponimo_Antiguo": "Antinum", "Toponimo_Moderno": "Civita d'Antino", "Provincia": "SAMNIUM", "Pais": "Italia", "Categoria": "Ciudad" }, "geometry": { "type": "Point", "coordinates": [ 13.471758, 41.885604, 0.0 ] } },
{ "type": "Feature", "properties": { "OBJECTID": 510, "OBJECTID_1": 512.0, "OBJECTID_12": 861.0, "Toponimo_Antiguo": "Anxanum", "Toponimo_Moderno": "Lanciano", "Provincia": "SAMNIUM", "Pais": "Italia", "Categoria": "Ciudad" }, "geometry": { "type": "Point", "coordinates": [ 14.388696, 42.229729, 0.0 ] } },
{ "type": "Feature", "properties": { "OBJECTID": 511, "OBJECTID_1": 513.0, "OBJECTID_12": 862.0, "Toponimo_Antiguo": "Aufidena", "Toponimo_Moderno": "Castel di Sangro", "Provincia": "SAMNIUM", "Pais": "Italia", "Categoria": "Ciudad" }, "geometry": { "type": "Point", "coordinates": [ 14.104444, 41.774722, 0.0 ] } },
{ "type": "Feature", "properties": { "OBJECTID": 512, "OBJECTID_1": 514.0, "OBJECTID_12": 864.0, "Toponimo_Antiguo": "Bovianum", "Toponimo_Moderno": "Boiano", "Provincia": "SAMNIUM", "Pais": "Italia", "Categoria": "Ciudad" }, "geometry": { "type": "Point", "coordinates": [ 14.47104, 41.482055, 0.0 ] } },
{ "type": "Feature", "properties": { "OBJECTID": 513, "OBJECTID_1": 515.0, "OBJECTID_12": 866.0, "Toponimo_Antiguo": "Cluviae", "Toponimo_Moderno": "Piano Laroma", "Provincia": "SAMNIUM", "Pais": "Italia", "Categoria": "Ciudad" }, "geometry": { "type": "Point", "coordinates": [ 14.260862, 42.136297, 0.0 ] } },
{ "type": "Feature", "properties": { "OBJECTID": 514, "OBJECTID_1": 516.0, "OBJECTID_12": 867.0, "Toponimo_Antiguo": "Corfinium", "Toponimo_Moderno": "Corfinio", "Provincia": "SAMNIUM", "Pais": "Italia", "Categoria": "Ciudad" }, "geometry": { "type": "Point", "coordinates": [ 13.842185, 42.123814, 0.0 ] } },
{ "type": "Feature", "properties": { "OBJECTID": 515, "OBJECTID_1": 517.0, "OBJECTID_12": 869.0, "Toponimo_Antiguo": "Fagifulae", "Toponimo_Moderno": "Montagano", "Provincia": "SAMNIUM", "Pais": "Italia", "Categoria": "Ciudad" }, "geometry": { "type": "Point", "coordinates": [ 14.667625, 41.657876, 0.0 ] } },
{ "type": "Feature", "properties": { "OBJECTID": 516, "OBJECTID_1": 518.0, "OBJECTID_12": 871.0, "Toponimo_Antiguo": "Histonium", "Toponimo_Moderno": "Vasto", "Provincia": "SAMNIUM", "Pais": "Italia", "Categoria": "Ciudad" }, "geometry": { "type": "Point", "coordinates": [ 14.709621, 42.112706, 0.0 ] } },
{ "type": "Feature", "properties": { "OBJECTID": 517, "OBJECTID_1": 519.0, "OBJECTID_12": 872.0, "Toponimo_Antiguo": "Hortona", "Toponimo_Moderno": "Ortona", "Provincia": "SAMNIUM", "Pais": "Italia", "Categoria": "Ciudad" }, "geometry": { "type": "Point", "coordinates": [ 14.403382, 42.3549, 0.0 ] } },
{ "type": "Feature", "properties": { "OBJECTID": 518, "OBJECTID_1": 520.0, "OBJECTID_12": 873.0, "Toponimo_Antiguo": "Iuvanum", "Toponimo_Moderno": "Unknown", "Provincia": "SAMNIUM", "Pais": "Italia", "Categoria": "Ciudad" }, "geometry": { "type": "Point", "coordinates": [ 14.256704, 41.998988, 0.0 ] } },
{ "type": "Feature", "properties": { "OBJECTID": 519, "OBJECTID_1": 521.0, "OBJECTID_12": 874.0, "Toponimo_Antiguo": "Larinum", "Toponimo_Moderno": "Larino", "Provincia": "SAMNIUM", "Pais": "Italia", "Categoria": "Ciudad" }, "geometry": { "type": "Point", "coordinates": [ 14.916232, 41.805416, 0.0 ] } },
{ "type": "Feature", "properties": { "OBJECTID": 520, "OBJECTID_1": 522.0, "OBJECTID_12": 875.0, "Toponimo_Antiguo": "Marruvium", "Toponimo_Moderno": "S. Benedetto dei Marsi", "Provincia": "SAMNIUM", "Pais": "Italia", "Categoria": "Ciudad" }, "geometry": { "type": "Point", "coordinates": [ 13.623923, 42.005292, 0.0 ] } },
{ "type": "Feature", "properties": { "OBJECTID": 521, "OBJECTID_1": 523.0, "OBJECTID_12": 880.0, "Toponimo_Antiguo": "Saepinum", "Toponimo_Moderno": "Sepino", "Provincia": "SAMNIUM", "Pais": "Italia", "Categoria": "Ciudad" }, "geometry": { "type": "Point", "coordinates": [ 14.617674, 41.433396, 0.0 ] } },
{ "type": "Feature", "properties": { "OBJECTID": 522, "OBJECTID_1": 524.0, "OBJECTID_12": 881.0, "Toponimo_Antiguo": "Sulmo", "Toponimo_Moderno": "Sulmona", "Provincia": "SAMNIUM", "Pais": "Italia", "Categoria": "Ciudad" }, "geometry": { "type": "Point", "coordinates": [ 13.925721, 42.047699, 0.0 ] } },
{ "type": "Feature", "properties": { "OBJECTID": 523, "OBJECTID_1": 525.0, "OBJECTID_12": 882.0, "Toponimo_Antiguo": "Superaequum", "Toponimo_Moderno": "Castelvecchio Subequo", "Provincia": "SAMNIUM", "Pais": "Italia", "Categoria": "Ciudad" }, "geometry": { "type": "Point", "coordinates": [ 13.730645, 42.130586, 0.0 ] } },
{ "type": "Feature", "properties": { "OBJECTID": 524, "OBJECTID_1": 526.0, "OBJECTID_12": 883.0, "Toponimo_Antiguo": "Teate Marrucinorum", "Toponimo_Moderno": "Chieti", "Provincia": "SAMNIUM", "Pais": "Italia", "Categoria": "Ciudad" }, "geometry": { "type": "Point", "coordinates": [ 14.167151, 42.351793, 0.0 ] } },
{ "type": "Feature", "properties": { "OBJECTID": 525, "OBJECTID_1": 527.0, "OBJECTID_12": 884.0, "Toponimo_Antiguo": "Terventum", "Toponimo_Moderno": "Trivento", "Provincia": "SAMNIUM", "Pais": "Italia", "Categoria": "Ciudad" }, "geometry": { "type": "Point", "coordinates": [ 14.551936, 41.782158, 0.0 ] } },
{ "type": "Feature", "properties": { "OBJECTID": 526, "OBJECTID_1": 528.0, "OBJECTID_12": 855.0, "Toponimo_Antiguo": "Aequi", "Toponimo_Moderno": "Aequi", "Provincia": "VALERIA", "Pais": "Italia", "Categoria": "Ciudad" }, "geometry": { "type": "Point", "coordinates": [ 13.195431, 42.186833, 0.0 ] } },
{ "type": "Feature", "properties": { "OBJECTID": 527, "OBJECTID_1": 529.0, "OBJECTID_12": 857.0, "Toponimo_Antiguo": "Alba Fucentia", "Toponimo_Moderno": "Albe", "Provincia": "VALERIA", "Pais": "Italia", "Categoria": "Ciudad" }, "geometry": { "type": "Point", "coordinates": [ 13.408983, 42.079894, 0.0 ] } },
{ "type": "Feature", "properties": { "OBJECTID": 528, "OBJECTID_1": 530.0, "OBJECTID_12": 858.0, "Toponimo_Antiguo": "Amiternum", "Toponimo_Moderno": "S. Vittorino", "Provincia": "VALERIA", "Pais": "Italia", "Categoria": "Ciudad" }, "geometry": { "type": "Point", "coordinates": [ 13.306, 42.400556, 0.0 ] } },
{ "type": "Feature", "properties": { "OBJECTID": 529, "OBJECTID_1": 531.0, "OBJECTID_12": 863.0, "Toponimo_Antiguo": "Aveia", "Toponimo_Moderno": "Aveia", "Provincia": "VALERIA", "Pais": "Italia", "Categoria": "Ciudad" }, "geometry": { "type": "Point", "coordinates": [ 13.487411, 42.295745, 0.0 ] } },
{ "type": "Feature", "properties": { "OBJECTID": 530, "OBJECTID_1": 532.0, "OBJECTID_12": 865.0, "Toponimo_Antiguo": "Carseoli", "Toponimo_Moderno": "Carsli", "Provincia": "VALERIA", "Pais": "Italia", "Categoria": "Ciudad" }, "geometry": { "type": "Point", "coordinates": [ 13.08687, 42.0993, 0.0 ] } },
{ "type": "Feature", "properties": { "OBJECTID": 531, "OBJECTID_1": 533.0, "OBJECTID_12": 868.0, "Toponimo_Antiguo": "Cures", "Toponimo_Moderno": "Cures", "Provincia": "VALERIA", "Pais": "Italia", "Categoria": "Ciudad" }, "geometry": { "type": "Point", "coordinates": [ 12.684231, 42.178026, 0.0 ] } },
{ "type": "Feature", "properties": { "OBJECTID": 532, "OBJECTID_1": 534.0, "OBJECTID_12": 870.0, "Toponimo_Antiguo": "Forum Novum", "Toponimo_Moderno": "Forum Novum", "Provincia": "VALERIA", "Pais": "Italia", "Categoria": "Ciudad" }, "geometry": { "type": "Point", "coordinates": [ 12.63908, 42.35459, 0.0 ] } },
{ "type": "Feature", "properties": { "OBJECTID": 533, "OBJECTID_1": 535.0, "OBJECTID_12": 877.0, "Toponimo_Antiguo": "Peltuinum", "Toponimo_Moderno": "Gran Sasso", "Provincia": "VALERIA", "Pais": "Italia", "Categoria": "Ciudad" }, "geometry": { "type": "Point", "coordinates": [ 13.620278, 42.285833, 0.0 ] } },
{ "type": "Feature", "properties": { "OBJECTID": 534, "OBJECTID_1": 536.0, "OBJECTID_12": 879.0, "Toponimo_Antiguo": "Reate", "Toponimo_Moderno": "Rieti", "Provincia": "VALERIA", "Pais": "Italia", "Categoria": "Ciudad" }, "geometry": { "type": "Point", "coordinates": [ 12.861179, 42.403056, 0.0 ] } },
{ "type": "Feature", "properties": { "OBJECTID": 535, "OBJECTID_1": 537.0, "OBJECTID_12": 886.0, "Toponimo_Antiguo": "Trebula Mutuesca", "Toponimo_Moderno": "Monteleone Sabino", "Provincia": "VALERIA", "Pais": "Italia", "Categoria": "Ciudad" }, "geometry": { "type": "Point", "coordinates": [ 12.858141, 42.233123, 0.0 ] } },
{ "type": "Feature", "properties": { "OBJECTID": 536, "OBJECTID_1": 538.0, "OBJECTID_12": 909.0, "Toponimo_Antiguo": "Carsulae", "Toponimo_Moderno": "Carsulae", "Provincia": "VALERIA", "Pais": "Italia", "Categoria": "Ciudad" }, "geometry": { "type": "Point", "coordinates": [ 12.557153, 42.639792, 0.0 ] } },
{ "type": "Feature", "properties": { "OBJECTID": 537, "OBJECTID_1": 539.0, "OBJECTID_12": 917.0, "Toponimo_Antiguo": "Interamna Nahars", "Toponimo_Moderno": "Terni", "Provincia": "VALERIA", "Pais": "Italia", "Categoria": "Ciudad" }, "geometry": { "type": "Point", "coordinates": [ 12.646781, 42.560219, 0.0 ] } },
{ "type": "Feature", "properties": { "OBJECTID": 538, "OBJECTID_1": 540.0, "OBJECTID_12": 921.0, "Toponimo_Antiguo": "Narnia", "Toponimo_Moderno": "Narni", "Provincia": "VALERIA", "Pais": "Italia", "Categoria": "Ciudad" }, "geometry": { "type": "Point", "coordinates": [ 12.51563, 42.517602, 0.0 ] } },
{ "type": "Feature", "properties": { "OBJECTID": 539, "OBJECTID_1": 541.0, "OBJECTID_12": 923.0, "Toponimo_Antiguo": "Nursia", "Toponimo_Moderno": "Norcia", "Provincia": "VALERIA", "Pais": "Italia", "Categoria": "Ciudad" }, "geometry": { "type": "Point", "coordinates": [ 13.093901, 42.79336, 0.0 ] } },
{ "type": "Feature", "properties": { "OBJECTID": 540, "OBJECTID_1": 542.0, "OBJECTID_12": 924.0, "Toponimo_Antiguo": "Ocriculum", "Toponimo_Moderno": "Otricoli", "Provincia": "VALERIA", "Pais": "Italia", "Categoria": "Ciudad" }, "geometry": { "type": "Point", "coordinates": [ 12.47655, 42.422887, 0.0 ] } },
{ "type": "Feature", "properties": { "OBJECTID": 541, "OBJECTID_1": 543.0, "OBJECTID_12": 935.0, "Toponimo_Antiguo": "Spoletium", "Toponimo_Moderno": "Spoleto", "Provincia": "VALERIA", "Pais": "Italia", "Categoria": "Capital Provincia" }, "geometry": { "type": "Point", "coordinates": [ 12.736833, 42.734216, 0.0 ] } },
{ "type": "Feature", "properties": { "OBJECTID": 542, "OBJECTID_1": 544.0, "OBJECTID_12": 993.0, "Toponimo_Antiguo": "Brixellum", "Toponimo_Moderno": "Brescello", "Provincia": "AEMILIA", "Pais": "Italia", "Categoria": "Ciudad" }, "geometry": { "type": "Point", "coordinates": [ 10.516667, 44.9, 0.0 ] } },
{ "type": "Feature", "properties": { "OBJECTID": 543, "OBJECTID_1": 545.0, "OBJECTID_12": 998.0, "Toponimo_Antiguo": "Fidentia", "Toponimo_Moderno": "Fidenza", "Provincia": "AEMILIA", "Pais": "Italia", "Categoria": "Ciudad" }, "geometry": { "type": "Point", "coordinates": [ 10.066667, 44.866667, 0.0 ] } },
{ "type": "Feature", "properties": { "OBJECTID": 544, "OBJECTID_1": 546.0, "OBJECTID_12": 1002.0, "Toponimo_Antiguo": "Mutina", "Toponimo_Moderno": "Modena", "Provincia": "AEMILIA", "Pais": "Italia", "Categoria": "Capital Provincia" }, "geometry": { "type": "Point", "coordinates": [ 10.92522, 44.64708, 0.0 ] } },
{ "type": "Feature", "properties": { "OBJECTID": 545, "OBJECTID_1": 547.0, "OBJECTID_12": 1003.0, "Toponimo_Antiguo": "Parma", "Toponimo_Moderno": "Parma", "Provincia": "AEMILIA", "Pais": "Italia", "Categoria": "Ciudad" }, "geometry": { "type": "Point", "coordinates": [ 10.327894, 44.800946, 0.0 ] } },
{ "type": "Feature", "properties": { "OBJECTID": 546, "OBJECTID_1": 548.0, "OBJECTID_12": 1004.0, "Toponimo_Antiguo": "Placentia", "Toponimo_Moderno": "Piacenza", "Provincia": "AEMILIA", "Pais": "Italia", "Categoria": "Ciudad" }, "geometry": { "type": "Point", "coordinates": [ 9.693115, 45.052388, 0.0 ] } },
{ "type": "Feature", "properties": { "OBJECTID": 547, "OBJECTID_1": 549.0, "OBJECTID_12": 1006.0, "Toponimo_Antiguo": "Regium Lepidum", "Toponimo_Moderno": "Reggio Emilia", "Provincia": "AEMILIA", "Pais": "Italia", "Categoria": "Ciudad" }, "geometry": { "type": "Point", "coordinates": [ 10.631331, 44.698103, 0.0 ] } },
{ "type": "Feature", "properties": { "OBJECTID": 548, "OBJECTID_1": 550.0, "OBJECTID_12": 1008.0, "Toponimo_Antiguo": "Veleia", "Toponimo_Moderno": "Velleia", "Provincia": "AEMILIA", "Pais": "Italia", "Categoria": "Ciudad" }, "geometry": { "type": "Point", "coordinates": [ 9.722352, 44.784813, 0.0 ] } },
{ "type": "Feature", "properties": { "OBJECTID": 549, "OBJECTID_1": 551.0, "OBJECTID_12": 876.0, "Toponimo_Antiguo": "Nomentum", "Toponimo_Moderno": "Mentana", "Provincia": "TUSCIA ET UMBRIA", "Pais": "Italia", "Categoria": "Ciudad" }, "geometry": { "type": "Point", "coordinates": [ 12.637366, 42.033429, 0.0 ] } },
{ "type": "Feature", "properties": { "OBJECTID": 550, "OBJECTID_1": 552.0, "OBJECTID_12": 906.0, "Toponimo_Antiguo": "Ameria", "Toponimo_Moderno": "Amelia", "Provincia": "TUSCIA ET UMBRIA", "Pais": "Italia", "Categoria": "Ciudad" }, "geometry": { "type": "Point", "coordinates": [ 12.413636, 42.557585, 0.0 ] } },
{ "type": "Feature", "properties": { "OBJECTID": 551, "OBJECTID_1": 553.0, "OBJECTID_12": 907.0, "Toponimo_Antiguo": "Asisium", "Toponimo_Moderno": "Assisi", "Provincia": "TUSCIA ET UMBRIA", "Pais": "Italia", "Categoria": "Ciudad" }, "geometry": { "type": "Point", "coordinates": [ 12.617518, 43.070167, 0.0 ] } },
{ "type": "Feature", "properties": { "OBJECTID": 552, "OBJECTID_1": 554.0, "OBJECTID_12": 914.0, "Toponimo_Antiguo": "Fulginiae", "Toponimo_Moderno": "Foligno", "Provincia": "TUSCIA ET UMBRIA", "Pais": "Italia", "Categoria": "Ciudad" }, "geometry": { "type": "Point", "coordinates": [ 12.703192, 42.955653, 0.0 ] } },
{ "type": "Feature", "properties": { "OBJECTID": 553, "OBJECTID_1": 555.0, "OBJECTID_12": 915.0, "Toponimo_Antiguo": "Hispellum", "Toponimo_Moderno": "Spello", "Provincia": "TUSCIA ET UMBRIA", "Pais": "Italia", "Categoria": "Ciudad" }, "geometry": { "type": "Point", "coordinates": [ 12.670753, 42.994022, 0.0 ] } },
{ "type": "Feature", "properties": { "OBJECTID": 554, "OBJECTID_1": 556.0, "OBJECTID_12": 916.0, "Toponimo_Antiguo": "Iguvium", "Toponimo_Moderno": "Gubbio", "Provincia": "TUSCIA ET UMBRIA", "Pais": "Italia", "Categoria": "Ciudad" }, "geometry": { "type": "Point", "coordinates": [ 12.580375, 43.350411, 0.0 ] } },
{ "type": "Feature", "properties": { "OBJECTID": 555, "OBJECTID_1": 557.0, "OBJECTID_12": 919.0, "Toponimo_Antiguo": "Mevania", "Toponimo_Moderno": "Bevagna", "Provincia": "TUSCIA ET UMBRIA", "Pais": "Italia", "Categoria": "Ciudad" }, "geometry": { "type": "Point", "coordinates": [ 12.607281, 42.931821, 0.0 ] } },
{ "type": "Feature", "properties": { "OBJECTID": 556, "OBJECTID_1": 558.0, "OBJECTID_12": 922.0, "Toponimo_Antiguo": "Nuceria Camellaria", "Toponimo_Moderno": "Nocera dei Pagani", "Provincia": "TUSCIA ET UMBRIA", "Pais": "Italia", "Categoria": "Ciudad" }, "geometry": { "type": "Point", "coordinates": [ 12.788349, 43.113857, 0.0 ] } },
{ "type": "Feature", "properties": { "OBJECTID": 557, "OBJECTID_1": 559.0, "OBJECTID_12": 934.0, "Toponimo_Antiguo": "Sestinum", "Toponimo_Moderno": "Sestino", "Provincia": "TUSCIA ET UMBRIA", "Pais": "Italia", "Categoria": "Ciudad" }, "geometry": { "type": "Point", "coordinates": [ 12.298883, 43.710612, 0.0 ] } },
{ "type": "Feature", "properties": { "OBJECTID": 558, "OBJECTID_1": 560.0, "OBJECTID_12": 937.0, "Toponimo_Antiguo": "Tadinae", "Toponimo_Moderno": "S. Antonio della Rasina", "Provincia": "TUSCIA ET UMBRIA", "Pais": "Italia", "Categoria": "Ciudad" }, "geometry": { "type": "Point", "coordinates": [ 12.786046, 43.230265, 0.0 ] } },
{ "type": "Feature", "properties": { "OBJECTID": 559, "OBJECTID_1": 561.0, "OBJECTID_12": 938.0, "Toponimo_Antiguo": "Tuder", "Toponimo_Moderno": "Todi", "Provincia": "TUSCIA ET UMBRIA", "Pais": "Italia", "Categoria": "Ciudad" }, "geometry": { "type": "Point", "coordinates": [ 12.406448, 42.781909, 0.0 ] } },
{ "type": "Feature", "properties": { "OBJECTID": 560, "OBJECTID_1": 562.0, "OBJECTID_12": 940.0, "Toponimo_Antiguo": "Urvinum Hortense", "Toponimo_Moderno": "Collemancio", "Provincia": "TUSCIA ET UMBRIA", "Pais": "Italia", "Categoria": "Ciudad" }, "geometry": { "type": "Point", "coordinates": [ 12.522032, 42.985186, 0.0 ] } },
{ "type": "Feature", "properties": { "OBJECTID": 561, "OBJECTID_1": 563.0, "OBJECTID_12": 942.0, "Toponimo_Antiguo": "Vettona", "Toponimo_Moderno": "Bettona", "Provincia": "TUSCIA ET UMBRIA", "Pais": "Italia", "Categoria": "Ciudad" }, "geometry": { "type": "Point", "coordinates": [ 12.484618, 43.012888, 0.0 ] } },
{ "type": "Feature", "properties": { "OBJECTID": 562, "OBJECTID_1": 564.0, "OBJECTID_12": 944.0, "Toponimo_Antiguo": "Arna", "Toponimo_Moderno": "Unknown", "Provincia": "TUSCIA ET UMBRIA", "Pais": "Italia", "Categoria": "Ciudad" }, "geometry": { "type": "Point", "coordinates": [ 12.486048, 43.127841, 0.0 ] } },
{ "type": "Feature", "properties": { "OBJECTID": 563, "OBJECTID_1": 565.0, "OBJECTID_12": 945.0, "Toponimo_Antiguo": "Arretium", "Toponimo_Moderno": "Arezzo", "Provincia": "TUSCIA ET UMBRIA", "Pais": "Italia", "Categoria": "Ciudad" }, "geometry": { "type": "Point", "coordinates": [ 11.881301, 43.463409, 0.0 ] } },
{ "type": "Feature", "properties": { "OBJECTID": 564, "OBJECTID_1": 566.0, "OBJECTID_12": 946.0, "Toponimo_Antiguo": "Baccanae", "Toponimo_Moderno": "Baccanae?", "Provincia": "TUSCIA ET UMBRIA", "Pais": "Italia", "Categoria": "Ciudad" }, "geometry": { "type": "Point", "coordinates": [ 12.367302, 42.119115, 0.0 ] } },
{ "type": "Feature", "properties": { "OBJECTID": 565, "OBJECTID_1": 567.0, "OBJECTID_12": 947.0, "Toponimo_Antiguo": "Blera", "Toponimo_Moderno": "Bieda", "Provincia": "TUSCIA ET UMBRIA", "Pais": "Italia", "Categoria": "Ciudad" }, "geometry": { "type": "Point", "coordinates": [ 12.0325, 42.273333, 0.0 ] } },
{ "type": "Feature", "properties": { "OBJECTID": 566, "OBJECTID_1": 568.0, "OBJECTID_12": 949.0, "Toponimo_Antiguo": "Capena", "Toponimo_Moderno": "Civitcola", "Provincia": "TUSCIA ET UMBRIA", "Pais": "Italia", "Categoria": "Ciudad" }, "geometry": { "type": "Point", "coordinates": [ 12.541739, 42.142672, 0.0 ] } },
{ "type": "Feature", "properties": { "OBJECTID": 567, "OBJECTID_1": 569.0, "OBJECTID_12": 950.0, "Toponimo_Antiguo": "Castrum Novum", "Toponimo_Moderno": "Torre Chiaruccia", "Provincia": "TUSCIA ET UMBRIA", "Pais": "Italia", "Categoria": "Ciudad" }, "geometry": { "type": "Point", "coordinates": [ 11.833334, 42.033334, 0.0 ] } },
{ "type": "Feature", "properties": { "OBJECTID": 568, "OBJECTID_1": 570.0, "OBJECTID_12": 951.0, "Toponimo_Antiguo": "Centumcellae", "Toponimo_Moderno": "Cittavecchia", "Provincia": "TUSCIA ET UMBRIA", "Pais": "Italia", "Categoria": "Ciudad" }, "geometry": { "type": "Point", "coordinates": [ 11.796814, 42.09118, 0.0 ] } },
{ "type": "Feature", "properties": { "OBJECTID": 569, "OBJECTID_1": 571.0, "OBJECTID_12": 952.0, "Toponimo_Antiguo": "Clusium", "Toponimo_Moderno": "Chiusi", "Provincia": "TUSCIA ET UMBRIA", "Pais": "Italia", "Categoria": "Ciudad" }, "geometry": { "type": "Point", "coordinates": [ 11.949005, 43.016697, 0.0 ] } },
{ "type": "Feature", "properties": { "OBJECTID": 570, "OBJECTID_1": 572.0, "OBJECTID_12": 953.0, "Toponimo_Antiguo": "Cortona", "Toponimo_Moderno": "Cortona", "Provincia": "TUSCIA ET UMBRIA", "Pais": "Italia", "Categoria": "Ciudad" }, "geometry": { "type": "Point", "coordinates": [ 11.985527, 43.274476, 0.0 ] } },
{ "type": "Feature", "properties": { "OBJECTID": 571, "OBJECTID_1": 573.0, "OBJECTID_12": 954.0, "Toponimo_Antiguo": "Cosa", "Toponimo_Moderno": "Ansedonia", "Provincia": "TUSCIA ET UMBRIA", "Pais": "Italia", "Categoria": "Ciudad" }, "geometry": { "type": "Point", "coordinates": [ 11.289618, 42.413185, 0.0 ] } },
{ "type": "Feature", "properties": { "OBJECTID": 572, "OBJECTID_1": 574.0, "OBJECTID_12": 955.0, "Toponimo_Antiguo": "Faesulae", "Toponimo_Moderno": "Fiesole", "Provincia": "TUSCIA ET UMBRIA", "Pais": "Italia", "Categoria": "Ciudad" }, "geometry": { "type": "Point", "coordinates": [ 11.293835, 43.808079, 0.0 ] } },
{ "type": "Feature", "properties": { "OBJECTID": 573, "OBJECTID_1": 575.0, "OBJECTID_12": 956.0, "Toponimo_Antiguo": "Falerii Novi", "Toponimo_Moderno": "Civita Castellana", "Provincia": "TUSCIA ET UMBRIA", "Pais": "Italia", "Categoria": "Ciudad" }, "geometry": { "type": "Point", "coordinates": [ 12.411516, 42.28884, 0.0 ] } },
{ "type": "Feature", "properties": { "OBJECTID": 574, "OBJECTID_1": 576.0, "OBJECTID_12": 957.0, "Toponimo_Antiguo": "Ferentum", "Toponimo_Moderno": "Ferento", "Provincia": "TUSCIA ET UMBRIA", "Pais": "Italia", "Categoria": "Ciudad" }, "geometry": { "type": "Point", "coordinates": [ 12.132177, 42.48859, 0.0 ] } },
{ "type": "Feature", "properties": { "OBJECTID": 575, "OBJECTID_1": 577.0, "OBJECTID_12": 959.0, "Toponimo_Antiguo": "Florentia", "Toponimo_Moderno": "Firenze", "Provincia": "TUSCIA ET UMBRIA", "Pais": "Italia", "Categoria": "Capital Provincia" }, "geometry": { "type": "Point", "coordinates": [ 11.253807, 43.770972, 0.0 ] } },
{ "type": "Feature", "properties": { "OBJECTID": 576, "OBJECTID_1": 578.0, "OBJECTID_12": 960.0, "Toponimo_Antiguo": "Forum Cassii", "Toponimo_Moderno": "Forum Cassii?", "Provincia": "TUSCIA ET UMBRIA", "Pais": "Italia", "Categoria": "Ciudad" }, "geometry": { "type": "Point", "coordinates": [ 12.077133, 42.331568, 0.0 ] } },
{ "type": "Feature", "properties": { "OBJECTID": 577, "OBJECTID_1": 579.0, "OBJECTID_12": 962.0, "Toponimo_Antiguo": "Graviscae", "Toponimo_Moderno": "Porto Clementino", "Provincia": "TUSCIA ET UMBRIA", "Pais": "Italia", "Categoria": "Ciudad" }, "geometry": { "type": "Point", "coordinates": [ 11.710278, 42.212778, 0.0 ] } },
{ "type": "Feature", "properties": { "OBJECTID": 578, "OBJECTID_1": 580.0, "OBJECTID_12": 963.0, "Toponimo_Antiguo": "Heba", "Toponimo_Moderno": "Magliano", "Provincia": "TUSCIA ET UMBRIA", "Pais": "Italia", "Categoria": "Ciudad" }, "geometry": { "type": "Point", "coordinates": [ 11.295279, 42.592176, 0.0 ] } },
{ "type": "Feature", "properties": { "OBJECTID": 579, "OBJECTID_1": 581.0, "OBJECTID_12": 964.0, "Toponimo_Antiguo": "Horta", "Toponimo_Moderno": "Orte", "Provincia": "TUSCIA ET UMBRIA", "Pais": "Italia", "Categoria": "Ciudad" }, "geometry": { "type": "Point", "coordinates": [ 12.386423, 42.460326, 0.0 ] } },
{ "type": "Feature", "properties": { "OBJECTID": 580, "OBJECTID_1": 582.0, "OBJECTID_12": 965.0, "Toponimo_Antiguo": "Luca", "Toponimo_Moderno": "Lucca", "Provincia": "TUSCIA ET UMBRIA", "Pais": "Italia", "Categoria": "Ciudad" }, "geometry": { "type": "Point", "coordinates": [ 10.50603, 43.845012, 0.0 ] } },
{ "type": "Feature", "properties": { "OBJECTID": 581, "OBJECTID_1": 583.0, "OBJECTID_12": 966.0, "Toponimo_Antiguo": "Lucus Feroniae", "Toponimo_Moderno": "Unknown", "Provincia": "TUSCIA ET UMBRIA", "Pais": "Italia", "Categoria": "Ciudad" }, "geometry": { "type": "Point", "coordinates": [ 12.596872, 42.129717, 0.0 ] } },
{ "type": "Feature", "properties": { "OBJECTID": 582, "OBJECTID_1": 584.0, "OBJECTID_12": 967.0, "Toponimo_Antiguo": "Luna", "Toponimo_Moderno": "Luni", "Provincia": "TUSCIA ET UMBRIA", "Pais": "Italia", "Categoria": "Ciudad" }, "geometry": { "type": "Point", "coordinates": [ 10.022101, 44.062217, 0.0 ] } },
{ "type": "Feature", "properties": { "OBJECTID": 583, "OBJECTID_1": 585.0, "OBJECTID_12": 968.0, "Toponimo_Antiguo": "Nepet", "Toponimo_Moderno": "Nepi", "Provincia": "TUSCIA ET UMBRIA", "Pais": "Italia", "Categoria": "Ciudad" }, "geometry": { "type": "Point", "coordinates": [ 12.347835, 42.241889, 0.0 ] } },
{ "type": "Feature", "properties": { "OBJECTID": 584, "OBJECTID_1": 586.0, "OBJECTID_12": 969.0, "Toponimo_Antiguo": "Perusia", "Toponimo_Moderno": "Perugia", "Provincia": "TUSCIA ET UMBRIA", "Pais": "Italia", "Categoria": "Ciudad" }, "geometry": { "type": "Point", "coordinates": [ 12.388791, 43.111742, 0.0 ] } },
{ "type": "Feature", "properties": { "OBJECTID": 585, "OBJECTID_1": 587.0, "OBJECTID_12": 970.0, "Toponimo_Antiguo": "Pisae", "Toponimo_Moderno": "Pisa", "Provincia": "TUSCIA ET UMBRIA", "Pais": "Italia", "Categoria": "Ciudad" }, "geometry": { "type": "Point", "coordinates": [ 10.40074, 43.714368, 0.0 ] } },
{ "type": "Feature", "properties": { "OBJECTID": 586, "OBJECTID_1": 588.0, "OBJECTID_12": 971.0, "Toponimo_Antiguo": "Pistorium", "Toponimo_Moderno": "Pistoia", "Provincia": "TUSCIA ET UMBRIA", "Pais": "Italia", "Categoria": "Ciudad" }, "geometry": { "type": "Point", "coordinates": [ 10.916667, 43.933333, 0.0 ] } },
{ "type": "Feature", "properties": { "OBJECTID": 587, "OBJECTID_1": 589.0, "OBJECTID_12": 972.0, "Toponimo_Antiguo": "Pitulum", "Toponimo_Moderno": "Umbertide", "Provincia": "TUSCIA ET UMBRIA", "Pais": "Italia", "Categoria": "Ciudad" }, "geometry": { "type": "Point", "coordinates": [ 12.327429, 43.305119, 0.0 ] } },
{ "type": "Feature", "properties": { "OBJECTID": 588, "OBJECTID_1": 590.0, "OBJECTID_12": 974.0, "Toponimo_Antiguo": "Pyrgi", "Toponimo_Moderno": "S. Severa", "Provincia": "TUSCIA ET UMBRIA", "Pais": "Italia", "Categoria": "Ciudad" }, "geometry": { "type": "Point", "coordinates": [ 11.963414, 42.015225, 0.0 ] } },
{ "type": "Feature", "properties": { "OBJECTID": 589, "OBJECTID_1": 591.0, "OBJECTID_12": 976.0, "Toponimo_Antiguo": "Rusellae", "Toponimo_Moderno": "Roselle", "Provincia": "TUSCIA ET UMBRIA", "Pais": "Italia", "Categoria": "Ciudad" }, "geometry": { "type": "Point", "coordinates": [ 11.159234, 42.827387, 0.0 ] } },
{ "type": "Feature", "properties": { "OBJECTID": 590, "OBJECTID_1": 592.0, "OBJECTID_12": 977.0, "Toponimo_Antiguo": "Saena", "Toponimo_Moderno": "Sienna", "Provincia": "TUSCIA ET UMBRIA", "Pais": "Italia", "Categoria": "Ciudad" }, "geometry": { "type": "Point", "coordinates": [ 11.330514, 43.318661, 0.0 ] } },
{ "type": "Feature", "properties": { "OBJECTID": 591, "OBJECTID_1": 593.0, "OBJECTID_12": 978.0, "Toponimo_Antiguo": "Saturnia", "Toponimo_Moderno": "Saturnia", "Provincia": "TUSCIA ET UMBRIA", "Pais": "Italia", "Categoria": "Ciudad" }, "geometry": { "type": "Point", "coordinates": [ 11.504827, 42.666255, 0.0 ] } },
{ "type": "Feature", "properties": { "OBJECTID": 592, "OBJECTID_1": 594.0, "OBJECTID_12": 979.0, "Toponimo_Antiguo": "Statonia", "Toponimo_Moderno": "Poggio Buco?", "Provincia": "TUSCIA ET UMBRIA", "Pais": "Italia", "Categoria": "Ciudad" }, "geometry": { "type": "Point", "coordinates": [ 12.279127, 42.520675, 0.0 ] } },
{ "type": "Feature", "properties": { "OBJECTID": 593, "OBJECTID_1": 595.0, "OBJECTID_12": 980.0, "Toponimo_Antiguo": "Suana", "Toponimo_Moderno": "Sovana", "Provincia": "TUSCIA ET UMBRIA", "Pais": "Italia", "Categoria": "Ciudad" }, "geometry": { "type": "Point", "coordinates": [ 11.64704, 42.658622, 0.0 ] } },
{ "type": "Feature", "properties": { "OBJECTID": 594, "OBJECTID_1": 596.0, "OBJECTID_12": 981.0, "Toponimo_Antiguo": "Sutrium", "Toponimo_Moderno": "Sutri", "Provincia": "TUSCIA ET UMBRIA", "Pais": "Italia", "Categoria": "Ciudad" }, "geometry": { "type": "Point", "coordinates": [ 12.224259, 42.241269, 0.0 ] } },
{ "type": "Feature", "properties": { "OBJECTID": 595, "OBJECTID_1": 597.0, "OBJECTID_12": 982.0, "Toponimo_Antiguo": "Tarquinii", "Toponimo_Moderno": "Tarquinia", "Provincia": "TUSCIA ET UMBRIA", "Pais": "Italia", "Categoria": "Ciudad" }, "geometry": { "type": "Point", "coordinates": [ 11.758011, 42.254051, 0.0 ] } },
{ "type": "Feature", "properties": { "OBJECTID": 596, "OBJECTID_1": 598.0, "OBJECTID_12": 983.0, "Toponimo_Antiguo": "Tifernum Tiberinum", "Toponimo_Moderno": "Città di Castello", "Provincia": "TUSCIA ET UMBRIA", "Pais": "Italia", "Categoria": "Ciudad" }, "geometry": { "type": "Point", "coordinates": [ 12.243968, 43.460874, 0.0 ] } },
{ "type": "Feature", "properties": { "OBJECTID": 597, "OBJECTID_1": 599.0, "OBJECTID_12": 984.0, "Toponimo_Antiguo": "Tuscana", "Toponimo_Moderno": "Tuscania", "Provincia": "TUSCIA ET UMBRIA", "Pais": "Italia", "Categoria": "Ciudad" }, "geometry": { "type": "Point", "coordinates": [ 11.872307, 42.417272, 0.0 ] } },
{ "type": "Feature", "properties": { "OBJECTID": 598, "OBJECTID_1": 600.0, "OBJECTID_12": 986.0, "Toponimo_Antiguo": "Vetulonia", "Toponimo_Moderno": "Vetulonia", "Provincia": "TUSCIA ET UMBRIA", "Pais": "Italia", "Categoria": "Ciudad" }, "geometry": { "type": "Point", "coordinates": [ 10.971111, 42.859444, 0.0 ] } },
{ "type": "Feature", "properties": { "OBJECTID": 599, "OBJECTID_1": 601.0, "OBJECTID_12": 987.0, "Toponimo_Antiguo": "Visentium", "Toponimo_Moderno": "Monte Bisenzio", "Provincia": "TUSCIA ET UMBRIA", "Pais": "Italia", "Categoria": "Ciudad" }, "geometry": { "type": "Point", "coordinates": [ 11.871512, 42.569711, 0.0 ] } },
{ "type": "Feature", "properties": { "OBJECTID": 600, "OBJECTID_1": 602.0, "OBJECTID_12": 988.0, "Toponimo_Antiguo": "Volaterra", "Toponimo_Moderno": "Volterra", "Provincia": "TUSCIA ET UMBRIA", "Pais": "Italia", "Categoria": "Ciudad" }, "geometry": { "type": "Point", "coordinates": [ 10.858256, 43.402179, 0.0 ] } },
{ "type": "Feature", "properties": { "OBJECTID": 601, "OBJECTID_1": 603.0, "OBJECTID_12": 989.0, "Toponimo_Antiguo": "Volsinii Novi", "Toponimo_Moderno": "Bolsena", "Provincia": "TUSCIA ET UMBRIA", "Pais": "Italia", "Categoria": "Ciudad" }, "geometry": { "type": "Point", "coordinates": [ 12.02671, 42.737752, 0.0 ] } },
{ "type": "Feature", "properties": { "OBJECTID": 602, "OBJECTID_1": 604.0, "OBJECTID_12": 990.0, "Toponimo_Antiguo": "Vulci", "Toponimo_Moderno": "Volci", "Provincia": "TUSCIA ET UMBRIA", "Pais": "Italia", "Categoria": "Ciudad" }, "geometry": { "type": "Point", "coordinates": [ 11.631667, 42.418889, 0.0 ] } },
{ "type": "Feature", "properties": { "OBJECTID": 603, "OBJECTID_1": 605.0, "OBJECTID_12": 1469.0, "Toponimo_Antiguo": "Liburna", "Toponimo_Moderno": "Livorno", "Provincia": "TUSCIA ET UMBRIA", "Pais": "Italia", "Categoria": "Ciudad" }, "geometry": { "type": "Point", "coordinates": [ 10.316345667000064, 43.527754476000041, 0.0 ] } },
{ "type": "Feature", "properties": { "OBJECTID": 604, "OBJECTID_1": 606.0, "OBJECTID_12": 722.0, "Toponimo_Antiguo": "Abella", "Toponimo_Moderno": "Avella", "Provincia": "CAMPANIA", "Pais": "Italia", "Categoria": "Ciudad" }, "geometry": { "type": "Point", "coordinates": [ 14.601389, 40.96, 0.0 ] } },
{ "type": "Feature", "properties": { "OBJECTID": 605, "OBJECTID_1": 607.0, "OBJECTID_12": 723.0, "Toponimo_Antiguo": "Abellinum", "Toponimo_Moderno": "Avellino", "Provincia": "CAMPANIA", "Pais": "Italia", "Categoria": "Ciudad" }, "geometry": { "type": "Point", "coordinates": [ 14.792723, 40.914749, 0.0 ] } },
{ "type": "Feature", "properties": { "OBJECTID": 606, "OBJECTID_1": 608.0, "OBJECTID_12": 724.0, "Toponimo_Antiguo": "Acerrae", "Toponimo_Moderno": "Acerra", "Provincia": "CAMPANIA", "Pais": "Italia", "Categoria": "Ciudad" }, "geometry": { "type": "Point", "coordinates": [ 14.371049, 40.945557, 0.0 ] } },
{ "type": "Feature", "properties": { "OBJECTID": 607, "OBJECTID_1": 609.0, "OBJECTID_12": 725.0, "Toponimo_Antiguo": "Aletrium", "Toponimo_Moderno": "Alatri", "Provincia": "CAMPANIA", "Pais": "Italia", "Categoria": "Ciudad" }, "geometry": { "type": "Point", "coordinates": [ 13.34211, 41.726495, 0.0 ] } },
{ "type": "Feature", "properties": { "OBJECTID": 608, "OBJECTID_1": 610.0, "OBJECTID_12": 726.0, "Toponimo_Antiguo": "Allifae", "Toponimo_Moderno": "Alife", "Provincia": "CAMPANIA", "Pais": "Italia", "Categoria": "Ciudad" }, "geometry": { "type": "Point", "coordinates": [ 14.330584, 41.328485, 0.0 ] } },
{ "type": "Feature", "properties": { "OBJECTID": 609, "OBJECTID_1": 611.0, "OBJECTID_12": 727.0, "Toponimo_Antiguo": "Anagnia", "Toponimo_Moderno": "Anagni", "Provincia": "CAMPANIA", "Pais": "Italia", "Categoria": "Ciudad" }, "geometry": { "type": "Point", "coordinates": [ 13.158999, 41.742235, 0.0 ] } },
{ "type": "Feature", "properties": { "OBJECTID": 610, "OBJECTID_1": 612.0, "OBJECTID_12": 729.0, "Toponimo_Antiguo": "Aquilonia", "Toponimo_Moderno": "Unknown", "Provincia": "CAMPANIA", "Pais": "Italia", "Categoria": "Ciudad" }, "geometry": { "type": "Point", "coordinates": [ 14.750001, 40.75, 0.0 ] } },
{ "type": "Feature", "properties": { "OBJECTID": 611, "OBJECTID_1": 613.0, "OBJECTID_12": 730.0, "Toponimo_Antiguo": "Aquinum", "Toponimo_Moderno": "Aquino", "Provincia": "CAMPANIA", "Pais": "Italia", "Categoria": "Ciudad" }, "geometry": { "type": "Point", "coordinates": [ 13.70563, 41.492204, 0.0 ] } },
{ "type": "Feature", "properties": { "OBJECTID": 612, "OBJECTID_1": 614.0, "OBJECTID_12": 733.0, "Toponimo_Antiguo": "Arpinum", "Toponimo_Moderno": "Arpino", "Provincia": "CAMPANIA", "Pais": "Italia", "Categoria": "Ciudad" }, "geometry": { "type": "Point", "coordinates": [ 13.60987, 41.648444, 0.0 ] } },
{ "type": "Feature", "properties": { "OBJECTID": 613, "OBJECTID_1": 615.0, "OBJECTID_12": 734.0, "Toponimo_Antiguo": "Atella", "Toponimo_Moderno": "Atella", "Provincia": "CAMPANIA", "Pais": "Italia", "Categoria": "Ciudad" }, "geometry": { "type": "Point", "coordinates": [ 14.269963, 40.980411, 0.0 ] } },
{ "type": "Feature", "properties": { "OBJECTID": 614, "OBJECTID_1": 616.0, "OBJECTID_12": 735.0, "Toponimo_Antiguo": "Atina", "Toponimo_Moderno": "Atina", "Provincia": "CAMPANIA", "Pais": "Italia", "Categoria": "Ciudad" }, "geometry": { "type": "Point", "coordinates": [ 13.799572, 41.619665, 0.0 ] } },
{ "type": "Feature", "properties": { "OBJECTID": 615, "OBJECTID_1": 617.0, "OBJECTID_12": 736.0, "Toponimo_Antiguo": "Baiae", "Toponimo_Moderno": "Baia di Bacoli", "Provincia": "CAMPANIA", "Pais": "Italia", "Categoria": "Ciudad" }, "geometry": { "type": "Point", "coordinates": [ 14.06645, 40.819151, 0.0 ] } },
{ "type": "Feature", "properties": { "OBJECTID": 616, "OBJECTID_1": 618.0, "OBJECTID_12": 738.0, "Toponimo_Antiguo": "Caiatia", "Toponimo_Moderno": "Caiazzo", "Provincia": "CAMPANIA", "Pais": "Italia", "Categoria": "Ciudad" }, "geometry": { "type": "Point", "coordinates": [ 14.366638, 41.177123, 0.0 ] } },
{ "type": "Feature", "properties": { "OBJECTID": 617, "OBJECTID_1": 619.0, "OBJECTID_12": 739.0, "Toponimo_Antiguo": "Calatia", "Toponimo_Moderno": "Giacomo alle Galazze", "Provincia": "CAMPANIA", "Pais": "Italia", "Categoria": "Ciudad" }, "geometry": { "type": "Point", "coordinates": [ 14.377833, 41.041111, 0.0 ] } },
{ "type": "Feature", "properties": { "OBJECTID": 618, "OBJECTID_1": 620.0, "OBJECTID_12": 740.0, "Toponimo_Antiguo": "Cales", "Toponimo_Moderno": "Calvi", "Provincia": "CAMPANIA", "Pais": "Italia", "Categoria": "Ciudad" }, "geometry": { "type": "Point", "coordinates": [ 14.132, 41.2, 0.0 ] } },
{ "type": "Feature", "properties": { "OBJECTID": 619, "OBJECTID_1": 621.0, "OBJECTID_12": 741.0, "Toponimo_Antiguo": "Capua", "Toponimo_Moderno": "S. Maria di Capua Vetere", "Provincia": "CAMPANIA", "Pais": "Italia", "Categoria": "Ciudad" }, "geometry": { "type": "Point", "coordinates": [ 14.256289, 41.081428, 0.0 ] } },
{ "type": "Feature", "properties": { "OBJECTID": 620, "OBJECTID_1": 622.0, "OBJECTID_12": 742.0, "Toponimo_Antiguo": "Casilinum", "Toponimo_Moderno": "Capua", "Provincia": "CAMPANIA", "Pais": "Italia", "Categoria": "Ciudad" }, "geometry": { "type": "Point", "coordinates": [ 14.211983, 41.108736, 0.0 ] } },
{ "type": "Feature", "properties": { "OBJECTID": 621, "OBJECTID_1": 623.0, "OBJECTID_12": 743.0, "Toponimo_Antiguo": "Casinum", "Toponimo_Moderno": "Cassino", "Provincia": "CAMPANIA", "Pais": "Italia", "Categoria": "Ciudad" }, "geometry": { "type": "Point", "coordinates": [ 13.822167, 41.48279, 0.0 ] } },
{ "type": "Feature", "properties": { "OBJECTID": 622, "OBJECTID_1": 624.0, "OBJECTID_12": 745.0, "Toponimo_Antiguo": "Caudium", "Toponimo_Moderno": "Montesarchio", "Provincia": "CAMPANIA", "Pais": "Italia", "Categoria": "Ciudad" }, "geometry": { "type": "Point", "coordinates": [ 14.639671, 41.064374, 0.0 ] } },
{ "type": "Feature", "properties": { "OBJECTID": 623, "OBJECTID_1": 625.0, "OBJECTID_12": 746.0, "Toponimo_Antiguo": "Cereatae", "Toponimo_Moderno": "Casamari", "Provincia": "CAMPANIA", "Pais": "Italia", "Categoria": "Ciudad" }, "geometry": { "type": "Point", "coordinates": [ 13.487, 41.671, 0.0 ] } },
{ "type": "Feature", "properties": { "OBJECTID": 624, "OBJECTID_1": 626.0, "OBJECTID_12": 747.0, "Toponimo_Antiguo": "Circeii", "Toponimo_Moderno": "Circeo", "Provincia": "CAMPANIA", "Pais": "Italia", "Categoria": "Ciudad" }, "geometry": { "type": "Point", "coordinates": [ 13.096265, 41.235628, 0.0 ] } },
{ "type": "Feature", "properties": { "OBJECTID": 625, "OBJECTID_1": 628.0, "OBJECTID_12": 750.0, "Toponimo_Antiguo": "Cubulteria", "Toponimo_Moderno": "Alvignano?", "Provincia": "CAMPANIA", "Pais": "Italia", "Categoria": "Ciudad" }, "geometry": { "type": "Point", "coordinates": [ 14.33333, 41.25, 0.0 ] } },
{ "type": "Feature", "properties": { "OBJECTID": 626, "OBJECTID_1": 629.0, "OBJECTID_12": 751.0, "Toponimo_Antiguo": "Cumae", "Toponimo_Moderno": "Cumae", "Provincia": "CAMPANIA", "Pais": "Italia", "Categoria": "Ciudad" }, "geometry": { "type": "Point", "coordinates": [ 14.056078, 40.847118, 0.0 ] } },
{ "type": "Feature", "properties": { "OBJECTID": 627, "OBJECTID_1": 630.0, "OBJECTID_12": 752.0, "Toponimo_Antiguo": "Fabrateria Nova", "Toponimo_Moderno": "S. Giovanni Incarico", "Provincia": "CAMPANIA", "Pais": "Italia", "Categoria": "Ciudad" }, "geometry": { "type": "Point", "coordinates": [ 13.558926, 41.502833, 0.0 ] } },
{ "type": "Feature", "properties": { "OBJECTID": 628, "OBJECTID_1": 631.0, "OBJECTID_12": 753.0, "Toponimo_Antiguo": "Ferentinum", "Toponimo_Moderno": "Ferentino", "Provincia": "CAMPANIA", "Pais": "Italia", "Categoria": "Ciudad" }, "geometry": { "type": "Point", "coordinates": [ 13.253358, 41.692712, 0.0 ] } },
{ "type": "Feature", "properties": { "OBJECTID": 629, "OBJECTID_1": 632.0, "OBJECTID_12": 754.0, "Toponimo_Antiguo": "Formiae", "Toponimo_Moderno": "Formia", "Provincia": "CAMPANIA", "Pais": "Italia", "Categoria": "Ciudad" }, "geometry": { "type": "Point", "coordinates": [ 13.605914, 41.256351, 0.0 ] } },
{ "type": "Feature", "properties": { "OBJECTID": 630, "OBJECTID_1": 633.0, "OBJECTID_12": 755.0, "Toponimo_Antiguo": "Forum Popili", "Toponimo_Moderno": "Unknown", "Provincia": "CAMPANIA", "Pais": "Italia", "Categoria": "Ciudad" }, "geometry": { "type": "Point", "coordinates": [ 13.96687, 41.17202, 0.0 ] } },
{ "type": "Feature", "properties": { "OBJECTID": 631, "OBJECTID_1": 634.0, "OBJECTID_12": 756.0, "Toponimo_Antiguo": "Frusino", "Toponimo_Moderno": "Frosinone", "Provincia": "CAMPANIA", "Pais": "Italia", "Categoria": "Ciudad" }, "geometry": { "type": "Point", "coordinates": [ 13.351917, 41.639406, 0.0 ] } },
{ "type": "Feature", "properties": { "OBJECTID": 632, "OBJECTID_1": 635.0, "OBJECTID_12": 757.0, "Toponimo_Antiguo": "Fundi", "Toponimo_Moderno": "Fondi", "Provincia": "CAMPANIA", "Pais": "Italia", "Categoria": "Ciudad" }, "geometry": { "type": "Point", "coordinates": [ 13.426786, 41.358806, 0.0 ] } },
{ "type": "Feature", "properties": { "OBJECTID": 633, "OBJECTID_1": 636.0, "OBJECTID_12": 759.0, "Toponimo_Antiguo": "Herculaneum", "Toponimo_Moderno": "Ercolano", "Provincia": "CAMPANIA", "Pais": "Italia", "Categoria": "Ciudad" }, "geometry": { "type": "Point", "coordinates": [ 14.347143, 40.805855, 0.0 ] } },
{ "type": "Feature", "properties": { "OBJECTID": 634, "OBJECTID_1": 637.0, "OBJECTID_12": 760.0, "Toponimo_Antiguo": "Interamna Lirenas", "Toponimo_Moderno": "Pignataro Interamna", "Provincia": "CAMPANIA", "Pais": "Italia", "Categoria": "Ciudad" }, "geometry": { "type": "Point", "coordinates": [ 13.787852, 41.438332, 0.0 ] } },
{ "type": "Feature", "properties": { "OBJECTID": 635, "OBJECTID_1": 638.0, "OBJECTID_12": 764.0, "Toponimo_Antiguo": "Liternum", "Toponimo_Moderno": "Unknown", "Provincia": "CAMPANIA", "Pais": "Italia", "Categoria": "Ciudad" }, "geometry": { "type": "Point", "coordinates": [ 14.030095, 40.921005, 0.0 ] } },
{ "type": "Feature", "properties": { "OBJECTID": 636, "OBJECTID_1": 639.0, "OBJECTID_12": 765.0, "Toponimo_Antiguo": "Minturnae", "Toponimo_Moderno": "Minturno", "Provincia": "CAMPANIA", "Pais": "Italia", "Categoria": "Ciudad" }, "geometry": { "type": "Point", "coordinates": [ 13.74664, 41.262771, 0.0 ] } },
{ "type": "Feature", "properties": { "OBJECTID": 637, "OBJECTID_1": 640.0, "OBJECTID_12": 766.0, "Toponimo_Antiguo": "Misenum", "Toponimo_Moderno": "Miseno", "Provincia": "CAMPANIA", "Pais": "Italia", "Categoria": "Ciudad" }, "geometry": { "type": "Point", "coordinates": [ 14.084886, 40.786274, 0.0 ] } },
{ "type": "Feature", "properties": { "OBJECTID": 638, "OBJECTID_1": 641.0, "OBJECTID_12": 767.0, "Toponimo_Antiguo": "Neapolis", "Toponimo_Moderno": "Naples", "Provincia": "CAMPANIA", "Pais": "Italia", "Categoria": "Capital Provincia" }, "geometry": { "type": "Point", "coordinates": [ 14.251636, 40.840097, 0.0 ] } },
{ "type": "Feature", "properties": { "OBJECTID": 639, "OBJECTID_1": 642.0, "OBJECTID_12": 768.0, "Toponimo_Antiguo": "Nola", "Toponimo_Moderno": "Nola", "Provincia": "CAMPANIA", "Pais": "Italia", "Categoria": "Ciudad" }, "geometry": { "type": "Point", "coordinates": [ 14.528564, 40.925877, 0.0 ] } },
{ "type": "Feature", "properties": { "OBJECTID": 640, "OBJECTID_1": 643.0, "OBJECTID_12": 773.0, "Toponimo_Antiguo": "Pompeii", "Toponimo_Moderno": "Pompei", "Provincia": "CAMPANIA", "Pais": "Italia", "Categoria": "Ciudad" }, "geometry": { "type": "Point", "coordinates": [ 14.484821, 40.749283, 0.0 ] } },
{ "type": "Feature", "properties": { "OBJECTID": 641, "OBJECTID_1": 644.0, "OBJECTID_12": 774.0, "Toponimo_Antiguo": "Pontia", "Toponimo_Moderno": "Ponza", "Provincia": "CAMPANIA", "Pais": "Italia", "Categoria": "Ciudad" }, "geometry": { "type": "Point", "coordinates": [ 12.965089, 40.892523, 0.0 ] } },
{ "type": "Feature", "properties": { "OBJECTID": 642, "OBJECTID_1": 645.0, "OBJECTID_12": 776.0, "Toponimo_Antiguo": "Privernum", "Toponimo_Moderno": "Priverno", "Provincia": "CAMPANIA", "Pais": "Italia", "Categoria": "Ciudad" }, "geometry": { "type": "Point", "coordinates": [ 13.180367, 41.472643, 0.0 ] } },
{ "type": "Feature", "properties": { "OBJECTID": 643, "OBJECTID_1": 646.0, "OBJECTID_12": 777.0, "Toponimo_Antiguo": "Puteoli", "Toponimo_Moderno": "Pozzuoli", "Provincia": "CAMPANIA", "Pais": "Italia", "Categoria": "Ciudad" }, "geometry": { "type": "Point", "coordinates": [ 14.125078, 40.825869, 0.0 ] } },
{ "type": "Feature", "properties": { "OBJECTID": 644, "OBJECTID_1": 647.0, "OBJECTID_12": 779.0, "Toponimo_Antiguo": "Saticula", "Toponimo_Moderno": "S. Agata de Goti", "Provincia": "CAMPANIA", "Pais": "Italia", "Categoria": "Ciudad" }, "geometry": { "type": "Point", "coordinates": [ 14.504636, 41.090469, 0.0 ] } },
{ "type": "Feature", "properties": { "OBJECTID": 645, "OBJECTID_1": 648.0, "OBJECTID_12": 780.0, "Toponimo_Antiguo": "Setia", "Toponimo_Moderno": "Sezze", "Provincia": "CAMPANIA", "Pais": "Italia", "Categoria": "Ciudad" }, "geometry": { "type": "Point", "coordinates": [ 13.058893, 41.498643, 0.0 ] } },
{ "type": "Feature", "properties": { "OBJECTID": 646, "OBJECTID_1": 649.0, "OBJECTID_12": 782.0, "Toponimo_Antiguo": "Sinuessa", "Toponimo_Moderno": "Mondragone", "Provincia": "CAMPANIA", "Pais": "Italia", "Categoria": "Ciudad" }, "geometry": { "type": "Point", "coordinates": [ 13.894556, 41.115167, 0.0 ] } },
{ "type": "Feature", "properties": { "OBJECTID": 647, "OBJECTID_1": 650.0, "OBJECTID_12": 783.0, "Toponimo_Antiguo": "Sora", "Toponimo_Moderno": "Sora", "Provincia": "CAMPANIA", "Pais": "Italia", "Categoria": "Ciudad" }, "geometry": { "type": "Point", "coordinates": [ 13.616791, 41.717925, 0.0 ] } },
{ "type": "Feature", "properties": { "OBJECTID": 648, "OBJECTID_1": 651.0, "OBJECTID_12": 784.0, "Toponimo_Antiguo": "Suessa", "Toponimo_Moderno": "Sessa Aurunca", "Provincia": "CAMPANIA", "Pais": "Italia", "Categoria": "Ciudad" }, "geometry": { "type": "Point", "coordinates": [ 13.933661, 41.236115, 0.0 ] } },
{ "type": "Feature", "properties": { "OBJECTID": 649, "OBJECTID_1": 652.0, "OBJECTID_12": 785.0, "Toponimo_Antiguo": "Suessula", "Toponimo_Moderno": "Near Acerra", "Provincia": "CAMPANIA", "Pais": "Italia", "Categoria": "Ciudad" }, "geometry": { "type": "Point", "coordinates": [ 14.398876, 40.990548, 0.0 ] } },
{ "type": "Feature", "properties": { "OBJECTID": 650, "OBJECTID_1": 653.0, "OBJECTID_12": 787.0, "Toponimo_Antiguo": "Tarracina", "Toponimo_Moderno": "Terracina", "Provincia": "CAMPANIA", "Pais": "Italia", "Categoria": "Ciudad" }, "geometry": { "type": "Point", "coordinates": [ 13.248865, 41.291217, 0.0 ] } },
{ "type": "Feature", "properties": { "OBJECTID": 651, "OBJECTID_1": 654.0, "OBJECTID_12": 788.0, "Toponimo_Antiguo": "Teanum Sidicinum", "Toponimo_Moderno": "Teano", "Provincia": "CAMPANIA", "Pais": "Italia", "Categoria": "Ciudad" }, "geometry": { "type": "Point", "coordinates": [ 14.049598, 41.269557, 0.0 ] } },
{ "type": "Feature", "properties": { "OBJECTID": 652, "OBJECTID_1": 655.0, "OBJECTID_12": 789.0, "Toponimo_Antiguo": "Telesia", "Toponimo_Moderno": "Telese Terme", "Provincia": "CAMPANIA", "Pais": "Italia", "Categoria": "Ciudad" }, "geometry": { "type": "Point", "coordinates": [ 14.528778, 41.218463, 0.0 ] } },
{ "type": "Feature", "properties": { "OBJECTID": 653, "OBJECTID_1": 656.0, "OBJECTID_12": 790.0, "Toponimo_Antiguo": "Treba", "Toponimo_Moderno": "Trevi", "Provincia": "CAMPANIA", "Pais": "Italia", "Categoria": "Ciudad" }, "geometry": { "type": "Point", "coordinates": [ 13.248674, 41.862465, 0.0 ] } },
{ "type": "Feature", "properties": { "OBJECTID": 654, "OBJECTID_1": 657.0, "OBJECTID_12": 791.0, "Toponimo_Antiguo": "Trebula Balliensis", "Toponimo_Moderno": "Treglia", "Provincia": "CAMPANIA", "Pais": "Italia", "Categoria": "Ciudad" }, "geometry": { "type": "Point", "coordinates": [ 14.259857, 41.227259, 0.0 ] } },
{ "type": "Feature", "properties": { "OBJECTID": 655, "OBJECTID_1": 658.0, "OBJECTID_12": 795.0, "Toponimo_Antiguo": "Venafrum", "Toponimo_Moderno": "Venafro", "Provincia": "CAMPANIA", "Pais": "Italia", "Categoria": "Ciudad" }, "geometry": { "type": "Point", "coordinates": [ 14.043465, 41.485659, 0.0 ] } },
{ "type": "Feature", "properties": { "OBJECTID": 656, "OBJECTID_1": 659.0, "OBJECTID_12": 796.0, "Toponimo_Antiguo": "Verulae", "Toponimo_Moderno": "Veroli", "Provincia": "CAMPANIA", "Pais": "Italia", "Categoria": "Ciudad" }, "geometry": { "type": "Point", "coordinates": [ 13.41736, 41.690616, 0.0 ] } },
{ "type": "Feature", "properties": { "OBJECTID": 657, "OBJECTID_1": 660.0, "OBJECTID_12": 798.0, "Toponimo_Antiguo": "Volturnum", "Toponimo_Moderno": "Volturno", "Provincia": "CAMPANIA", "Pais": "Italia", "Categoria": "Ciudad" }, "geometry": { "type": "Point", "coordinates": [ 13.940276, 41.021722, 0.0 ] } },
{ "type": "Feature", "properties": { "OBJECTID": 658, "OBJECTID_1": 661.0, "OBJECTID_12": 728.0, "Toponimo_Antiguo": "Antium", "Toponimo_Moderno": "Anzio", "Provincia": "ROMA URBS", "Pais": "Italia", "Categoria": "Ciudad" }, "geometry": { "type": "Point", "coordinates": [ 12.629052, 41.447947, 0.0 ] } },
{ "type": "Feature", "properties": { "OBJECTID": 659, "OBJECTID_1": 662.0, "OBJECTID_12": 731.0, "Toponimo_Antiguo": "Ardea", "Toponimo_Moderno": "Ardea", "Provincia": "ROMA URBS", "Pais": "Italia", "Categoria": "Ciudad" }, "geometry": { "type": "Point", "coordinates": [ 12.510598, 41.611502, 0.0 ] } },
{ "type": "Feature", "properties": { "OBJECTID": 660, "OBJECTID_1": 663.0, "OBJECTID_12": 732.0, "Toponimo_Antiguo": "Aricia", "Toponimo_Moderno": "Ariccia", "Provincia": "ROMA URBS", "Pais": "Italia", "Categoria": "Ciudad" }, "geometry": { "type": "Point", "coordinates": [ 12.664436, 41.731719, 0.0 ] } },
{ "type": "Feature", "properties": { "OBJECTID": 661, "OBJECTID_1": 664.0, "OBJECTID_12": 737.0, "Toponimo_Antiguo": "Bovillae", "Toponimo_Moderno": "Frattocchie", "Provincia": "ROMA URBS", "Pais": "Italia", "Categoria": "Ciudad" }, "geometry": { "type": "Point", "coordinates": [ 12.60986, 41.743602, 0.0 ] } },
{ "type": "Feature", "properties": { "OBJECTID": 662, "OBJECTID_1": 665.0, "OBJECTID_12": 744.0, "Toponimo_Antiguo": "Castrimoenium", "Toponimo_Moderno": "Marino", "Provincia": "ROMA URBS", "Pais": "Italia", "Categoria": "Ciudad" }, "geometry": { "type": "Point", "coordinates": [ 12.666646, 41.766575, 0.0 ] } },
{ "type": "Feature", "properties": { "OBJECTID": 663, "OBJECTID_1": 666.0, "OBJECTID_12": 749.0, "Toponimo_Antiguo": "Cora", "Toponimo_Moderno": "Cori a Valle", "Provincia": "ROMA URBS", "Pais": "Italia", "Categoria": "Ciudad" }, "geometry": { "type": "Point", "coordinates": [ 12.91612, 41.642797, 0.0 ] } },
{ "type": "Feature", "properties": { "OBJECTID": 664, "OBJECTID_1": 667.0, "OBJECTID_12": 758.0, "Toponimo_Antiguo": "Gabii", "Toponimo_Moderno": "Castiglione", "Provincia": "ROMA URBS", "Pais": "Italia", "Categoria": "Ciudad" }, "geometry": { "type": "Point", "coordinates": [ 12.715833, 41.886944, 0.0 ] } },
{ "type": "Feature", "properties": { "OBJECTID": 665, "OBJECTID_1": 668.0, "OBJECTID_12": 761.0, "Toponimo_Antiguo": "Labicum", "Toponimo_Moderno": "Monte Compatri", "Provincia": "ROMA URBS", "Pais": "Italia", "Categoria": "Ciudad" }, "geometry": { "type": "Point", "coordinates": [ 12.736409, 41.80752, 0.0 ] } },
{ "type": "Feature", "properties": { "OBJECTID": 666, "OBJECTID_1": 669.0, "OBJECTID_12": 762.0, "Toponimo_Antiguo": "Lanuvium", "Toponimo_Moderno": "Lanuvio", "Provincia": "ROMA URBS", "Pais": "Italia", "Categoria": "Ciudad" }, "geometry": { "type": "Point", "coordinates": [ 12.69758, 41.674696, 0.0 ] } },
{ "type": "Feature", "properties": { "OBJECTID": 667, "OBJECTID_1": 670.0, "OBJECTID_12": 763.0, "Toponimo_Antiguo": "Lavinium", "Toponimo_Moderno": "Pratica di Mare", "Provincia": "ROMA URBS", "Pais": "Italia", "Categoria": "Ciudad" }, "geometry": { "type": "Point", "coordinates": [ 12.470884, 41.667974, 0.0 ] } },
{ "type": "Feature", "properties": { "OBJECTID": 668, "OBJECTID_1": 671.0, "OBJECTID_12": 769.0, "Toponimo_Antiguo": "Norba", "Toponimo_Moderno": "Norma", "Provincia": "ROMA URBS", "Pais": "Italia", "Categoria": "Ciudad" }, "geometry": { "type": "Point", "coordinates": [ 12.960278, 41.591667, 0.0 ] } },
{ "type": "Feature", "properties": { "OBJECTID": 669, "OBJECTID_1": 672.0, "OBJECTID_12": 771.0, "Toponimo_Antiguo": "Ostia", "Toponimo_Moderno": "Ostia", "Provincia": "ROMA URBS", "Pais": "Italia", "Categoria": "Ciudad" }, "geometry": { "type": "Point", "coordinates": [ 12.288323, 41.753798, 0.0 ] } },
{ "type": "Feature", "properties": { "OBJECTID": 670, "OBJECTID_1": 673.0, "OBJECTID_12": 775.0, "Toponimo_Antiguo": "Praeneste", "Toponimo_Moderno": "Palestrina", "Provincia": "ROMA URBS", "Pais": "Italia", "Categoria": "Ciudad" }, "geometry": { "type": "Point", "coordinates": [ 12.892377, 41.840006, 0.0 ] } },
{ "type": "Feature", "properties": { "OBJECTID": 671, "OBJECTID_1": 674.0, "OBJECTID_12": 781.0, "Toponimo_Antiguo": "Signia", "Toponimo_Moderno": "Segni", "Provincia": "ROMA URBS", "Pais": "Italia", "Categoria": "Ciudad" }, "geometry": { "type": "Point", "coordinates": [ 13.024373, 41.692178, 0.0 ] } },
{ "type": "Feature", "properties": { "OBJECTID": 672, "OBJECTID_1": 675.0, "OBJECTID_12": 792.0, "Toponimo_Antiguo": "Tusculum", "Toponimo_Moderno": "Tuscolo", "Provincia": "ROMA URBS", "Pais": "Italia", "Categoria": "Ciudad" }, "geometry": { "type": "Point", "coordinates": [ 12.70869, 41.798377, 0.0 ] } },
{ "type": "Feature", "properties": { "OBJECTID": 673, "OBJECTID_1": 676.0, "OBJECTID_12": 793.0, "Toponimo_Antiguo": "Ulubrae", "Toponimo_Moderno": "Sermoneta", "Provincia": "ROMA URBS", "Pais": "Italia", "Categoria": "Ciudad" }, "geometry": { "type": "Point", "coordinates": [ 12.983699, 41.549836, 0.0 ] } },
{ "type": "Feature", "properties": { "OBJECTID": 674, "OBJECTID_1": 677.0, "OBJECTID_12": 794.0, "Toponimo_Antiguo": "Velitrae", "Toponimo_Moderno": "Velletri", "Provincia": "ROMA URBS", "Pais": "Italia", "Categoria": "Ciudad" }, "geometry": { "type": "Point", "coordinates": [ 12.777943, 41.688987, 0.0 ] } },
{ "type": "Feature", "properties": { "OBJECTID": 675, "OBJECTID_1": 678.0, "OBJECTID_12": 797.0, "Toponimo_Antiguo": "Vitellia", "Toponimo_Moderno": "Civitella?", "Provincia": "ROMA URBS", "Pais": "Italia", "Categoria": "Ciudad" }, "geometry": { "type": "Point", "coordinates": [ 12.77899, 41.882296, 0.0 ] } },
{ "type": "Feature", "properties": { "OBJECTID": 676, "OBJECTID_1": 679.0, "OBJECTID_12": 885.0, "Toponimo_Antiguo": "Tibur", "Toponimo_Moderno": "Tivoli", "Provincia": "ROMA URBS", "Pais": "Italia", "Categoria": "Ciudad" }, "geometry": { "type": "Point", "coordinates": [ 12.798272, 41.963579, 0.0 ] } },
{ "type": "Feature", "properties": { "OBJECTID": 677, "OBJECTID_1": 680.0, "OBJECTID_12": 887.0, "Toponimo_Antiguo": "Trebula Suffenas", "Toponimo_Moderno": "Unlocated", "Provincia": "ROMA URBS", "Pais": "Italia", "Categoria": "Ciudad" }, "geometry": { "type": "Point", "coordinates": [ 12.937703, 41.95424, 0.0 ] } },
{ "type": "Feature", "properties": { "OBJECTID": 678, "OBJECTID_1": 681.0, "OBJECTID_12": 948.0, "Toponimo_Antiguo": "Caere", "Toponimo_Moderno": "Cerveteri", "Provincia": "ROMA URBS", "Pais": "Italia", "Categoria": "Ciudad" }, "geometry": { "type": "Point", "coordinates": [ 12.093463, 41.993778, 0.0 ] } },
{ "type": "Feature", "properties": { "OBJECTID": 679, "OBJECTID_1": 682.0, "OBJECTID_12": 958.0, "Toponimo_Antiguo": "Fidenae", "Toponimo_Moderno": "Fidene", "Provincia": "ROMA URBS", "Pais": "Italia", "Categoria": "Ciudad" }, "geometry": { "type": "Point", "coordinates": [ 12.515431, 41.982054, 0.0 ] } },
{ "type": "Feature", "properties": { "OBJECTID": 680, "OBJECTID_1": 683.0, "OBJECTID_12": 961.0, "Toponimo_Antiguo": "Fregenae", "Toponimo_Moderno": "Fregenae", "Provincia": "ROMA URBS", "Pais": "Italia", "Categoria": "Ciudad" }, "geometry": { "type": "Point", "coordinates": [ 12.193359, 41.85328, 0.0 ] } },
{ "type": "Feature", "properties": { "OBJECTID": 681, "OBJECTID_1": 684.0, "OBJECTID_12": 973.0, "Toponimo_Antiguo": "Portus", "Toponimo_Moderno": "Fuimicino", "Provincia": "ROMA URBS", "Pais": "Italia", "Categoria": "Ciudad" }, "geometry": { "type": "Point", "coordinates": [ 12.266667, 41.779167, 0.0 ] } },
{ "type": "Feature", "properties": { "OBJECTID": 682, "OBJECTID_1": 685.0, "OBJECTID_12": 975.0, "Toponimo_Antiguo": "Roma", "Toponimo_Moderno": "Rome", "Provincia": "ROMA URBS", "Pais": "Italia", "Categoria": "Capital Imperial" }, "geometry": { "type": "Point", "coordinates": [ 12.485098, 41.892777, 0.0 ] } },
{ "type": "Feature", "properties": { "OBJECTID": 683, "OBJECTID_1": 686.0, "OBJECTID_12": 985.0, "Toponimo_Antiguo": "Veii", "Toponimo_Moderno": "Veio", "Provincia": "ROMA URBS", "Pais": "Italia", "Categoria": "Ciudad" }, "geometry": { "type": "Point", "coordinates": [ 12.395451, 42.021684, 0.0 ] } },
{ "type": "Feature", "properties": { "OBJECTID": 684, "OBJECTID_1": 687.0, "OBJECTID_12": 222.0, "Toponimo_Antiguo": "Augusta Taurinorum", "Toponimo_Moderno": "Turin", "Provincia": "ALPES COTTIAE", "Pais": "Italia", "Categoria": "Ciudad" }, "geometry": { "type": "Point", "coordinates": [ 7.686619, 45.070562, 0.0 ] } },
{ "type": "Feature", "properties": { "OBJECTID": 685, "OBJECTID_1": 688.0, "OBJECTID_12": 223.0, "Toponimo_Antiguo": "Segusio", "Toponimo_Moderno": "Susa", "Provincia": "ALPES POENIAE ET GRAIAE", "Pais": "Italia", "Categoria": "Ciudad" }, "geometry": { "type": "Point", "coordinates": [ 7.048414, 45.138485, 0.0 ] } },
{ "type": "Feature", "properties": { "OBJECTID": 686, "OBJECTID_1": 689.0, "OBJECTID_12": 227.0, "Toponimo_Antiguo": "Pedona", "Toponimo_Moderno": "Borgo S. Dalmazzo", "Provincia": "ALPES COTTIAE", "Pais": "Italia", "Categoria": "Ciudad" }, "geometry": { "type": "Point", "coordinates": [ 7.468616, 44.335303, 0.0 ] } },
{ "type": "Feature", "properties": { "OBJECTID": 687, "OBJECTID_1": 690.0, "OBJECTID_12": 1009.0, "Toponimo_Antiguo": "Alba Pompeia", "Toponimo_Moderno": "Alba", "Provincia": "ALPES COTTIAE", "Pais": "Italia", "Categoria": "Ciudad" }, "geometry": { "type": "Point", "coordinates": [ 8.035259, 44.700862, 0.0 ] } },
{ "type": "Feature", "properties": { "OBJECTID": 688, "OBJECTID_1": 691.0, "OBJECTID_12": 1010.0, "Toponimo_Antiguo": "Albingaunum", "Toponimo_Moderno": "Albenga", "Provincia": "ALPES COTTIAE", "Pais": "Italia", "Categoria": "Ciudad" }, "geometry": { "type": "Point", "coordinates": [ 8.212805, 44.048935, 0.0 ] } },
{ "type": "Feature", "properties": { "OBJECTID": 689, "OBJECTID_1": 692.0, "OBJECTID_12": 1011.0, "Toponimo_Antiguo": "Albintimilium", "Toponimo_Moderno": "Ventimiglia", "Provincia": "ALPES MARITIMAE", "Pais": "Italia", "Categoria": "Ciudad" }, "geometry": { "type": "Point", "coordinates": [ 7.625772, 43.789147, 0.0 ] } },
{ "type": "Feature", "properties": { "OBJECTID": 690, "OBJECTID_1": 693.0, "OBJECTID_12": 1012.0, "Toponimo_Antiguo": "Aquae Statiellae", "Toponimo_Moderno": "Acqui Terme", "Provincia": "ALPES COTTIAE", "Pais": "Italia", "Categoria": "Ciudad" }, "geometry": { "type": "Point", "coordinates": [ 8.470669, 44.675527, 0.0 ] } },
{ "type": "Feature", "properties": { "OBJECTID": 691, "OBJECTID_1": 694.0, "OBJECTID_12": 1013.0, "Toponimo_Antiguo": "Augusta Bagiennorum", "Toponimo_Moderno": "Benevagienna", "Provincia": "ALPES COTTIAE", "Pais": "Italia", "Categoria": "Ciudad" }, "geometry": { "type": "Point", "coordinates": [ 7.857836, 44.561573, 0.0 ] } },
{ "type": "Feature", "properties": { "OBJECTID": 692, "OBJECTID_1": 695.0, "OBJECTID_12": 1014.0, "Toponimo_Antiguo": "Carreum", "Toponimo_Moderno": "Chieri", "Provincia": "ALPES COTTIAE", "Pais": "Italia", "Categoria": "Ciudad" }, "geometry": { "type": "Point", "coordinates": [ 7.828285, 45.006852, 0.0 ] } },
{ "type": "Feature", "properties": { "OBJECTID": 693, "OBJECTID_1": 696.0, "OBJECTID_12": 1015.0, "Toponimo_Antiguo": "Dertona", "Toponimo_Moderno": "Tortona", "Provincia": "ALPES COTTIAE", "Pais": "Italia", "Categoria": "Ciudad" }, "geometry": { "type": "Point", "coordinates": [ 8.865485, 44.897171, 0.0 ] } },
{ "type": "Feature", "properties": { "OBJECTID": 694, "OBJECTID_1": 697.0, "OBJECTID_12": 1016.0, "Toponimo_Antiguo": "Genua", "Toponimo_Moderno": "Genoa", "Provincia": "ALPES COTTIAE", "Pais": "Italia", "Categoria": "Capital Provincia" }, "geometry": { "type": "Point", "coordinates": [ 8.932748, 44.411119, 0.0 ] } },
{ "type": "Feature", "properties": { "OBJECTID": 695, "OBJECTID_1": 698.0, "OBJECTID_12": 1017.0, "Toponimo_Antiguo": "Hasta", "Toponimo_Moderno": "Asti", "Provincia": "ALPES COTTIAE", "Pais": "Italia", "Categoria": "Ciudad" }, "geometry": { "type": "Point", "coordinates": [ 8.207778, 44.898889, 0.0 ] } },
{ "type": "Feature", "properties": { "OBJECTID": 696, "OBJECTID_1": 699.0, "OBJECTID_12": 1019.0, "Toponimo_Antiguo": "Iria", "Toponimo_Moderno": "Voghera", "Provincia": "ALPES COTTIAE", "Pais": "Italia", "Categoria": "Ciudad" }, "geometry": { "type": "Point", "coordinates": [ 9.009227, 44.9922, 0.0 ] } },
{ "type": "Feature", "properties": { "OBJECTID": 697, "OBJECTID_1": 700.0, "OBJECTID_12": 1020.0, "Toponimo_Antiguo": "Libarna", "Toponimo_Moderno": "Serravalle Scrivia", "Provincia": "ALPES COTTIAE", "Pais": "Italia", "Categoria": "Ciudad" }, "geometry": { "type": "Point", "coordinates": [ 8.861004, 44.709915, 0.0 ] } },
{ "type": "Feature", "properties": { "OBJECTID": 698, "OBJECTID_1": 701.0, "OBJECTID_12": 1021.0, "Toponimo_Antiguo": "Vada Sabatia", "Toponimo_Moderno": "Vado Ligure", "Provincia": "ALPES COTTIAE", "Pais": "Italia", "Categoria": "Ciudad" }, "geometry": { "type": "Point", "coordinates": [ 8.437811, 44.27082, 0.0 ] } },
{ "type": "Feature", "properties": { "OBJECTID": 699, "OBJECTID_1": 702.0, "OBJECTID_12": 878.0, "Toponimo_Antiguo": "Pinna", "Toponimo_Moderno": "S. Domenico", "Provincia": "PICENUM SUBURBICARIUM", "Pais": "Italia", "Categoria": "Ciudad" }, "geometry": { "type": "Point", "coordinates": [ 13.927488, 42.457647, 0.0 ] } },
{ "type": "Feature", "properties": { "OBJECTID": 700, "OBJECTID_1": 703.0, "OBJECTID_12": 888.0, "Toponimo_Antiguo": "Ancona", "Toponimo_Moderno": "Ancona", "Provincia": "PICENUM SUBURBICARIUM", "Pais": "Italia", "Categoria": "Ciudad" }, "geometry": { "type": "Point", "coordinates": [ 13.518757, 43.615857, 0.0 ] } },
{ "type": "Feature", "properties": { "OBJECTID": 701, "OBJECTID_1": 704.0, "OBJECTID_12": 889.0, "Toponimo_Antiguo": "Asculum", "Toponimo_Moderno": "Ascoli Piceno", "Provincia": "PICENUM SUBURBICARIUM", "Pais": "Italia", "Categoria": "Capital Provincia" }, "geometry": { "type": "Point", "coordinates": [ 13.575401, 42.854273, 0.0 ] } },
{ "type": "Feature", "properties": { "OBJECTID": 702, "OBJECTID_1": 705.0, "OBJECTID_12": 890.0, "Toponimo_Antiguo": "Atria", "Toponimo_Moderno": "Atri", "Provincia": "PICENUM SUBURBICARIUM", "Pais": "Italia", "Categoria": "Ciudad" }, "geometry": { "type": "Point", "coordinates": [ 13.975858, 42.579977, 0.0 ] } },
{ "type": "Feature", "properties": { "OBJECTID": 703, "OBJECTID_1": 706.0, "OBJECTID_12": 891.0, "Toponimo_Antiguo": "Auximum", "Toponimo_Moderno": "Osimo", "Provincia": "PICENUM SUBURBICARIUM", "Pais": "Italia", "Categoria": "Ciudad" }, "geometry": { "type": "Point", "coordinates": [ 13.485524, 43.485838, 0.0 ] } },
{ "type": "Feature", "properties": { "OBJECTID": 704, "OBJECTID_1": 707.0, "OBJECTID_12": 892.0, "Toponimo_Antiguo": "Castrum Novum", "Toponimo_Moderno": "Giulianova", "Provincia": "PICENUM SUBURBICARIUM", "Pais": "Italia", "Categoria": "Ciudad" }, "geometry": { "type": "Point", "coordinates": [ 13.966112, 42.753362, 0.0 ] } },
{ "type": "Feature", "properties": { "OBJECTID": 705, "OBJECTID_1": 708.0, "OBJECTID_12": 893.0, "Toponimo_Antiguo": "Cluana", "Toponimo_Moderno": "Portocivitanova", "Provincia": "PICENUM SUBURBICARIUM", "Pais": "Italia", "Categoria": "Ciudad" }, "geometry": { "type": "Point", "coordinates": [ 13.730452, 43.304794, 0.0 ] } },
{ "type": "Feature", "properties": { "OBJECTID": 706, "OBJECTID_1": 709.0, "OBJECTID_12": 894.0, "Toponimo_Antiguo": "Falerio", "Toponimo_Moderno": "Falerone", "Provincia": "PICENUM SUBURBICARIUM", "Pais": "Italia", "Categoria": "Ciudad" }, "geometry": { "type": "Point", "coordinates": [ 13.470265, 43.105492, 0.0 ] } },
{ "type": "Feature", "properties": { "OBJECTID": 707, "OBJECTID_1": 710.0, "OBJECTID_12": 895.0, "Toponimo_Antiguo": "Firmum", "Toponimo_Moderno": "Fermo", "Provincia": "PICENUM SUBURBICARIUM", "Pais": "Italia", "Categoria": "Ciudad" }, "geometry": { "type": "Point", "coordinates": [ 13.724222, 43.16563, 0.0 ] } },
{ "type": "Feature", "properties": { "OBJECTID": 708, "OBJECTID_1": 711.0, "OBJECTID_12": 896.0, "Toponimo_Antiguo": "Helvia Ricina", "Toponimo_Moderno": "Ricina", "Provincia": "PICENUM SUBURBICARIUM", "Pais": "Italia", "Categoria": "Ciudad" }, "geometry": { "type": "Point", "coordinates": [ 13.424, 43.3279, 0.0 ] } },
{ "type": "Feature", "properties": { "OBJECTID": 709, "OBJECTID_1": 712.0, "OBJECTID_12": 897.0, "Toponimo_Antiguo": "Interamnia Praetuttiorum", "Toponimo_Moderno": "Teramo", "Provincia": "PICENUM SUBURBICARIUM", "Pais": "Italia", "Categoria": "Ciudad" }, "geometry": { "type": "Point", "coordinates": [ 13.700768, 42.659733, 0.0 ] } },
{ "type": "Feature", "properties": { "OBJECTID": 710, "OBJECTID_1": 713.0, "OBJECTID_12": 898.0, "Toponimo_Antiguo": "Numana", "Toponimo_Moderno": "Numana", "Provincia": "PICENUM SUBURBICARIUM", "Pais": "Italia", "Categoria": "Ciudad" }, "geometry": { "type": "Point", "coordinates": [ 13.622062, 43.510254, 0.0 ] } },
{ "type": "Feature", "properties": { "OBJECTID": 711, "OBJECTID_1": 714.0, "OBJECTID_12": 899.0, "Toponimo_Antiguo": "Pausulae", "Toponimo_Moderno": "Corridonia", "Provincia": "PICENUM SUBURBICARIUM", "Pais": "Italia", "Categoria": "Ciudad" }, "geometry": { "type": "Point", "coordinates": [ 13.510245, 43.248496, 0.0 ] } },
{ "type": "Feature", "properties": { "OBJECTID": 712, "OBJECTID_1": 715.0, "OBJECTID_12": 900.0, "Toponimo_Antiguo": "Pollentia", "Toponimo_Moderno": "Pollenzo", "Provincia": "PICENUM SUBURBICARIUM", "Pais": "Italia", "Categoria": "Ciudad" }, "geometry": { "type": "Point", "coordinates": [ 13.348377, 43.266889, 0.0 ] } },
{ "type": "Feature", "properties": { "OBJECTID": 713, "OBJECTID_1": 716.0, "OBJECTID_12": 901.0, "Toponimo_Antiguo": "Potentia", "Toponimo_Moderno": "S. Maria a Potenza", "Provincia": "PICENUM SUBURBICARIUM", "Pais": "Italia", "Categoria": "Ciudad" }, "geometry": { "type": "Point", "coordinates": [ 13.67103, 43.414635, 0.0 ] } },
{ "type": "Feature", "properties": { "OBJECTID": 714, "OBJECTID_1": 717.0, "OBJECTID_12": 902.0, "Toponimo_Antiguo": "Tolentinum", "Toponimo_Moderno": "Tolentino", "Provincia": "PICENUM SUBURBICARIUM", "Pais": "Italia", "Categoria": "Ciudad" }, "geometry": { "type": "Point", "coordinates": [ 13.283408, 43.209532, 0.0 ] } },
{ "type": "Feature", "properties": { "OBJECTID": 715, "OBJECTID_1": 718.0, "OBJECTID_12": 903.0, "Toponimo_Antiguo": "Trea", "Toponimo_Moderno": "Treia", "Provincia": "PICENUM SUBURBICARIUM", "Pais": "Italia", "Categoria": "Ciudad" }, "geometry": { "type": "Point", "coordinates": [ 13.312548, 43.311591, 0.0 ] } },
{ "type": "Feature", "properties": { "OBJECTID": 716, "OBJECTID_1": 719.0, "OBJECTID_12": 904.0, "Toponimo_Antiguo": "Urbs Salvia", "Toponimo_Moderno": "Urbisaglia", "Provincia": "PICENUM SUBURBICARIUM", "Pais": "Italia", "Categoria": "Ciudad" }, "geometry": { "type": "Point", "coordinates": [ 13.381379, 43.198353, 0.0 ] } },
{ "type": "Feature", "properties": { "OBJECTID": 717, "OBJECTID_1": 720.0, "OBJECTID_12": 905.0, "Toponimo_Antiguo": "Aesis", "Toponimo_Moderno": "Iesi", "Provincia": "PICENUM SUBURBICARIUM", "Pais": "Italia", "Categoria": "Ciudad" }, "geometry": { "type": "Point", "coordinates": [ 13.24375, 43.522387, 0.0 ] } },
{ "type": "Feature", "properties": { "OBJECTID": 718, "OBJECTID_1": 721.0, "OBJECTID_12": 908.0, "Toponimo_Antiguo": "Camerinum", "Toponimo_Moderno": "Camerino", "Provincia": "PICENUM SUBURBICARIUM", "Pais": "Italia", "Categoria": "Ciudad" }, "geometry": { "type": "Point", "coordinates": [ 13.066642, 43.134144, 0.0 ] } },
{ "type": "Feature", "properties": { "OBJECTID": 719, "OBJECTID_1": 722.0, "OBJECTID_12": 910.0, "Toponimo_Antiguo": "Cingulum", "Toponimo_Moderno": "Cingoli", "Provincia": "PICENUM SUBURBICARIUM", "Pais": "Italia", "Categoria": "Ciudad" }, "geometry": { "type": "Point", "coordinates": [ 13.203437, 43.37422, 0.0 ] } },
{ "type": "Feature", "properties": { "OBJECTID": 720, "OBJECTID_1": 723.0, "OBJECTID_12": 911.0, "Toponimo_Antiguo": "Cupra Maritima", "Toponimo_Moderno": "Civita di Marano", "Provincia": "PICENUM SUBURBICARIUM", "Pais": "Italia", "Categoria": "Ciudad" }, "geometry": { "type": "Point", "coordinates": [ 13.116407, 43.446889, 0.0 ] } },
{ "type": "Feature", "properties": { "OBJECTID": 721, "OBJECTID_1": 724.0, "OBJECTID_12": 912.0, "Toponimo_Antiguo": "Fanum Fortunae", "Toponimo_Moderno": "Fano", "Provincia": "PICENUM SUBURBICARIUM", "Pais": "Italia", "Categoria": "Ciudad" }, "geometry": { "type": "Point", "coordinates": [ 13.017751, 43.843172, 0.0 ] } },
{ "type": "Feature", "properties": { "OBJECTID": 722, "OBJECTID_1": 725.0, "OBJECTID_12": 918.0, "Toponimo_Antiguo": "Matilica", "Toponimo_Moderno": "Matélica", "Provincia": "PICENUM SUBURBICARIUM", "Pais": "Italia", "Categoria": "Ciudad" }, "geometry": { "type": "Point", "coordinates": [ 13.008723, 43.255867, 0.0 ] } },
{ "type": "Feature", "properties": { "OBJECTID": 723, "OBJECTID_1": 726.0, "OBJECTID_12": 925.0, "Toponimo_Antiguo": "Ostra", "Toponimo_Moderno": "Unknown", "Provincia": "PICENUM SUBURBICARIUM", "Pais": "Italia", "Categoria": "Ciudad" }, "geometry": { "type": "Point", "coordinates": [ 13.157975, 43.61335, 0.0 ] } },
{ "type": "Feature", "properties": { "OBJECTID": 724, "OBJECTID_1": 727.0, "OBJECTID_12": 929.0, "Toponimo_Antiguo": "Plestia", "Toponimo_Moderno": "Colfiorito", "Provincia": "PICENUM SUBURBICARIUM", "Pais": "Italia", "Categoria": "Ciudad" }, "geometry": { "type": "Point", "coordinates": [ 12.889556, 43.027667, 0.0 ] } },
{ "type": "Feature", "properties": { "OBJECTID": 725, "OBJECTID_1": 728.0, "OBJECTID_12": 931.0, "Toponimo_Antiguo": "Sena Gallica", "Toponimo_Moderno": "Senigallia", "Provincia": "PICENUM SUBURBICARIUM", "Pais": "Italia", "Categoria": "Ciudad" }, "geometry": { "type": "Point", "coordinates": [ 13.218024, 43.715014, 0.0 ] } },
{ "type": "Feature", "properties": { "OBJECTID": 726, "OBJECTID_1": 729.0, "OBJECTID_12": 932.0, "Toponimo_Antiguo": "Sentinum", "Toponimo_Moderno": "Sentino", "Provincia": "PICENUM SUBURBICARIUM", "Pais": "Italia", "Categoria": "Ciudad" }, "geometry": { "type": "Point", "coordinates": [ 12.852965, 43.42179, 0.0 ] } },
{ "type": "Feature", "properties": { "OBJECTID": 727, "OBJECTID_1": 730.0, "OBJECTID_12": 933.0, "Toponimo_Antiguo": "Septempeda", "Toponimo_Moderno": "S. Severino Marche", "Provincia": "PICENUM SUBURBICARIUM", "Pais": "Italia", "Categoria": "Ciudad" }, "geometry": { "type": "Point", "coordinates": [ 13.197841, 43.235641, 0.0 ] } },
{ "type": "Feature", "properties": { "OBJECTID": 728, "OBJECTID_1": 731.0, "OBJECTID_12": 936.0, "Toponimo_Antiguo": "Suasa", "Toponimo_Moderno": "Castelleone di Suasa", "Provincia": "PICENUM SUBURBICARIUM", "Pais": "Italia", "Categoria": "Ciudad" }, "geometry": { "type": "Point", "coordinates": [ 12.983986, 43.623375, 0.0 ] } },
{ "type": "Feature", "properties": { "OBJECTID": 729, "OBJECTID_1": 732.0, "OBJECTID_12": 939.0, "Toponimo_Antiguo": "Tuficum", "Toponimo_Moderno": "Borgo Tufico", "Provincia": "PICENUM SUBURBICARIUM", "Pais": "Italia", "Categoria": "Ciudad" }, "geometry": { "type": "Point", "coordinates": [ 12.997564, 43.345836, 0.0 ] } },
{ "type": "Feature", "properties": { "OBJECTID": 730, "OBJECTID_1": 733.0, "OBJECTID_12": 226.0, "Toponimo_Antiguo": "Nicaea", "Toponimo_Moderno": "Nice", "Provincia": "ALPES MARITIMAE", "Pais": "Francia", "Categoria": "Ciudad" }, "geometry": { "type": "Point", "coordinates": [ 7.263786968000034, 43.701477355000065, 0.0 ] } },
{ "type": "Feature", "properties": { "OBJECTID": 731, "OBJECTID_1": 734.0, "OBJECTID_12": 618.0, "Toponimo_Antiguo": "Antipolis", "Toponimo_Moderno": "Antibes", "Provincia": "ALPES MARITIMAE", "Pais": "Francia", "Categoria": "Ciudad" }, "geometry": { "type": "Point", "coordinates": [ 7.120902, 43.580587, 0.0 ] } },
{ "type": "Feature", "properties": { "OBJECTID": 732, "OBJECTID_1": 735.0, "OBJECTID_12": 1435.0, "Toponimo_Antiguo": "Ebrodunum", "Toponimo_Moderno": "Embrun", "Provincia": "ALPES MARITIMAE", "Pais": "Francia", "Categoria": "Capital Provincia" }, "geometry": { "type": "Point", "coordinates": [ 6.493685178000021, 44.565127601000029, 0.0 ] } },
{ "type": "Feature", "properties": { "OBJECTID": 733, "OBJECTID_1": 736.0, "OBJECTID_12": 464.0, "Toponimo_Antiguo": "Caralis", "Toponimo_Moderno": "Cagliari", "Provincia": "SARDINIA", "Pais": "Italia", "Categoria": "Capital Provincia" }, "geometry": { "type": "Point", "coordinates": [ 9.104227, 39.220021, 0.0 ] } },
{ "type": "Feature", "properties": { "OBJECTID": 734, "OBJECTID_1": 737.0, "OBJECTID_12": 465.0, "Toponimo_Antiguo": "Cornus", "Toponimo_Moderno": "S. Archittu", "Provincia": "SARDINIA", "Pais": "Italia", "Categoria": "Ciudad" }, "geometry": { "type": "Point", "coordinates": [ 8.492639, 40.104395, 0.0 ] } },
{ "type": "Feature", "properties": { "OBJECTID": 735, "OBJECTID_1": 738.0, "OBJECTID_12": 467.0, "Toponimo_Antiguo": "Nora", "Toponimo_Moderno": "Nora", "Provincia": "SARDINIA", "Pais": "Italia", "Categoria": "Ciudad" }, "geometry": { "type": "Point", "coordinates": [ 9.01586, 38.984685, 0.0 ] } },
{ "type": "Feature", "properties": { "OBJECTID": 736, "OBJECTID_1": 739.0, "OBJECTID_12": 468.0, "Toponimo_Antiguo": "Olbia", "Toponimo_Moderno": "Olbia", "Provincia": "SARDINIA", "Pais": "Italia", "Categoria": "Ciudad" }, "geometry": { "type": "Point", "coordinates": [ 9.500191, 40.923049, 0.0 ] } },
{ "type": "Feature", "properties": { "OBJECTID": 737, "OBJECTID_1": 740.0, "OBJECTID_12": 469.0, "Toponimo_Antiguo": "Sulcis", "Toponimo_Moderno": "S. Antioco", "Provincia": "SARDINIA", "Pais": "Italia", "Categoria": "Ciudad" }, "geometry": { "type": "Point", "coordinates": [ 8.454679, 39.061796, 0.0 ] } },
{ "type": "Feature", "properties": { "OBJECTID": 738, "OBJECTID_1": 741.0, "OBJECTID_12": 470.0, "Toponimo_Antiguo": "Tharrus", "Toponimo_Moderno": "S. Giovanni di Sinis", "Provincia": "SARDINIA", "Pais": "Italia", "Categoria": "Ciudad" }, "geometry": { "type": "Point", "coordinates": [ 8.440324, 39.879633, 0.0 ] } },
{ "type": "Feature", "properties": { "OBJECTID": 739, "OBJECTID_1": 742.0, "OBJECTID_12": 471.0, "Toponimo_Antiguo": "Turris Libisonis", "Toponimo_Moderno": "Portocorres", "Provincia": "SARDINIA", "Pais": "Italia", "Categoria": "Ciudad" }, "geometry": { "type": "Point", "coordinates": [ 8.401365, 40.838165, 0.0 ] } },
{ "type": "Feature", "properties": { "OBJECTID": 740, "OBJECTID_1": 743.0, "OBJECTID_12": 1349.0, "Toponimo_Antiguo": "Abdera", "Toponimo_Moderno": "Avdira", "Provincia": "RHODOPE", "Pais": "Grecia", "Categoria": "Ciudad" }, "geometry": { "type": "Point", "coordinates": [ 24.983333, 40.95, 0.0 ] } },
{ "type": "Feature", "properties": { "OBJECTID": 741, "OBJECTID_1": 744.0, "OBJECTID_12": 1362.0, "Toponimo_Antiguo": "Maronea", "Toponimo_Moderno": "Maronia", "Provincia": "RHODOPE", "Pais": "Grecia", "Categoria": "Ciudad" }, "geometry": { "type": "Point", "coordinates": [ 25.519074, 40.906385, 0.0 ] } },
{ "type": "Feature", "properties": { "OBJECTID": 742, "OBJECTID_1": 745.0, "OBJECTID_12": 1363.0, "Toponimo_Antiguo": "Nicopolis", "Toponimo_Moderno": "Goce Del?ev", "Provincia": "RHODOPE", "Pais": "Bulgaria", "Categoria": "Ciudad" }, "geometry": { "type": "Point", "coordinates": [ 23.815278, 41.605833, 0.0 ] } },
{ "type": "Feature", "properties": { "OBJECTID": 743, "OBJECTID_1": 746.0, "OBJECTID_12": 1459.0, "Toponimo_Antiguo": "Traianopolis", "Toponimo_Moderno": "Near Alexandroupoli", "Provincia": "RHODOPE", "Pais": "Grecia", "Categoria": "Capital Provincia" }, "geometry": { "type": "Point", "coordinates": [ 26.036239853000041, 40.87331977100007, 0.0 ] } },
{ "type": "Feature", "properties": { "OBJECTID": 744, "OBJECTID_1": 747.0, "OBJECTID_12": 1460.0, "Toponimo_Antiguo": "Maxiniapolis", "Toponimo_Moderno": "Sapes", "Provincia": "RHODOPE", "Pais": "Grecia", "Categoria": "Ciudad" }, "geometry": { "type": "Point", "coordinates": [ 25.692375768000034, 41.025144771000043, 0.0 ] } },
{ "type": "Feature", "properties": { "OBJECTID": 745, "OBJECTID_1": 748.0, "OBJECTID_12": 15.0, "Toponimo_Antiguo": "Atrax", "Toponimo_Moderno": "Palaiokastro", "Provincia": "THESSALIA", "Pais": "Grecia", "Categoria": "Ciudad" }, "geometry": { "type": "Point", "coordinates": [ 22.199557, 39.571253, 0.0 ] } },
{ "type": "Feature", "properties": { "OBJECTID": 746, "OBJECTID_1": 749.0, "OBJECTID_12": 22.0, "Toponimo_Antiguo": "Cierium", "Toponimo_Moderno": "Mataránga", "Provincia": "THESSALIA", "Pais": "Grecia", "Categoria": "Ciudad" }, "geometry": { "type": "Point", "coordinates": [ 22.075455, 39.361088, 0.0 ] } },
{ "type": "Feature", "properties": { "OBJECTID": 747, "OBJECTID_1": 750.0, "OBJECTID_12": 30.0, "Toponimo_Antiguo": "Demetrias", "Toponimo_Moderno": "Volos", "Provincia": "THESSALIA", "Pais": "Grecia", "Categoria": "Ciudad" }, "geometry": { "type": "Point", "coordinates": [ 22.922339, 39.343875, 0.0 ] } },
{ "type": "Feature", "properties": { "OBJECTID": 748, "OBJECTID_1": 751.0, "OBJECTID_12": 39.0, "Toponimo_Antiguo": "Gonnus", "Toponimo_Moderno": "Gonnoussa", "Provincia": "THESSALIA", "Pais": "Grecia", "Categoria": "Ciudad" }, "geometry": { "type": "Point", "coordinates": [ 22.476241, 39.860939, 0.0 ] } },
{ "type": "Feature", "properties": { "OBJECTID": 749, "OBJECTID_1": 752.0, "OBJECTID_12": 43.0, "Toponimo_Antiguo": "Halus", "Toponimo_Moderno": "Othrys", "Provincia": "THESSALIA", "Pais": "Grecia", "Categoria": "Ciudad" }, "geometry": { "type": "Point", "coordinates": [ 22.821215, 39.142418, 0.0 ] } },
{ "type": "Feature", "properties": { "OBJECTID": 750, "OBJECTID_1": 753.0, "OBJECTID_12": 48.0, "Toponimo_Antiguo": "Larisa", "Toponimo_Moderno": "Larisa", "Provincia": "THESSALIA", "Pais": "Grecia", "Categoria": "Capital Provincia" }, "geometry": { "type": "Point", "coordinates": [ 22.415092, 39.640328, 0.0 ] } },
{ "type": "Feature", "properties": { "OBJECTID": 751, "OBJECTID_1": 754.0, "OBJECTID_12": 60.0, "Toponimo_Antiguo": "Methone", "Toponimo_Moderno": "Modon", "Provincia": "THESSALIA", "Pais": "Grecia", "Categoria": "Ciudad" }, "geometry": { "type": "Point", "coordinates": [ 23.069231, 39.327999, 0.0 ] } },
{ "type": "Feature", "properties": { "OBJECTID": 752, "OBJECTID_1": 755.0, "OBJECTID_12": 77.0, "Toponimo_Antiguo": "Pelinna", "Toponimo_Moderno": "Palaiogardiki", "Provincia": "THESSALIA", "Pais": "Grecia", "Categoria": "Ciudad" }, "geometry": { "type": "Point", "coordinates": [ 21.951944, 39.576637, 0.0 ] } },
{ "type": "Feature", "properties": { "OBJECTID": 753, "OBJECTID_1": 756.0, "OBJECTID_12": 79.0, "Toponimo_Antiguo": "Peparethum", "Toponimo_Moderno": "Piperi", "Provincia": "THESSALIA", "Pais": "Grecia", "Categoria": "Ciudad" }, "geometry": { "type": "Point", "coordinates": [ 23.719616, 39.119096, 0.0 ] } },
{ "type": "Feature", "properties": { "OBJECTID": 754, "OBJECTID_1": 757.0, "OBJECTID_12": 80.0, "Toponimo_Antiguo": "Phalanna", "Toponimo_Moderno": "Karadjóli", "Provincia": "THESSALIA", "Pais": "Grecia", "Categoria": "Ciudad" }, "geometry": { "type": "Point", "coordinates": [ 22.193106, 39.708507, 0.0 ] } },
{ "type": "Feature", "properties": { "OBJECTID": 755, "OBJECTID_1": 758.0, "OBJECTID_12": 81.0, "Toponimo_Antiguo": "Pharsalus", "Toponimo_Moderno": "Farsala", "Provincia": "THESSALIA", "Pais": "Grecia", "Categoria": "Ciudad" }, "geometry": { "type": "Point", "coordinates": [ 22.38454, 39.293958, 0.0 ] } },
{ "type": "Feature", "properties": { "OBJECTID": 756, "OBJECTID_1": 759.0, "OBJECTID_12": 83.0, "Toponimo_Antiguo": "Pherae", "Toponimo_Moderno": "Velestino", "Provincia": "THESSALIA", "Pais": "Grecia", "Categoria": "Ciudad" }, "geometry": { "type": "Point", "coordinates": [ 22.753851, 39.379043, 0.0 ] } },
{ "type": "Feature", "properties": { "OBJECTID": 757, "OBJECTID_1": 760.0, "OBJECTID_12": 89.0, "Toponimo_Antiguo": "Proerna", "Toponimo_Moderno": "Gythokastro", "Provincia": "THESSALIA", "Pais": "Grecia", "Categoria": "Ciudad" }, "geometry": { "type": "Point", "coordinates": [ 22.297255, 39.241243, 0.0 ] } },
{ "type": "Feature", "properties": { "OBJECTID": 758, "OBJECTID_1": 761.0, "OBJECTID_12": 91.0, "Toponimo_Antiguo": "Scotussa", "Toponimo_Moderno": "Suplí", "Provincia": "THESSALIA", "Pais": "Grecia", "Categoria": "Ciudad" }, "geometry": { "type": "Point", "coordinates": [ 22.574579, 39.37552, 0.0 ] } },
{ "type": "Feature", "properties": { "OBJECTID": 759, "OBJECTID_1": 762.0, "OBJECTID_12": 99.0, "Toponimo_Antiguo": "Thaumacia", "Toponimo_Moderno": "Unknown", "Provincia": "THESSALIA", "Pais": "Grecia", "Categoria": "Ciudad" }, "geometry": { "type": "Point", "coordinates": [ 22.321996, 39.126554, 0.0 ] } },
{ "type": "Feature", "properties": { "OBJECTID": 760, "OBJECTID_1": 763.0, "OBJECTID_12": 101.0, "Toponimo_Antiguo": "Thebae Phthiotides", "Toponimo_Moderno": "Nea Anchialos", "Provincia": "THESSALIA", "Pais": "Grecia", "Categoria": "Ciudad" }, "geometry": { "type": "Point", "coordinates": [ 22.762344, 39.27303, 0.0 ] } },
{ "type": "Feature", "properties": { "OBJECTID": 761, "OBJECTID_1": 764.0, "OBJECTID_12": 1467.0, "Toponimo_Antiguo": "Tricca", "Toponimo_Moderno": "Trikala", "Provincia": "THESSALIA", "Pais": "Grecia", "Categoria": "Ciudad" }, "geometry": { "type": "Point", "coordinates": [ 21.761881111000037, 39.552042458000074, 0.0 ] } },
{ "type": "Feature", "properties": { "OBJECTID": 762, "OBJECTID_1": 765.0, "OBJECTID_12": 389.0, "Toponimo_Antiguo": "Durobrivae", "Toponimo_Moderno": "Water Newton", "Provincia": "FLAVIA CAESARIENSIS", "Pais": "Reino Unido", "Categoria": "Ciudad" }, "geometry": { "type": "Point", "coordinates": [ -0.34821, 52.55899, 0.0 ] } },
{ "type": "Feature", "properties": { "OBJECTID": 763, "OBJECTID_1": 766.0, "OBJECTID_12": 397.0, "Toponimo_Antiguo": "Lindum", "Toponimo_Moderno": "Lincoln", "Provincia": "FLAVIA CAESARIENSIS", "Pais": "Reino Unido", "Categoria": "Capital Provincia" }, "geometry": { "type": "Point", "coordinates": [ -0.538436, 53.234863, 0.0 ] } },
{ "type": "Feature", "properties": { "OBJECTID": 764, "OBJECTID_1": 767.0, "OBJECTID_12": 403.0, "Toponimo_Antiguo": "Ratae", "Toponimo_Moderno": "Leicester", "Provincia": "FLAVIA CAESARIENSIS", "Pais": "Reino Unido", "Categoria": "Ciudad" }, "geometry": { "type": "Point", "coordinates": [ -1.139808, 52.634971, 0.0 ] } },
{ "type": "Feature", "properties": { "OBJECTID": 765, "OBJECTID_1": 768.0, "OBJECTID_12": 387.0, "Toponimo_Antiguo": "Corstopitum", "Toponimo_Moderno": "Corbridge", "Provincia": "VALENTIA", "Pais": "Reino Unido", "Categoria": "Ciudad" }, "geometry": { "type": "Point", "coordinates": [ -2.029155, 54.978122, 0.0 ] } },
{ "type": "Feature", "properties": { "OBJECTID": 766, "OBJECTID_1": 769.0, "OBJECTID_12": 392.0, "Toponimo_Antiguo": "Eburacum", "Toponimo_Moderno": "York", "Provincia": "VALENTIA", "Pais": "Reino Unido", "Categoria": "Capital Provincia" }, "geometry": { "type": "Point", "coordinates": [ -1.082286, 53.957702, 0.0 ] } },
{ "type": "Feature", "properties": { "OBJECTID": 767, "OBJECTID_1": 770.0, "OBJECTID_12": 395.0, "Toponimo_Antiguo": "Isurium", "Toponimo_Moderno": "Aldborough", "Provincia": "VALENTIA", "Pais": "Reino Unido", "Categoria": "Ciudad" }, "geometry": { "type": "Point", "coordinates": [ -1.371971, 54.091275, 0.0 ] } },
{ "type": "Feature", "properties": { "OBJECTID": 768, "OBJECTID_1": 771.0, "OBJECTID_12": 399.0, "Toponimo_Antiguo": "Luguvalium", "Toponimo_Moderno": "Carlisle", "Provincia": "VALENTIA", "Pais": "Reino Unido", "Categoria": "Ciudad" }, "geometry": { "type": "Point", "coordinates": [ -2.938982, 54.89532, 0.0 ] } },
{ "type": "Feature", "properties": { "OBJECTID": 769, "OBJECTID_1": 772.0, "OBJECTID_12": 402.0, "Toponimo_Antiguo": "Petuaria", "Toponimo_Moderno": "Brough on Humber", "Provincia": "VALENTIA", "Pais": "Reino Unido", "Categoria": "Ciudad" }, "geometry": { "type": "Point", "coordinates": [ -0.572933, 53.731969, 0.0 ] } },
{ "type": "Feature", "properties": { "OBJECTID": 770, "OBJECTID_1": 773.0, "OBJECTID_12": 382.0, "Toponimo_Antiguo": "Aquae Sulis", "Toponimo_Moderno": "Bath", "Provincia": "BRITANNIA I", "Pais": "Reino Unido", "Categoria": "Ciudad" }, "geometry": { "type": "Point", "coordinates": [ -2.357454, 51.381428, 0.0 ] } },
{ "type": "Feature", "properties": { "OBJECTID": 771, "OBJECTID_1": 774.0, "OBJECTID_12": 386.0, "Toponimo_Antiguo": "Corinium Dobunnorum", "Toponimo_Moderno": "Cirencester", "Provincia": "BRITANNIA I", "Pais": "Reino Unido", "Categoria": "Capital Provincia" }, "geometry": { "type": "Point", "coordinates": [ -1.966753, 51.713643, 0.0 ] } },
{ "type": "Feature", "properties": { "OBJECTID": 772, "OBJECTID_1": 775.0, "OBJECTID_12": 388.0, "Toponimo_Antiguo": "Durnovaria", "Toponimo_Moderno": "Dorchester", "Provincia": "BRITANNIA I", "Pais": "Reino Unido", "Categoria": "Ciudad" }, "geometry": { "type": "Point", "coordinates": [ -2.440504, 50.71094, 0.0 ] } },
{ "type": "Feature", "properties": { "OBJECTID": 773, "OBJECTID_1": 776.0, "OBJECTID_12": 393.0, "Toponimo_Antiguo": "Glevum", "Toponimo_Moderno": "Gloucester", "Provincia": "BRITANNIA I", "Pais": "Reino Unido", "Categoria": "Ciudad" }, "geometry": { "type": "Point", "coordinates": [ -2.245843, 51.865325, 0.0 ] } },
{ "type": "Feature", "properties": { "OBJECTID": 774, "OBJECTID_1": 777.0, "OBJECTID_12": 394.0, "Toponimo_Antiguo": "Isca", "Toponimo_Moderno": "Exeter", "Provincia": "BRITANNIA I", "Pais": "Reino Unido", "Categoria": "Ciudad" }, "geometry": { "type": "Point", "coordinates": [ -3.530026, 50.722434, 0.0 ] } },
{ "type": "Feature", "properties": { "OBJECTID": 775, "OBJECTID_1": 778.0, "OBJECTID_12": 396.0, "Toponimo_Antiguo": "Lindinis", "Toponimo_Moderno": "Ilchester", "Provincia": "BRITANNIA I", "Pais": "Reino Unido", "Categoria": "Ciudad" }, "geometry": { "type": "Point", "coordinates": [ -2.687138, 51.003593, 0.0 ] } },
{ "type": "Feature", "properties": { "OBJECTID": 776, "OBJECTID_1": 779.0, "OBJECTID_12": 1419.0, "Toponimo_Antiguo": "Clausentum", "Toponimo_Moderno": "Southhampton", "Provincia": "BRITANNIA I", "Pais": "Reino Unido", "Categoria": "Ciudad" }, "geometry": { "type": "Point", "coordinates": [ -1.46634, 50.94852, 0.0 ] } },
{ "type": "Feature", "properties": { "OBJECTID": 777, "OBJECTID_1": 780.0, "OBJECTID_12": 383.0, "Toponimo_Antiguo": "Caesaromagus", "Toponimo_Moderno": "Chelmsford", "Provincia": "MAXIMA CAESARIENSIS", "Pais": "Francia", "Categoria": "Ciudad" }, "geometry": { "type": "Point", "coordinates": [ 0.469708, 51.735814, 0.0 ] } },
{ "type": "Feature", "properties": { "OBJECTID": 778, "OBJECTID_1": 781.0, "OBJECTID_12": 384.0, "Toponimo_Antiguo": "Calleva", "Toponimo_Moderno": "Silchester", "Provincia": "MAXIMA CAESARIENSIS", "Pais": "Reino Unido", "Categoria": "Ciudad" }, "geometry": { "type": "Point", "coordinates": [ -1.082817, 51.357148, 0.0 ] } },
{ "type": "Feature", "properties": { "OBJECTID": 779, "OBJECTID_1": 782.0, "OBJECTID_12": 385.0, "Toponimo_Antiguo": "Camulodunum", "Toponimo_Moderno": "Colchester", "Provincia": "MAXIMA CAESARIENSIS", "Pais": "Reino Unido", "Categoria": "Ciudad" }, "geometry": { "type": "Point", "coordinates": [ 0.899031, 51.890961, 0.0 ] } },
{ "type": "Feature", "properties": { "OBJECTID": 780, "OBJECTID_1": 783.0, "OBJECTID_12": 390.0, "Toponimo_Antiguo": "Durobrivae", "Toponimo_Moderno": "Rochester", "Provincia": "MAXIMA CAESARIENSIS", "Pais": "Reino Unido", "Categoria": "Ciudad" }, "geometry": { "type": "Point", "coordinates": [ 0.503732, 51.38979, 0.0 ] } },
{ "type": "Feature", "properties": { "OBJECTID": 781, "OBJECTID_1": 784.0, "OBJECTID_12": 391.0, "Toponimo_Antiguo": "Durovernum", "Toponimo_Moderno": "Canterbury", "Provincia": "MAXIMA CAESARIENSIS", "Pais": "Reino Unido", "Categoria": "Ciudad" }, "geometry": { "type": "Point", "coordinates": [ 1.080503, 51.278717, 0.0 ] } },
{ "type": "Feature", "properties": { "OBJECTID": 782, "OBJECTID_1": 785.0, "OBJECTID_12": 398.0, "Toponimo_Antiguo": "Londinium", "Toponimo_Moderno": "London", "Provincia": "MAXIMA CAESARIENSIS", "Pais": "Reino Unido", "Categoria": "Capital Diocesis" }, "geometry": { "type": "Point", "coordinates": [ -0.086632, 51.510879, 0.0 ] } },
{ "type": "Feature", "properties": { "OBJECTID": 783, "OBJECTID_1": 786.0, "OBJECTID_12": 401.0, "Toponimo_Antiguo": "Noviomagus", "Toponimo_Moderno": "Chichester", "Provincia": "MAXIMA CAESARIENSIS", "Pais": "Reino Unido", "Categoria": "Ciudad" }, "geometry": { "type": "Point", "coordinates": [ -0.779196, 50.836505, 0.0 ] } },
{ "type": "Feature", "properties": { "OBJECTID": 784, "OBJECTID_1": 787.0, "OBJECTID_12": 404.0, "Toponimo_Antiguo": "Venta Belgarum", "Toponimo_Moderno": "Winchester", "Provincia": "MAXIMA CAESARIENSIS", "Pais": "Reino Unido", "Categoria": "Ciudad" }, "geometry": { "type": "Point", "coordinates": [ -1.316504, 51.062941, 0.0 ] } },
{ "type": "Feature", "properties": { "OBJECTID": 785, "OBJECTID_1": 788.0, "OBJECTID_12": 405.0, "Toponimo_Antiguo": "Venta Icenorum", "Toponimo_Moderno": "Caistor by Norwich", "Provincia": "MAXIMA CAESARIENSIS", "Pais": "Reino Unido", "Categoria": "Ciudad" }, "geometry": { "type": "Point", "coordinates": [ 1.290907, 52.583373, 0.0 ] } },
{ "type": "Feature", "properties": { "OBJECTID": 786, "OBJECTID_1": 789.0, "OBJECTID_12": 407.0, "Toponimo_Antiguo": "Verulamium", "Toponimo_Moderno": "S. Albans", "Provincia": "MAXIMA CAESARIENSIS", "Pais": "Reino Unido", "Categoria": "Ciudad" }, "geometry": { "type": "Point", "coordinates": [ -0.357277, 51.752209, 0.0 ] } },
{ "type": "Feature", "properties": { "OBJECTID": 787, "OBJECTID_1": 790.0, "OBJECTID_12": 1420.0, "Toponimo_Antiguo": "Duvrae", "Toponimo_Moderno": "Dober", "Provincia": "MAXIMA CAESARIENSIS", "Pais": "Reino Unido", "Categoria": "Ciudad" }, "geometry": { "type": "Point", "coordinates": [ 1.30573, 51.12995, 0.0 ] } },
{ "type": "Feature", "properties": { "OBJECTID": 788, "OBJECTID_1": 791.0, "OBJECTID_12": 400.0, "Toponimo_Antiguo": "Moridunum", "Toponimo_Moderno": "Carmarthen", "Provincia": "BRITTANIA II", "Pais": "Reino Unido", "Categoria": "Ciudad" }, "geometry": { "type": "Point", "coordinates": [ -4.296705, 51.862004, 0.0 ] } },
{ "type": "Feature", "properties": { "OBJECTID": 789, "OBJECTID_1": 792.0, "OBJECTID_12": 406.0, "Toponimo_Antiguo": "Venta Silurum", "Toponimo_Moderno": "Caerwent", "Provincia": "BRITTANIA II", "Pais": "Reino Unido", "Categoria": "Ciudad" }, "geometry": { "type": "Point", "coordinates": [ -2.768088, 51.611249, 0.0 ] } },
{ "type": "Feature", "properties": { "OBJECTID": 790, "OBJECTID_1": 793.0, "OBJECTID_12": 408.0, "Toponimo_Antiguo": "Viroconium", "Toponimo_Moderno": "Wroxeter", "Provincia": "BRITTANIA II", "Pais": "Reino Unido", "Categoria": "Capital Provincia" }, "geometry": { "type": "Point", "coordinates": [ -2.644025, 52.674302, 0.0 ] } },
{ "type": "Feature", "properties": { "OBJECTID": 791, "OBJECTID_1": 794.0, "OBJECTID_12": 1421.0, "Toponimo_Antiguo": "Isca Augusta", "Toponimo_Moderno": "Newport", "Provincia": "BRITTANIA II", "Pais": "Reino Unido", "Categoria": "Ciudad" }, "geometry": { "type": "Point", "coordinates": [ -2.997496076999937, 51.583464236000054, 0.0 ] } },
{ "type": "Feature", "properties": { "OBJECTID": 792, "OBJECTID_1": 795.0, "OBJECTID_12": 1422.0, "Toponimo_Antiguo": "Deva", "Toponimo_Moderno": "Chester", "Provincia": "BRITTANIA II", "Pais": "Reino Unido", "Categoria": "Ciudad" }, "geometry": { "type": "Point", "coordinates": [ -2.90331, 53.19069, 0.0 ] } },
{ "type": "Feature", "properties": { "OBJECTID": 793, "OBJECTID_1": 796.0, "OBJECTID_12": 1423.0, "Toponimo_Antiguo": "Segontium", "Toponimo_Moderno": "Bangor", "Provincia": "BRITTANIA II", "Pais": "Reino Unido", "Categoria": "Ciudad" }, "geometry": { "type": "Point", "coordinates": [ -4.124884698999949, 53.223582778000036, 0.0 ] } },
{ "type": "Feature", "properties": { "OBJECTID": 794, "OBJECTID_1": 797.0, "OBJECTID_12": 587.0, "Toponimo_Antiguo": "Alesia", "Toponimo_Moderno": "Alise S. Reine", "Provincia": "LUGDUNENSIS I", "Pais": "Francia", "Categoria": "Ciudad" }, "geometry": { "type": "Point", "coordinates": [ 4.500278, 47.537222, 0.0 ] } },
{ "type": "Feature", "properties": { "OBJECTID": 795, "OBJECTID_1": 798.0, "OBJECTID_12": 590.0, "Toponimo_Antiguo": "Augustodunum", "Toponimo_Moderno": "Autun", "Provincia": "LUGDUNENSIS I", "Pais": "Francia", "Categoria": "Ciudad" }, "geometry": { "type": "Point", "coordinates": [ 4.299444, 46.951667, 0.0 ] } },
{ "type": "Feature", "properties": { "OBJECTID": 796, "OBJECTID_1": 799.0, "OBJECTID_12": 594.0, "Toponimo_Antiguo": "Cabillonum", "Toponimo_Moderno": "Chalon sur Saône", "Provincia": "LUGDUNENSIS I", "Pais": "Francia", "Categoria": "Ciudad" }, "geometry": { "type": "Point", "coordinates": [ 4.856014, 46.783372, 0.0 ] } },
{ "type": "Feature", "properties": { "OBJECTID": 797, "OBJECTID_1": 800.0, "OBJECTID_12": 600.0, "Toponimo_Antiguo": "Dibio", "Toponimo_Moderno": "Dijon", "Provincia": "LUGDUNENSIS I", "Pais": "Francia", "Categoria": "Ciudad" }, "geometry": { "type": "Point", "coordinates": [ 5.0428, 47.2906, 0.0 ] } },
{ "type": "Feature", "properties": { "OBJECTID": 798, "OBJECTID_1": 801.0, "OBJECTID_12": 601.0, "Toponimo_Antiguo": "Forum Segusiavorum", "Toponimo_Moderno": "Feurs", "Provincia": "LUGDUNENSIS I", "Pais": "Francia", "Categoria": "Ciudad" }, "geometry": { "type": "Point", "coordinates": [ 4.222007, 45.743773, 0.0 ] } },
{ "type": "Feature", "properties": { "OBJECTID": 799, "OBJECTID_1": 802.0, "OBJECTID_12": 605.0, "Toponimo_Antiguo": "Intaranum", "Toponimo_Moderno": "Entrains", "Provincia": "LUGDUNENSIS I", "Pais": "Francia", "Categoria": "Ciudad" }, "geometry": { "type": "Point", "coordinates": [ 3.256417, 47.463654, 0.0 ] } },
{ "type": "Feature", "properties": { "OBJECTID": 800, "OBJECTID_1": 803.0, "OBJECTID_12": 608.0, "Toponimo_Antiguo": "Lugdunum", "Toponimo_Moderno": "Lyon", "Provincia": "LUGDUNENSIS I", "Pais": "Francia", "Categoria": "Capital Provincia" }, "geometry": { "type": "Point", "coordinates": [ 4.820576, 45.759119, 0.0 ] } },
{ "type": "Feature", "properties": { "OBJECTID": 801, "OBJECTID_1": 804.0, "OBJECTID_12": 611.0, "Toponimo_Antiguo": "Mediolanum", "Toponimo_Moderno": "Mâlain", "Provincia": "LUGDUNENSIS I", "Pais": "Francia", "Categoria": "Ciudad" }, "geometry": { "type": "Point", "coordinates": [ 4.795725, 47.327119, 0.0 ] } },
{ "type": "Feature", "properties": { "OBJECTID": 802, "OBJECTID_1": 805.0, "OBJECTID_12": 651.0, "Toponimo_Antiguo": "Andematunum", "Toponimo_Moderno": "Langres", "Provincia": "LUGDUNENSIS I", "Pais": "Francia", "Categoria": "Ciudad" }, "geometry": { "type": "Point", "coordinates": [ 5.33411, 47.862974, 0.0 ] } },
{ "type": "Feature", "properties": { "OBJECTID": 803, "OBJECTID_1": 806.0, "OBJECTID_12": 549.0, "Toponimo_Antiguo": "Anderitum", "Toponimo_Moderno": "Javols", "Provincia": "AQUITANIA I", "Pais": "Francia", "Categoria": "Ciudad" }, "geometry": { "type": "Point", "coordinates": [ 3.342674, 44.69387, 0.0 ] } },
{ "type": "Feature", "properties": { "OBJECTID": 804, "OBJECTID_1": 807.0, "OBJECTID_12": 551.0, "Toponimo_Antiguo": "Argentomagus", "Toponimo_Moderno": "Argenton sur Creuse", "Provincia": "AQUITANIA I", "Pais": "Francia", "Categoria": "Ciudad" }, "geometry": { "type": "Point", "coordinates": [ 1.509773, 46.598663, 0.0 ] } },
{ "type": "Feature", "properties": { "OBJECTID": 805, "OBJECTID_1": 808.0, "OBJECTID_12": 553.0, "Toponimo_Antiguo": "Augustonemetum", "Toponimo_Moderno": "Clermont Ferrand", "Provincia": "AQUITANIA I", "Pais": "Francia", "Categoria": "Ciudad" }, "geometry": { "type": "Point", "coordinates": [ 3.082418, 45.777168, 0.0 ] } },
{ "type": "Feature", "properties": { "OBJECTID": 806, "OBJECTID_1": 809.0, "OBJECTID_12": 554.0, "Toponimo_Antiguo": "Augustoritum", "Toponimo_Moderno": "Limoges", "Provincia": "AQUITANIA I", "Pais": "Francia", "Categoria": "Ciudad" }, "geometry": { "type": "Point", "coordinates": [ 1.26168, 45.824069, 0.0 ] } },
{ "type": "Feature", "properties": { "OBJECTID": 807, "OBJECTID_1": 810.0, "OBJECTID_12": 555.0, "Toponimo_Antiguo": "Avaricum", "Toponimo_Moderno": "Bourges", "Provincia": "AQUITANIA I", "Pais": "Francia", "Categoria": "Capital Provincia" }, "geometry": { "type": "Point", "coordinates": [ 2.39449, 47.07325, 0.0 ] } },
{ "type": "Feature", "properties": { "OBJECTID": 808, "OBJECTID_1": 811.0, "OBJECTID_12": 558.0, "Toponimo_Antiguo": "Divona", "Toponimo_Moderno": "Cahors", "Provincia": "AQUITANIA I", "Pais": "Francia", "Categoria": "Ciudad" }, "geometry": { "type": "Point", "coordinates": [ 1.434132, 44.448514, 0.0 ] } },
{ "type": "Feature", "properties": { "OBJECTID": 809, "OBJECTID_1": 812.0, "OBJECTID_12": 563.0, "Toponimo_Antiguo": "Segodunum", "Toponimo_Moderno": "Rodez", "Provincia": "AQUITANIA I", "Pais": "Francia", "Categoria": "Ciudad" }, "geometry": { "type": "Point", "coordinates": [ 2.573786, 44.351011, 0.0 ] } },
{ "type": "Feature", "properties": { "OBJECTID": 810, "OBJECTID_1": 813.0, "OBJECTID_12": 567.0, "Toponimo_Antiguo": "Vindobriga", "Toponimo_Moderno": "Vendoeuvres en Brenne", "Provincia": "AQUITANIA I", "Pais": "Francia", "Categoria": "Ciudad" }, "geometry": { "type": "Point", "coordinates": [ 1.354148, 46.800928, 0.0 ] } },
{ "type": "Feature", "properties": { "OBJECTID": 811, "OBJECTID_1": 814.0, "OBJECTID_12": 625.0, "Toponimo_Antiguo": "Baeterrae", "Toponimo_Moderno": "Beziers", "Provincia": "NARBONENSIS I", "Pais": "Francia", "Categoria": "Ciudad" }, "geometry": { "type": "Point", "coordinates": [ 3.213445, 43.341283, 0.0 ] } },
{ "type": "Feature", "properties": { "OBJECTID": 812, "OBJECTID_1": 815.0, "OBJECTID_12": 628.0, "Toponimo_Antiguo": "Carcaso", "Toponimo_Moderno": "Carcassonne", "Provincia": "NARBONENSIS I", "Pais": "Francia", "Categoria": "Ciudad" }, "geometry": { "type": "Point", "coordinates": [ 2.352028, 43.212968, 0.0 ] } },
{ "type": "Feature", "properties": { "OBJECTID": 813, "OBJECTID_1": 816.0, "OBJECTID_12": 630.0, "Toponimo_Antiguo": "Consoranni", "Toponimo_Moderno": "S. Lizier en Couseran", "Provincia": "NARBONENSIS I", "Pais": "Francia", "Categoria": "Ciudad" }, "geometry": { "type": "Point", "coordinates": [ 1.138354, 43.00174, 0.0 ] } },
{ "type": "Feature", "properties": { "OBJECTID": 814, "OBJECTID_1": 817.0, "OBJECTID_12": 639.0, "Toponimo_Antiguo": "Narbo", "Toponimo_Moderno": "Narbonne", "Provincia": "NARBONENSIS I", "Pais": "Francia", "Categoria": "Capital Provincia" }, "geometry": { "type": "Point", "coordinates": [ 3.004192, 43.183566, 0.0 ] } },
{ "type": "Feature", "properties": { "OBJECTID": 815, "OBJECTID_1": 818.0, "OBJECTID_12": 640.0, "Toponimo_Antiguo": "Nemausus", "Toponimo_Moderno": "Nîmes", "Provincia": "NARBONENSIS I", "Pais": "Francia", "Categoria": "Ciudad" }, "geometry": { "type": "Point", "coordinates": [ 4.360864, 43.83459, 0.0 ] } },
{ "type": "Feature", "properties": { "OBJECTID": 816, "OBJECTID_1": 819.0, "OBJECTID_12": 641.0, "Toponimo_Antiguo": "Ruscino", "Toponimo_Moderno": "Castel Roussillon", "Provincia": "NARBONENSIS I", "Pais": "Francia", "Categoria": "Ciudad" }, "geometry": { "type": "Point", "coordinates": [ 2.913713, 42.708051, 0.0 ] } },
{ "type": "Feature", "properties": { "OBJECTID": 817, "OBJECTID_1": 820.0, "OBJECTID_12": 642.0, "Toponimo_Antiguo": "Tolosa", "Toponimo_Moderno": "Toulouse", "Provincia": "NARBONENSIS I", "Pais": "Francia", "Categoria": "Ciudad" }, "geometry": { "type": "Point", "coordinates": [ 1.436275, 43.61905, 0.0 ] } },
{ "type": "Feature", "properties": { "OBJECTID": 818, "OBJECTID_1": 821.0, "OBJECTID_12": 586.0, "Toponimo_Antiguo": "Alauna", "Toponimo_Moderno": "Notre Dame d'Alleaume", "Provincia": "LUGDUNENSIS II", "Pais": "Francia", "Categoria": "Ciudad" }, "geometry": { "type": "Point", "coordinates": [ -1.46282, 49.507826, 0.0 ] } },
{ "type": "Feature", "properties": { "OBJECTID": 819, "OBJECTID_1": 822.0, "OBJECTID_12": 588.0, "Toponimo_Antiguo": "Aregenua", "Toponimo_Moderno": "Vieux", "Provincia": "LUGDUNENSIS II", "Pais": "Francia", "Categoria": "Ciudad" }, "geometry": { "type": "Point", "coordinates": [ -0.429799, 49.108097, 0.0 ] } },
{ "type": "Feature", "properties": { "OBJECTID": 820, "OBJECTID_1": 823.0, "OBJECTID_12": 591.0, "Toponimo_Antiguo": "Augustodurum", "Toponimo_Moderno": "Bayeux", "Provincia": "LUGDUNENSIS II", "Pais": "Francia", "Categoria": "Ciudad" }, "geometry": { "type": "Point", "coordinates": [ -0.7052, 49.275312, 0.0 ] } },
{ "type": "Feature", "properties": { "OBJECTID": 821, "OBJECTID_1": 824.0, "OBJECTID_12": 598.0, "Toponimo_Antiguo": "Cosedia", "Toponimo_Moderno": "Coutances", "Provincia": "LUGDUNENSIS II", "Pais": "Francia", "Categoria": "Ciudad" }, "geometry": { "type": "Point", "coordinates": [ -1.444318, 49.048162, 0.0 ] } },
{ "type": "Feature", "properties": { "OBJECTID": 822, "OBJECTID_1": 825.0, "OBJECTID_12": 602.0, "Toponimo_Antiguo": "Gisacum", "Toponimo_Moderno": "Le Vieil Evreux", "Provincia": "LUGDUNENSIS II", "Pais": "Francia", "Categoria": "Ciudad" }, "geometry": { "type": "Point", "coordinates": [ 1.240067, 49.00458, 0.0 ] } },
{ "type": "Feature", "properties": { "OBJECTID": 823, "OBJECTID_1": 826.0, "OBJECTID_12": 604.0, "Toponimo_Antiguo": "Ingena", "Toponimo_Moderno": "Avranches", "Provincia": "LUGDUNENSIS II", "Pais": "Francia", "Categoria": "Ciudad" }, "geometry": { "type": "Point", "coordinates": [ -1.361664, 48.685832, 0.0 ] } },
{ "type": "Feature", "properties": { "OBJECTID": 824, "OBJECTID_1": 827.0, "OBJECTID_12": 606.0, "Toponimo_Antiguo": "Iuliobona", "Toponimo_Moderno": "Lillebonne", "Provincia": "LUGDUNENSIS II", "Pais": "Francia", "Categoria": "Ciudad" }, "geometry": { "type": "Point", "coordinates": [ 0.53426, 49.51888, 0.0 ] } },
{ "type": "Feature", "properties": { "OBJECTID": 825, "OBJECTID_1": 828.0, "OBJECTID_12": 610.0, "Toponimo_Antiguo": "Mediolanum", "Toponimo_Moderno": "Evreux", "Provincia": "LUGDUNENSIS II", "Pais": "Francia", "Categoria": "Ciudad" }, "geometry": { "type": "Point", "coordinates": [ 1.153484, 49.021165, 0.0 ] } },
{ "type": "Feature", "properties": { "OBJECTID": 826, "OBJECTID_1": 829.0, "OBJECTID_12": 613.0, "Toponimo_Antiguo": "Noviomagus", "Toponimo_Moderno": "Lisieux", "Provincia": "LUGDUNENSIS II", "Pais": "Francia", "Categoria": "Ciudad" }, "geometry": { "type": "Point", "coordinates": [ 0.22653, 49.14635, 0.0 ] } },
{ "type": "Feature", "properties": { "OBJECTID": 827, "OBJECTID_1": 830.0, "OBJECTID_12": 614.0, "Toponimo_Antiguo": "Rotomagus", "Toponimo_Moderno": "Rouen", "Provincia": "LUGDUNENSIS II", "Pais": "Francia", "Categoria": "Capital Provincia" }, "geometry": { "type": "Point", "coordinates": [ 1.092623, 49.441988, 0.0 ] } },
{ "type": "Feature", "properties": { "OBJECTID": 828, "OBJECTID_1": 831.0, "OBJECTID_12": 1438.0, "Toponimo_Antiguo": "Constantia", "Toponimo_Moderno": "Granville", "Provincia": "LUGDUNENSIS II", "Pais": "Francia", "Categoria": "Ciudad" }, "geometry": { "type": "Point", "coordinates": [ -1.594257330999937, 48.837832017000039, 0.0 ] } },
{ "type": "Feature", "properties": { "OBJECTID": 829, "OBJECTID_1": 832.0, "OBJECTID_12": 548.0, "Toponimo_Antiguo": "Aginnum", "Toponimo_Moderno": "Agen", "Provincia": "AQUITANIA II", "Pais": "Francia", "Categoria": "Ciudad" }, "geometry": { "type": "Point", "coordinates": [ 0.612095, 44.201491, 0.0 ] } },
{ "type": "Feature", "properties": { "OBJECTID": 830, "OBJECTID_1": 833.0, "OBJECTID_12": 556.0, "Toponimo_Antiguo": "Burdigala", "Toponimo_Moderno": "Bordeaux", "Provincia": "AQUITANIA II", "Pais": "Francia", "Categoria": "Capital Diocesis" }, "geometry": { "type": "Point", "coordinates": [ -0.574367, 44.839577, 0.0 ] } },
{ "type": "Feature", "properties": { "OBJECTID": 831, "OBJECTID_1": 834.0, "OBJECTID_12": 559.0, "Toponimo_Antiguo": "Limonum", "Toponimo_Moderno": "Poitiers", "Provincia": "AQUITANIA II", "Pais": "Francia", "Categoria": "Ciudad" }, "geometry": { "type": "Point", "coordinates": [ 0.344832, 46.580343, 0.0 ] } },
{ "type": "Feature", "properties": { "OBJECTID": 832, "OBJECTID_1": 835.0, "OBJECTID_12": 561.0, "Toponimo_Antiguo": "Mediolanum", "Toponimo_Moderno": "Saintes", "Provincia": "AQUITANIA II", "Pais": "Francia", "Categoria": "Ciudad" }, "geometry": { "type": "Point", "coordinates": [ -0.641006, 45.745105, 0.0 ] } },
{ "type": "Feature", "properties": { "OBJECTID": 833, "OBJECTID_1": 836.0, "OBJECTID_12": 562.0, "Toponimo_Antiguo": "Ratiatum", "Toponimo_Moderno": "Rezé", "Provincia": "AQUITANIA II", "Pais": "Francia", "Categoria": "Ciudad" }, "geometry": { "type": "Point", "coordinates": [ -1.546694, 47.183971, 0.0 ] } },
{ "type": "Feature", "properties": { "OBJECTID": 834, "OBJECTID_1": 837.0, "OBJECTID_12": 564.0, "Toponimo_Antiguo": "Vesunna", "Toponimo_Moderno": "Périgueux", "Provincia": "AQUITANIA II", "Pais": "Francia", "Categoria": "Ciudad" }, "geometry": { "type": "Point", "coordinates": [ 0.721994, 45.183546, 0.0 ] } },
{ "type": "Feature", "properties": { "OBJECTID": 835, "OBJECTID_1": 838.0, "OBJECTID_12": 565.0, "Toponimo_Antiguo": "Vetus Pictavis", "Toponimo_Moderno": "Vieux Poitiers", "Provincia": "AQUITANIA II", "Pais": "Francia", "Categoria": "Ciudad" }, "geometry": { "type": "Point", "coordinates": [ 0.512508, 46.761759, 0.0 ] } },
{ "type": "Feature", "properties": { "OBJECTID": 836, "OBJECTID_1": 839.0, "OBJECTID_12": 566.0, "Toponimo_Antiguo": "Vindobriga", "Toponimo_Moderno": "Vendeuvre du Poitou", "Provincia": "AQUITANIA II", "Pais": "Francia", "Categoria": "Ciudad" }, "geometry": { "type": "Point", "coordinates": [ 0.309739, 46.735447, 0.0 ] } },
{ "type": "Feature", "properties": { "OBJECTID": 837, "OBJECTID_1": 840.0, "OBJECTID_12": 557.0, "Toponimo_Antiguo": "Condevicnum", "Toponimo_Moderno": "Nantes", "Provincia": "LUGDUNENSIS III", "Pais": "Francia", "Categoria": "Ciudad" }, "geometry": { "type": "Point", "coordinates": [ -1.55278, 47.21806, 0.0 ] } },
{ "type": "Feature", "properties": { "OBJECTID": 838, "OBJECTID_1": 841.0, "OBJECTID_12": 593.0, "Toponimo_Antiguo": "Autricum", "Toponimo_Moderno": "Chartres", "Provincia": "LUGDUNENSIS III", "Pais": "Francia", "Categoria": "Ciudad" }, "geometry": { "type": "Point", "coordinates": [ 1.485618, 48.445658, 0.0 ] } },
{ "type": "Feature", "properties": { "OBJECTID": 839, "OBJECTID_1": 842.0, "OBJECTID_12": 595.0, "Toponimo_Antiguo": "Turonum", "Toponimo_Moderno": "Tours", "Provincia": "LUGDUNENSIS III", "Pais": "Francia", "Categoria": "Capital Provincia" }, "geometry": { "type": "Point", "coordinates": [ 0.68666, 47.395241, 0.0 ] } },
{ "type": "Feature", "properties": { "OBJECTID": 840, "OBJECTID_1": 843.0, "OBJECTID_12": 597.0, "Toponimo_Antiguo": "Condate Redonum", "Toponimo_Moderno": "Rennes", "Provincia": "LUGDUNENSIS III", "Pais": "Francia", "Categoria": "Ciudad" }, "geometry": { "type": "Point", "coordinates": [ -1.679444, 48.114722, 0.0 ] } },
{ "type": "Feature", "properties": { "OBJECTID": 841, "OBJECTID_1": 844.0, "OBJECTID_12": 599.0, "Toponimo_Antiguo": "Darioritum", "Toponimo_Moderno": "Vannes", "Provincia": "LUGDUNENSIS III", "Pais": "Francia", "Categoria": "Ciudad" }, "geometry": { "type": "Point", "coordinates": [ -2.75957, 47.654797, 0.0 ] } },
{ "type": "Feature", "properties": { "OBJECTID": 842, "OBJECTID_1": 845.0, "OBJECTID_12": 607.0, "Toponimo_Antiguo": "Iuliomagus", "Toponimo_Moderno": "Angers", "Provincia": "LUGDUNENSIS III", "Pais": "Francia", "Categoria": "Ciudad" }, "geometry": { "type": "Point", "coordinates": [ -0.552047, 47.47903, 0.0 ] } },
{ "type": "Feature", "properties": { "OBJECTID": 843, "OBJECTID_1": 846.0, "OBJECTID_12": 612.0, "Toponimo_Antiguo": "Noviodunum", "Toponimo_Moderno": "Jublains", "Provincia": "LUGDUNENSIS III", "Pais": "Francia", "Categoria": "Ciudad" }, "geometry": { "type": "Point", "coordinates": [ -0.494546, 48.25736, 0.0 ] } },
{ "type": "Feature", "properties": { "OBJECTID": 844, "OBJECTID_1": 847.0, "OBJECTID_12": 615.0, "Toponimo_Antiguo": "Vorgium", "Toponimo_Moderno": "Carhaix", "Provincia": "LUGDUNENSIS III", "Pais": "Francia", "Categoria": "Ciudad" }, "geometry": { "type": "Point", "coordinates": [ -3.571122, 48.276533, 0.0 ] } },
{ "type": "Feature", "properties": { "OBJECTID": 845, "OBJECTID_1": 848.0, "OBJECTID_12": 1436.0, "Toponimo_Antiguo": "Gesocribate", "Toponimo_Moderno": "Brest", "Provincia": "LUGDUNENSIS III", "Pais": "Francia", "Categoria": "Ciudad" }, "geometry": { "type": "Point", "coordinates": [ -4.481564550999963, 48.392216241000028, 0.0 ] } },
{ "type": "Feature", "properties": { "OBJECTID": 846, "OBJECTID_1": 849.0, "OBJECTID_12": 1437.0, "Toponimo_Antiguo": "Suindinum", "Toponimo_Moderno": "Le Mans", "Provincia": "LUGDUNENSIS III", "Pais": "Francia", "Categoria": "Ciudad" }, "geometry": { "type": "Point", "coordinates": [ 0.197734693000029, 48.015757178000058, 0.0 ] } },
{ "type": "Feature", "properties": { "OBJECTID": 847, "OBJECTID_1": 850.0, "OBJECTID_12": 463.0, "Toponimo_Antiguo": "Aleria", "Toponimo_Moderno": "Aléria", "Provincia": "CORSICA", "Pais": "Francia", "Categoria": "Capital Provincia" }, "geometry": { "type": "Point", "coordinates": [ 9.512141, 42.102958, 0.0 ] } },
{ "type": "Feature", "properties": { "OBJECTID": 848, "OBJECTID_1": 851.0, "OBJECTID_12": 466.0, "Toponimo_Antiguo": "Mariana", "Toponimo_Moderno": "Bastia", "Provincia": "CORSICA", "Pais": "Francia", "Categoria": "Ciudad" }, "geometry": { "type": "Point", "coordinates": [ 9.497109, 42.538723, 0.0 ] } },
{ "type": "Feature", "properties": { "OBJECTID": 849, "OBJECTID_1": 852.0, "OBJECTID_12": 1453.0, "Toponimo_Antiguo": "Ourkinion", "Toponimo_Moderno": "Ajaccio", "Provincia": "CORSICA", "Pais": "Francia", "Categoria": "Ciudad" }, "geometry": { "type": "Point", "coordinates": [ 8.807249716000058, 41.914195126000038, 0.0 ] } },
{ "type": "Feature", "properties": { "OBJECTID": 850, "OBJECTID_1": 853.0, "OBJECTID_12": 1454.0, "Toponimo_Antiguo": "Pallas", "Toponimo_Moderno": "Bonifacio", "Provincia": "CORSICA", "Pais": "Francia", "Categoria": "Ciudad" }, "geometry": { "type": "Point", "coordinates": [ 9.18113, 41.38241, 0.0 ] } },
{ "type": "Feature", "properties": { "OBJECTID": 851, "OBJECTID_1": 854.0, "OBJECTID_12": 652.0, "Toponimo_Antiguo": "Argentoratum", "Toponimo_Moderno": "Strasbourg", "Provincia": "GERMANIA I", "Pais": "Francia", "Categoria": "Capital Provincia" }, "geometry": { "type": "Point", "coordinates": [ 7.743749, 48.582933, 0.0 ] } },
{ "type": "Feature", "properties": { "OBJECTID": 852, "OBJECTID_1": 855.0, "OBJECTID_12": 656.0, "Toponimo_Antiguo": "Lopodunum", "Toponimo_Moderno": "Ladenburg", "Provincia": "GERMANIA I", "Pais": "Alemania", "Categoria": "Ciudad" }, "geometry": { "type": "Point", "coordinates": [ 8.446043896000049, 49.473324211000033, 0.0 ] } },
{ "type": "Feature", "properties": { "OBJECTID": 853, "OBJECTID_1": 856.0, "OBJECTID_12": 658.0, "Toponimo_Antiguo": "Mogontiacum", "Toponimo_Moderno": "Mainz", "Provincia": "GERMANIA I", "Pais": "Alemania", "Categoria": "Ciudad" }, "geometry": { "type": "Point", "coordinates": [ 8.277769, 49.993057, 0.0 ] } },
{ "type": "Feature", "properties": { "OBJECTID": 854, "OBJECTID_1": 857.0, "OBJECTID_12": 660.0, "Toponimo_Antiguo": "Noviomagus", "Toponimo_Moderno": "Speyer", "Provincia": "GERMANIA I", "Pais": "Alemania", "Categoria": "Ciudad" }, "geometry": { "type": "Point", "coordinates": [ 8.431074, 49.319437, 0.0 ] } },
{ "type": "Feature", "properties": { "OBJECTID": 855, "OBJECTID_1": 858.0, "OBJECTID_12": 661.0, "Toponimo_Antiguo": "Saletio", "Toponimo_Moderno": "Seltz", "Provincia": "GERMANIA I", "Pais": "Francia", "Categoria": "Ciudad" }, "geometry": { "type": "Point", "coordinates": [ 8.106202, 48.895055, 0.0 ] } },
{ "type": "Feature", "properties": { "OBJECTID": 856, "OBJECTID_1": 859.0, "OBJECTID_12": 666.0, "Toponimo_Antiguo": "Aeso", "Toponimo_Moderno": "Isona", "Provincia": "TARRACONENSIS", "Pais": "España", "Categoria": "Ciudad" }, "geometry": { "type": "Point", "coordinates": [ 1.044057, 42.117837, 0.0 ] } },
{ "type": "Feature", "properties": { "OBJECTID": 857, "OBJECTID_1": 860.0, "OBJECTID_12": 669.0, "Toponimo_Antiguo": "Attacum", "Toponimo_Moderno": "Unknown", "Provincia": "TARRACONENSIS", "Pais": "España", "Categoria": "Ciudad" }, "geometry": { "type": "Point", "coordinates": [ 1.793968, 41.32989, 0.0 ] } },
{ "type": "Feature", "properties": { "OBJECTID": 858, "OBJECTID_1": 861.0, "OBJECTID_12": 670.0, "Toponimo_Antiguo": "Baetulo", "Toponimo_Moderno": "Badalona", "Provincia": "TARRACONENSIS", "Pais": "España", "Categoria": "Ciudad" }, "geometry": { "type": "Point", "coordinates": [ 2.229379, 41.431628, 0.0 ] } },
{ "type": "Feature", "properties": { "OBJECTID": 859, "OBJECTID_1": 862.0, "OBJECTID_12": 671.0, "Toponimo_Antiguo": "Barcino", "Toponimo_Moderno": "Barcelona", "Provincia": "TARRACONENSIS", "Pais": "España", "Categoria": "Ciudad" }, "geometry": { "type": "Point", "coordinates": [ 2.147368, 41.349108, 0.0 ] } },
{ "type": "Feature", "properties": { "OBJECTID": 860, "OBJECTID_1": 863.0, "OBJECTID_12": 672.0, "Toponimo_Antiguo": "Bilbilis", "Toponimo_Moderno": "Calatayud", "Provincia": "TARRACONENSIS", "Pais": "España", "Categoria": "Ciudad" }, "geometry": { "type": "Point", "coordinates": [ -1.608288, 41.376648, 0.0 ] } },
{ "type": "Feature", "properties": { "OBJECTID": 861, "OBJECTID_1": 864.0, "OBJECTID_12": 675.0, "Toponimo_Antiguo": "Caesaraugusta", "Toponimo_Moderno": "Zaragoza", "Provincia": "TARRACONENSIS", "Pais": "España", "Categoria": "Ciudad" }, "geometry": { "type": "Point", "coordinates": [ -0.878491, 41.654027, 0.0 ] } },
{ "type": "Feature", "properties": { "OBJECTID": 862, "OBJECTID_1": 865.0, "OBJECTID_12": 676.0, "Toponimo_Antiguo": "Calagurris", "Toponimo_Moderno": "Calahorra", "Provincia": "TARRACONENSIS", "Pais": "España", "Categoria": "Ciudad" }, "geometry": { "type": "Point", "coordinates": [ -1.965034, 42.303719, 0.0 ] } },
{ "type": "Feature", "properties": { "OBJECTID": 863, "OBJECTID_1": 866.0, "OBJECTID_12": 679.0, "Toponimo_Antiguo": "Celsa", "Toponimo_Moderno": "Velilla del Ebro", "Provincia": "TARRACONENSIS", "Pais": "España", "Categoria": "Ciudad" }, "geometry": { "type": "Point", "coordinates": [ -0.437853, 41.374996, 0.0 ] } },
{ "type": "Feature", "properties": { "OBJECTID": 864, "OBJECTID_1": 867.0, "OBJECTID_12": 680.0, "Toponimo_Antiguo": "Clunia", "Toponimo_Moderno": "Coruña del Conde", "Provincia": "CARTHAGINIENSIS", "Pais": "España", "Categoria": "Ciudad" }, "geometry": { "type": "Point", "coordinates": [ -3.370101, 41.781171, 0.0 ] } },
{ "type": "Feature", "properties": { "OBJECTID": 865, "OBJECTID_1": 868.0, "OBJECTID_12": 681.0, "Toponimo_Antiguo": "Dertosa", "Toponimo_Moderno": "Tortosa", "Provincia": "TARRACONENSIS", "Pais": "España", "Categoria": "Ciudad" }, "geometry": { "type": "Point", "coordinates": [ 0.520955, 40.811004, 0.0 ] } },
{ "type": "Feature", "properties": { "OBJECTID": 866, "OBJECTID_1": 869.0, "OBJECTID_12": 684.0, "Toponimo_Antiguo": "Emporiae", "Toponimo_Moderno": "Empúries", "Provincia": "TARRACONENSIS", "Pais": "España", "Categoria": "Ciudad" }, "geometry": { "type": "Point", "coordinates": [ 3.115825, 42.133303, 0.0 ] } },
{ "type": "Feature", "properties": { "OBJECTID": 867, "OBJECTID_1": 870.0, "OBJECTID_12": 686.0, "Toponimo_Antiguo": "Flaviobriga", "Toponimo_Moderno": "Portugalete", "Provincia": "TARRACONENSIS", "Pais": "España", "Categoria": "Ciudad" }, "geometry": { "type": "Point", "coordinates": [ -3.219572, 43.382784, 0.0 ] } },
{ "type": "Feature", "properties": { "OBJECTID": 868, "OBJECTID_1": 871.0, "OBJECTID_12": 687.0, "Toponimo_Antiguo": "Gerunda", "Toponimo_Moderno": "Gerona", "Provincia": "TARRACONENSIS", "Pais": "España", "Categoria": "Ciudad" }, "geometry": { "type": "Point", "coordinates": [ 2.826608, 41.987346, 0.0 ] } },
{ "type": "Feature", "properties": { "OBJECTID": 869, "OBJECTID_1": 872.0, "OBJECTID_12": 688.0, "Toponimo_Antiguo": "Gracchuris", "Toponimo_Moderno": "Alfaro", "Provincia": "TARRACONENSIS", "Pais": "España", "Categoria": "Ciudad" }, "geometry": { "type": "Point", "coordinates": [ -1.749167, 42.178333, 0.0 ] } },
{ "type": "Feature", "properties": { "OBJECTID": 870, "OBJECTID_1": 873.0, "OBJECTID_12": 690.0, "Toponimo_Antiguo": "Iesso", "Toponimo_Moderno": "Guissona", "Provincia": "TARRACONENSIS", "Pais": "España", "Categoria": "Ciudad" }, "geometry": { "type": "Point", "coordinates": [ 1.290233, 41.787158, 0.0 ] } },
{ "type": "Feature", "properties": { "OBJECTID": 871, "OBJECTID_1": 874.0, "OBJECTID_12": 691.0, "Toponimo_Antiguo": "Ilerda", "Toponimo_Moderno": "Lérida", "Provincia": "TARRACONENSIS", "Pais": "España", "Categoria": "Ciudad" }, "geometry": { "type": "Point", "coordinates": [ 0.625938, 41.615953, 0.0 ] } },
{ "type": "Feature", "properties": { "OBJECTID": 872, "OBJECTID_1": 875.0, "OBJECTID_12": 694.0, "Toponimo_Antiguo": "Iuliobriga", "Toponimo_Moderno": "Retortillo", "Provincia": "TARRACONENSIS", "Pais": "España", "Categoria": "Ciudad" }, "geometry": { "type": "Point", "coordinates": [ -4.113918, 42.985111, 0.0 ] } },
{ "type": "Feature", "properties": { "OBJECTID": 873, "OBJECTID_1": 876.0, "OBJECTID_12": 695.0, "Toponimo_Antiguo": "Labitolosa", "Toponimo_Moderno": "Cerro del Calvario", "Provincia": "TARRACONENSIS", "Pais": "España", "Categoria": "Ciudad" }, "geometry": { "type": "Point", "coordinates": [ 0.287408, 42.14469, 0.0 ] } },
{ "type": "Feature", "properties": { "OBJECTID": 874, "OBJECTID_1": 877.0, "OBJECTID_12": 701.0, "Toponimo_Antiguo": "Numantia", "Toponimo_Moderno": "Numancia", "Provincia": "CARTHAGINIENSIS", "Pais": "España", "Categoria": "Ciudad" }, "geometry": { "type": "Point", "coordinates": [ -2.444258, 41.809586, 0.0 ] } },
{ "type": "Feature", "properties": { "OBJECTID": 875, "OBJECTID_1": 878.0, "OBJECTID_12": 702.0, "Toponimo_Antiguo": "Osca", "Toponimo_Moderno": "Huesca", "Provincia": "TARRACONENSIS", "Pais": "España", "Categoria": "Ciudad" }, "geometry": { "type": "Point", "coordinates": [ -0.408898, 42.140102, 0.0 ] } },
{ "type": "Feature", "properties": { "OBJECTID": 876, "OBJECTID_1": 879.0, "OBJECTID_12": 706.0, "Toponimo_Antiguo": "Pompaelo", "Toponimo_Moderno": "Pamplona", "Provincia": "TARRACONENSIS", "Pais": "España", "Categoria": "Ciudad" }, "geometry": { "type": "Point", "coordinates": [ -1.6428, 42.817, 0.0 ] } },
{ "type": "Feature", "properties": { "OBJECTID": 877, "OBJECTID_1": 880.0, "OBJECTID_12": 707.0, "Toponimo_Antiguo": "Roda", "Toponimo_Moderno": "Rosas", "Provincia": "TARRACONENSIS", "Pais": "España", "Categoria": "Ciudad" }, "geometry": { "type": "Point", "coordinates": [ 3.169169, 42.267489, 0.0 ] } },
{ "type": "Feature", "properties": { "OBJECTID": 878, "OBJECTID_1": 881.0, "OBJECTID_12": 711.0, "Toponimo_Antiguo": "Segeda", "Toponimo_Moderno": "Belmonte del Perejil", "Provincia": "TARRACONENSIS", "Pais": "España", "Categoria": "Ciudad" }, "geometry": { "type": "Point", "coordinates": [ -1.51768, 41.289132, 0.0 ] } },
{ "type": "Feature", "properties": { "OBJECTID": 879, "OBJECTID_1": 882.0, "OBJECTID_12": 715.0, "Toponimo_Antiguo": "Tarraco", "Toponimo_Moderno": "Tarragona", "Provincia": "TARRACONENSIS", "Pais": "España", "Categoria": "Capital Provincia" }, "geometry": { "type": "Point", "coordinates": [ 1.25763, 41.117936, 0.0 ] } },
{ "type": "Feature", "properties": { "OBJECTID": 880, "OBJECTID_1": 883.0, "OBJECTID_12": 716.0, "Toponimo_Antiguo": "Termes", "Toponimo_Moderno": "Tiermes", "Provincia": "CARTHAGINIENSIS", "Pais": "España", "Categoria": "Ciudad" }, "geometry": { "type": "Point", "coordinates": [ -3.148649, 41.331017, 0.0 ] } },
{ "type": "Feature", "properties": { "OBJECTID": 881, "OBJECTID_1": 884.0, "OBJECTID_12": 718.0, "Toponimo_Antiguo": "Turiaso", "Toponimo_Moderno": "Tarazona", "Provincia": "TARRACONENSIS", "Pais": "España", "Categoria": "Ciudad" }, "geometry": { "type": "Point", "coordinates": [ -1.726083, 41.904789, 0.0 ] } },
{ "type": "Feature", "properties": { "OBJECTID": 882, "OBJECTID_1": 885.0, "OBJECTID_12": 719.0, "Toponimo_Antiguo": "Uxama", "Toponimo_Moderno": "Osma", "Provincia": "CARTHAGINIENSIS", "Pais": "España", "Categoria": "Ciudad" }, "geometry": { "type": "Point", "coordinates": [ -3.082109, 41.585279, 0.0 ] } },
{ "type": "Feature", "properties": { "OBJECTID": 883, "OBJECTID_1": 886.0, "OBJECTID_12": 1387.0, "Toponimo_Antiguo": "Pallantia", "Toponimo_Moderno": "Palencia", "Provincia": "CARTHAGINIENSIS", "Pais": "España", "Categoria": "Ciudad" }, "geometry": { "type": "Point", "coordinates": [ -4.527222594999955, 41.995752244000073, 0.0 ] } },
{ "type": "Feature", "properties": { "OBJECTID": 884, "OBJECTID_1": 887.0, "OBJECTID_12": 1449.0, "Toponimo_Antiguo": "Segontia", "Toponimo_Moderno": "Sigüenza", "Provincia": "CARTHAGINIENSIS", "Pais": "España", "Categoria": "Ciudad" }, "geometry": { "type": "Point", "coordinates": [ -2.64213097399994, 41.069155567000053, 0.0 ] } },
{ "type": "Feature", "properties": { "OBJECTID": 885, "OBJECTID_1": 888.0, "OBJECTID_12": 617.0, "Toponimo_Antiguo": "Alebaece", "Toponimo_Moderno": "Riez", "Provincia": "NARBONENSIS II", "Pais": "Francia", "Categoria": "Ciudad" }, "geometry": { "type": "Point", "coordinates": [ 6.090718, 43.818614, 0.0 ] } },
{ "type": "Feature", "properties": { "OBJECTID": 886, "OBJECTID_1": 889.0, "OBJECTID_12": 620.0, "Toponimo_Antiguo": "Aquae Sextiae", "Toponimo_Moderno": "Aix en Provence", "Provincia": "NARBONENSIS II", "Pais": "Francia", "Categoria": "Capital Provincia" }, "geometry": { "type": "Point", "coordinates": [ 5.448322, 43.529405, 0.0 ] } },
{ "type": "Feature", "properties": { "OBJECTID": 887, "OBJECTID_1": 890.0, "OBJECTID_12": 633.0, "Toponimo_Antiguo": "Forum Iulii", "Toponimo_Moderno": "Fréjus", "Provincia": "NARBONENSIS II", "Pais": "Francia", "Categoria": "Ciudad" }, "geometry": { "type": "Point", "coordinates": [ 6.733551, 43.433273, 0.0 ] } },
{ "type": "Feature", "properties": { "OBJECTID": 888, "OBJECTID_1": 891.0, "OBJECTID_12": 667.0, "Toponimo_Antiguo": "Aquae Flaviae", "Toponimo_Moderno": "Chaves", "Provincia": "GALLAECEA", "Pais": "Portugal", "Categoria": "Ciudad" }, "geometry": { "type": "Point", "coordinates": [ -7.468374, 41.739035, 0.0 ] } },
{ "type": "Feature", "properties": { "OBJECTID": 889, "OBJECTID_1": 892.0, "OBJECTID_12": 668.0, "Toponimo_Antiguo": "Asturica", "Toponimo_Moderno": "Astorga", "Provincia": "GALLAECEA", "Pais": "España", "Categoria": "Ciudad" }, "geometry": { "type": "Point", "coordinates": [ -6.057345, 42.455951, 0.0 ] } },
{ "type": "Feature", "properties": { "OBJECTID": 890, "OBJECTID_1": 893.0, "OBJECTID_12": 674.0, "Toponimo_Antiguo": "Bracara", "Toponimo_Moderno": "Braga", "Provincia": "GALLAECEA", "Pais": "Portugal", "Categoria": "Capital Provincia" }, "geometry": { "type": "Point", "coordinates": [ -8.42699, 41.550136, 0.0 ] } },
{ "type": "Feature", "properties": { "OBJECTID": 891, "OBJECTID_1": 894.0, "OBJECTID_12": 698.0, "Toponimo_Antiguo": "Lucus Augusti", "Toponimo_Moderno": "Lugo", "Provincia": "GALLAECEA", "Pais": "España", "Categoria": "Ciudad" }, "geometry": { "type": "Point", "coordinates": [ -7.557873, 43.011212, 0.0 ] } },
{ "type": "Feature", "properties": { "OBJECTID": 892, "OBJECTID_1": 895.0, "OBJECTID_12": 1382.0, "Toponimo_Antiguo": "Portus Cale", "Toponimo_Moderno": "Porto", "Provincia": "GALLAECEA", "Pais": "Portugal", "Categoria": "Ciudad" }, "geometry": { "type": "Point", "coordinates": [ -8.607923, 41.153181418000031, 0.0 ] } },
{ "type": "Feature", "properties": { "OBJECTID": 893, "OBJECTID_1": 896.0, "OBJECTID_12": 1383.0, "Toponimo_Antiguo": "Brigantum", "Toponimo_Moderno": "La Coruña", "Provincia": "GALLAECEA", "Pais": "España", "Categoria": "Ciudad" }, "geometry": { "type": "Point", "coordinates": [ -8.405551598999978, 43.366492498000071, 0.0 ] } },
{ "type": "Feature", "properties": { "OBJECTID": 894, "OBJECTID_1": 897.0, "OBJECTID_12": 1384.0, "Toponimo_Antiguo": "Lucus Asturum", "Toponimo_Moderno": "Oviedo", "Provincia": "GALLAECEA", "Pais": "España", "Categoria": "Ciudad" }, "geometry": { "type": "Point", "coordinates": [ -5.856753883999943, 43.361719858000072, 0.0 ] } },
{ "type": "Feature", "properties": { "OBJECTID": 895, "OBJECTID_1": 898.0, "OBJECTID_12": 1385.0, "Toponimo_Antiguo": "Legio", "Toponimo_Moderno": "León", "Provincia": "GALLAECEA", "Pais": "España", "Categoria": "Ciudad" }, "geometry": { "type": "Point", "coordinates": [ -5.56967, 42.60413, 0.0 ] } },
{ "type": "Feature", "properties": { "OBJECTID": 896, "OBJECTID_1": 899.0, "OBJECTID_12": 1386.0, "Toponimo_Antiguo": "Ocelodurum", "Toponimo_Moderno": "Benavente", "Provincia": "GALLAECEA", "Pais": "España", "Categoria": "Ciudad" }, "geometry": { "type": "Point", "coordinates": [ -5.674123, 42.002779, 0.0 ] } },
{ "type": "Feature", "properties": { "OBJECTID": 897, "OBJECTID_1": 900.0, "OBJECTID_12": 673.0, "Toponimo_Antiguo": "Bocchori", "Toponimo_Moderno": "Unknown", "Provincia": "BALEARICA", "Pais": "España", "Categoria": "Ciudad" }, "geometry": { "type": "Point", "coordinates": [ 3.138591, 39.932414, 0.0 ] } },
{ "type": "Feature", "properties": { "OBJECTID": 898, "OBJECTID_1": 901.0, "OBJECTID_12": 683.0, "Toponimo_Antiguo": "Ebusus", "Toponimo_Moderno": "Ebusus", "Provincia": "BALEARICA", "Pais": "España", "Categoria": "Ciudad" }, "geometry": { "type": "Point", "coordinates": [ 1.432264, 38.90841, 0.0 ] } },
{ "type": "Feature", "properties": { "OBJECTID": 899, "OBJECTID_1": 902.0, "OBJECTID_12": 689.0, "Toponimo_Antiguo": "Iamo", "Toponimo_Moderno": "Ciudadela", "Provincia": "BALEARICA", "Pais": "España", "Categoria": "Ciudad" }, "geometry": { "type": "Point", "coordinates": [ 3.861187, 40.009209, 0.0 ] } },
{ "type": "Feature", "properties": { "OBJECTID": 900, "OBJECTID_1": 903.0, "OBJECTID_12": 699.0, "Toponimo_Antiguo": "Mago", "Toponimo_Moderno": "Mahón", "Provincia": "BALEARICA", "Pais": "España", "Categoria": "Ciudad" }, "geometry": { "type": "Point", "coordinates": [ 4.251253, 39.895863, 0.0 ] } },
{ "type": "Feature", "properties": { "OBJECTID": 901, "OBJECTID_1": 904.0, "OBJECTID_12": 704.0, "Toponimo_Antiguo": "Palma", "Toponimo_Moderno": "Palma", "Provincia": "BALEARICA", "Pais": "España", "Categoria": "Capital Provincia" }, "geometry": { "type": "Point", "coordinates": [ 2.649713, 39.56882, 0.0 ] } },
{ "type": "Feature", "properties": { "OBJECTID": 902, "OBJECTID_1": 905.0, "OBJECTID_12": 705.0, "Toponimo_Antiguo": "Pollentia", "Toponimo_Moderno": "Alcudia de Pollensa", "Provincia": "BALEARICA", "Pais": "España", "Categoria": "Ciudad" }, "geometry": { "type": "Point", "coordinates": [ 3.017176, 39.877683, 0.0 ] } },
{ "type": "Feature", "properties": { "OBJECTID": 903, "OBJECTID_1": 906.0, "OBJECTID_12": 110.0, "Toponimo_Antiguo": "Alexandria", "Toponimo_Moderno": "Alexandria", "Provincia": "AEGYPTUS IOVIA", "Pais": "Egipto", "Categoria": "Capital Diocesis" }, "geometry": { "type": "Point", "coordinates": [ 29.903728, 31.195024, 0.0 ] } },
{ "type": "Feature", "properties": { "OBJECTID": 904, "OBJECTID_1": 907.0, "OBJECTID_12": 123.0, "Toponimo_Antiguo": "Diospolis Inferior", "Toponimo_Moderno": "Tell el Balamun", "Provincia": "AEGYPTUS IOVIA", "Pais": "Egipto", "Categoria": "Ciudad" }, "geometry": { "type": "Point", "coordinates": [ 31.566667, 31.266667, 0.0 ] } },
{ "type": "Feature", "properties": { "OBJECTID": 905, "OBJECTID_1": 908.0, "OBJECTID_12": 132.0, "Toponimo_Antiguo": "Hermopolis Parva", "Toponimo_Moderno": "Unknown", "Provincia": "AEGYPTUS IOVIA", "Pais": "Egipto", "Categoria": "Ciudad" }, "geometry": { "type": "Point", "coordinates": [ 30.470783, 31.033655, 0.0 ] } },
{ "type": "Feature", "properties": { "OBJECTID": 906, "OBJECTID_1": 909.0, "OBJECTID_12": 141.0, "Toponimo_Antiguo": "Metelis", "Toponimo_Moderno": "Tell Mutubis", "Provincia": "AEGYPTUS IOVIA", "Pais": "Egipto", "Categoria": "Ciudad" }, "geometry": { "type": "Point", "coordinates": [ 30.375411, 31.12039, 0.0 ] } },
{ "type": "Feature", "properties": { "OBJECTID": 907, "OBJECTID_1": 910.0, "OBJECTID_12": 149.0, "Toponimo_Antiguo": "Sais", "Toponimo_Moderno": "Sa el Hagar", "Provincia": "AEGYPTUS IOVIA", "Pais": "Egipto", "Categoria": "Ciudad" }, "geometry": { "type": "Point", "coordinates": [ 30.768333, 30.964722, 0.0 ] } },
{ "type": "Feature", "properties": { "OBJECTID": 908, "OBJECTID_1": 911.0, "OBJECTID_12": 150.0, "Toponimo_Antiguo": "Sebennytus", "Toponimo_Moderno": "Samann?d", "Provincia": "AEGYPTUS IOVIA", "Pais": "Egipto", "Categoria": "Ciudad" }, "geometry": { "type": "Point", "coordinates": [ 31.241003, 30.960661, 0.0 ] } },
{ "type": "Feature", "properties": { "OBJECTID": 909, "OBJECTID_1": 912.0, "OBJECTID_12": 156.0, "Toponimo_Antiguo": "Xois", "Toponimo_Moderno": "Saha", "Provincia": "AEGYPTUS IOVIA", "Pais": "Egipto", "Categoria": "Ciudad" }, "geometry": { "type": "Point", "coordinates": [ 30.937281, 31.108961, 0.0 ] } },
{ "type": "Feature", "properties": { "OBJECTID": 910, "OBJECTID_1": 913.0, "OBJECTID_12": 1416.0, "Toponimo_Antiguo": "Cleopatris", "Toponimo_Moderno": "Tanta", "Provincia": "AEGYPTUS IOVIA", "Pais": "Egipto", "Categoria": "Ciudad" }, "geometry": { "type": "Point", "coordinates": [ 30.97675995700007, 30.74043412900005, 0.0 ] } },
{ "type": "Feature", "properties": { "OBJECTID": 911, "OBJECTID_1": 914.0, "OBJECTID_12": 111.0, "Toponimo_Antiguo": "Antaeopolis", "Toponimo_Moderno": "Qaw el Kebir", "Provincia": "THEBAIS", "Pais": "Egipto", "Categoria": "Ciudad" }, "geometry": { "type": "Point", "coordinates": [ 31.517443, 26.899283, 0.0 ] } },
{ "type": "Feature", "properties": { "OBJECTID": 912, "OBJECTID_1": 915.0, "OBJECTID_12": 112.0, "Toponimo_Antiguo": "Antinoopolis", "Toponimo_Moderno": "Sheikh Abadah", "Provincia": "THEBAIS", "Pais": "Egipto", "Categoria": "Ciudad" }, "geometry": { "type": "Point", "coordinates": [ 30.875182, 27.81166, 0.0 ] } },
{ "type": "Feature", "properties": { "OBJECTID": 913, "OBJECTID_1": 916.0, "OBJECTID_12": 113.0, "Toponimo_Antiguo": "Aphroditopolis", "Toponimo_Moderno": "El Gabalein", "Provincia": "THEBAIS", "Pais": "Egipto", "Categoria": "Ciudad" }, "geometry": { "type": "Point", "coordinates": [ 32.473946, 25.369659, 0.0 ] } },
{ "type": "Feature", "properties": { "OBJECTID": 914, "OBJECTID_1": 917.0, "OBJECTID_12": 114.0, "Toponimo_Antiguo": "Apollonopolis Magna", "Toponimo_Moderno": "Kom Edfu", "Provincia": "THEBAIS", "Pais": "Egipto", "Categoria": "Ciudad" }, "geometry": { "type": "Point", "coordinates": [ 32.873294, 24.979536, 0.0 ] } },
{ "type": "Feature", "properties": { "OBJECTID": 915, "OBJECTID_1": 918.0, "OBJECTID_12": 115.0, "Toponimo_Antiguo": "Apollonopolis Parva", "Toponimo_Moderno": "Kom Isfaht", "Provincia": "THEBAIS", "Pais": "Egipto", "Categoria": "Ciudad" }, "geometry": { "type": "Point", "coordinates": [ 32.710142, 25.854554, 0.0 ] } },
{ "type": "Feature", "properties": { "OBJECTID": 916, "OBJECTID_1": 919.0, "OBJECTID_12": 120.0, "Toponimo_Antiguo": "Coptos", "Toponimo_Moderno": "Kouft", "Provincia": "THEBAIS", "Pais": "Egipto", "Categoria": "Ciudad" }, "geometry": { "type": "Point", "coordinates": [ 32.815787, 25.996402, 0.0 ] } },
{ "type": "Feature", "properties": { "OBJECTID": 917, "OBJECTID_1": 920.0, "OBJECTID_12": 121.0, "Toponimo_Antiguo": "Cussae", "Toponimo_Moderno": "El Qusiya", "Provincia": "THEBAIS", "Pais": "Egipto", "Categoria": "Ciudad" }, "geometry": { "type": "Point", "coordinates": [ 30.817992, 27.438184, 0.0 ] } },
{ "type": "Feature", "properties": { "OBJECTID": 918, "OBJECTID_1": 921.0, "OBJECTID_12": 124.0, "Toponimo_Antiguo": "Diospolis Magna", "Toponimo_Moderno": "Thebes", "Provincia": "THEBAIS", "Pais": "Egipto", "Categoria": "Ciudad" }, "geometry": { "type": "Point", "coordinates": [ 32.635592, 25.685028, 0.0 ] } },
{ "type": "Feature", "properties": { "OBJECTID": 919, "OBJECTID_1": 922.0, "OBJECTID_12": 125.0, "Toponimo_Antiguo": "Diospolis Parva", "Toponimo_Moderno": "Hiw", "Provincia": "THEBAIS", "Pais": "Egipto", "Categoria": "Ciudad" }, "geometry": { "type": "Point", "coordinates": [ 32.312498, 26.016881, 0.0 ] } },
{ "type": "Feature", "properties": { "OBJECTID": 920, "OBJECTID_1": 923.0, "OBJECTID_12": 126.0, "Toponimo_Antiguo": "Syene", "Toponimo_Moderno": "Aswan", "Provincia": "THEBAIS", "Pais": "Egipto", "Categoria": "Ciudad" }, "geometry": { "type": "Point", "coordinates": [ 32.91160930500007, 24.079679554000052, 0.0 ] } },
{ "type": "Feature", "properties": { "OBJECTID": 921, "OBJECTID_1": 924.0, "OBJECTID_12": 130.0, "Toponimo_Antiguo": "Hermonthis", "Toponimo_Moderno": "Armant", "Provincia": "THEBAIS", "Pais": "Egipto", "Categoria": "Ciudad" }, "geometry": { "type": "Point", "coordinates": [ 32.508054, 25.55027, 0.0 ] } },
{ "type": "Feature", "properties": { "OBJECTID": 922, "OBJECTID_1": 925.0, "OBJECTID_12": 131.0, "Toponimo_Antiguo": "Hermopolis Magna", "Toponimo_Moderno": "El Ashmunein", "Provincia": "THEBAIS", "Pais": "Egipto", "Categoria": "Ciudad" }, "geometry": { "type": "Point", "coordinates": [ 30.803889, 27.781389, 0.0 ] } },
{ "type": "Feature", "properties": { "OBJECTID": 923, "OBJECTID_1": 926.0, "OBJECTID_12": 134.0, "Toponimo_Antiguo": "Hypselis", "Toponimo_Moderno": "Shutb", "Provincia": "THEBAIS", "Pais": "Egipto", "Categoria": "Ciudad" }, "geometry": { "type": "Point", "coordinates": [ 31.234697, 27.146592, 0.0 ] } },
{ "type": "Feature", "properties": { "OBJECTID": 924, "OBJECTID_1": 927.0, "OBJECTID_12": 135.0, "Toponimo_Antiguo": "Latopolis", "Toponimo_Moderno": "Esna", "Provincia": "THEBAIS", "Pais": "Egipto", "Categoria": "Ciudad" }, "geometry": { "type": "Point", "coordinates": [ 32.545454, 25.273504, 0.0 ] } },
{ "type": "Feature", "properties": { "OBJECTID": 925, "OBJECTID_1": 928.0, "OBJECTID_12": 138.0, "Toponimo_Antiguo": "Lycopolis", "Toponimo_Moderno": "Siout", "Provincia": "THEBAIS", "Pais": "Egipto", "Categoria": "Ciudad" }, "geometry": { "type": "Point", "coordinates": [ 31.183333, 27.183333, 0.0 ] } },
{ "type": "Feature", "properties": { "OBJECTID": 926, "OBJECTID_1": 929.0, "OBJECTID_12": 143.0, "Toponimo_Antiguo": "Ombos", "Toponimo_Moderno": "Kom Ombo", "Provincia": "THEBAIS", "Pais": "Egipto", "Categoria": "Ciudad" }, "geometry": { "type": "Point", "coordinates": [ 33.512263, 25.729386, 0.0 ] } },
{ "type": "Feature", "properties": { "OBJECTID": 927, "OBJECTID_1": 930.0, "OBJECTID_12": 145.0, "Toponimo_Antiguo": "Panopolis", "Toponimo_Moderno": "Akhmim", "Provincia": "THEBAIS", "Pais": "Egipto", "Categoria": "Ciudad" }, "geometry": { "type": "Point", "coordinates": [ 31.75, 26.566667, 0.0 ] } },
{ "type": "Feature", "properties": { "OBJECTID": 928, "OBJECTID_1": 931.0, "OBJECTID_12": 148.0, "Toponimo_Antiguo": "Ptolemais", "Toponimo_Moderno": "El Manshah", "Provincia": "THEBAIS", "Pais": "Egipto", "Categoria": "Capital Provincia" }, "geometry": { "type": "Point", "coordinates": [ 31.8, 26.483333, 0.0 ] } },
{ "type": "Feature", "properties": { "OBJECTID": 929, "OBJECTID_1": 932.0, "OBJECTID_12": 153.0, "Toponimo_Antiguo": "Tentyris", "Toponimo_Moderno": "Dandara", "Provincia": "THEBAIS", "Pais": "Egipto", "Categoria": "Ciudad" }, "geometry": { "type": "Point", "coordinates": [ 32.65, 26.166667, 0.0 ] } },
{ "type": "Feature", "properties": { "OBJECTID": 930, "OBJECTID_1": 933.0, "OBJECTID_12": 154.0, "Toponimo_Antiguo": "Thinis", "Toponimo_Moderno": "El Birba", "Provincia": "THEBAIS", "Pais": "Egipto", "Categoria": "Ciudad" }, "geometry": { "type": "Point", "coordinates": [ 30.736688, 27.774692, 0.0 ] } },
{ "type": "Feature", "properties": { "OBJECTID": 931, "OBJECTID_1": 934.0, "OBJECTID_12": 1379.0, "Toponimo_Antiguo": "Berenice", "Toponimo_Moderno": "Berenice", "Provincia": "THEBAIS", "Pais": "Egipto", "Categoria": "Ciudad" }, "geometry": { "type": "Point", "coordinates": [ 35.510571569000035, 23.982290090000049, 0.0 ] } },
{ "type": "Feature", "properties": { "OBJECTID": 932, "OBJECTID_1": 935.0, "OBJECTID_12": 1413.0, "Toponimo_Antiguo": "Oasis Magna", "Toponimo_Moderno": "Jariya", "Provincia": "THEBAIS", "Pais": "Egipto", "Categoria": "Ciudad" }, "geometry": { "type": "Point", "coordinates": [ 30.565694306000069, 25.475766047000036, 0.0 ] } },
{ "type": "Feature", "properties": { "OBJECTID": 933, "OBJECTID_1": 936.0, "OBJECTID_12": 1414.0, "Toponimo_Antiguo": "Myos Hormos", "Toponimo_Moderno": "Hurgada", "Provincia": "THEBAIS", "Pais": "Egipto", "Categoria": "Ciudad" }, "geometry": { "type": "Point", "coordinates": [ 33.794399306000059, 27.242180254000061, 0.0 ] } },
{ "type": "Feature", "properties": { "OBJECTID": 934, "OBJECTID_1": 937.0, "OBJECTID_12": 152.0, "Toponimo_Antiguo": "Tebtunis", "Toponimo_Moderno": "Tell Umm el-Baragat", "Provincia": "LIBYA INFERIOR", "Pais": "Egipto", "Categoria": "Ciudad" }, "geometry": { "type": "Point", "coordinates": [ 29.106896, 30.761239, 0.0 ] } },
{ "type": "Feature", "properties": { "OBJECTID": 935, "OBJECTID_1": 938.0, "OBJECTID_12": 1371.0, "Toponimo_Antiguo": "Ammonium", "Toponimo_Moderno": "Siwa", "Provincia": "LIBYA INFERIOR", "Pais": "Egipto", "Categoria": "Ciudad" }, "geometry": { "type": "Point", "coordinates": [ 25.552000018000058, 29.210562052000057, 0.0 ] } },
{ "type": "Feature", "properties": { "OBJECTID": 936, "OBJECTID_1": 939.0, "OBJECTID_12": 1406.0, "Toponimo_Antiguo": "Zygra", "Toponimo_Moderno": "Sidi Barrane", "Provincia": "LIBYA INFERIOR", "Pais": "Egipto", "Categoria": "Ciudad" }, "geometry": { "type": "Point", "coordinates": [ 25.931221468000047, 31.60821770900003, 0.0 ] } },
{ "type": "Feature", "properties": { "OBJECTID": 937, "OBJECTID_1": 940.0, "OBJECTID_12": 1408.0, "Toponimo_Antiguo": "Catabathmus Maior", "Toponimo_Moderno": " ", "Provincia": "LIBYA INFERIOR", "Pais": "Libia", "Categoria": "Ciudad" }, "geometry": { "type": "Point", "coordinates": [ 25.157949387000031, 31.55451935800005, 0.0 ] } },
{ "type": "Feature", "properties": { "OBJECTID": 938, "OBJECTID_1": 941.0, "OBJECTID_12": 170.0, "Toponimo_Antiguo": "Capsa", "Toponimo_Moderno": "Gafsa", "Provincia": "NUMIDIA", "Pais": "Tunez", "Categoria": "Ciudad" }, "geometry": { "type": "Point", "coordinates": [ 8.786674, 34.418648, 0.0 ] } },
{ "type": "Feature", "properties": { "OBJECTID": 939, "OBJECTID_1": 942.0, "OBJECTID_12": 1154.0, "Toponimo_Antiguo": "Diana Veteranorum", "Toponimo_Moderno": "Zana", "Provincia": "NUMIDIA", "Pais": "Argelia", "Categoria": "Ciudad" }, "geometry": { "type": "Point", "coordinates": [ 6.080301, 35.77969, 0.0 ] } },
{ "type": "Feature", "properties": { "OBJECTID": 940, "OBJECTID_1": 943.0, "OBJECTID_12": 1160.0, "Toponimo_Antiguo": "Lamasba", "Toponimo_Moderno": "Henchir Merouana", "Provincia": "NUMIDIA", "Pais": "Argelia", "Categoria": "Ciudad" }, "geometry": { "type": "Point", "coordinates": [ 5.9113, 35.629, 0.0 ] } },
{ "type": "Feature", "properties": { "OBJECTID": 941, "OBJECTID_1": 944.0, "OBJECTID_12": 1161.0, "Toponimo_Antiguo": "Mileve", "Toponimo_Moderno": "Mila", "Provincia": "NUMIDIA", "Pais": "Argelia", "Categoria": "Ciudad" }, "geometry": { "type": "Point", "coordinates": [ 6.267698, 36.451276, 0.0 ] } },
{ "type": "Feature", "properties": { "OBJECTID": 942, "OBJECTID_1": 945.0, "OBJECTID_12": 1177.0, "Toponimo_Antiguo": "Uzelis", "Toponimo_Moderno": "Oudjel", "Provincia": "NUMIDIA", "Pais": "Argelia", "Categoria": "Ciudad" }, "geometry": { "type": "Point", "coordinates": [ 6.360226, 36.380653, 0.0 ] } },
{ "type": "Feature", "properties": { "OBJECTID": 943, "OBJECTID_1": 946.0, "OBJECTID_12": 1224.0, "Toponimo_Antiguo": "Chullu", "Toponimo_Moderno": "Chollo", "Provincia": "NUMIDIA", "Pais": "Argelia", "Categoria": "Ciudad" }, "geometry": { "type": "Point", "coordinates": [ 6.562081, 37.007852, 0.0 ] } },
{ "type": "Feature", "properties": { "OBJECTID": 944, "OBJECTID_1": 947.0, "OBJECTID_12": 1225.0, "Toponimo_Antiguo": "Constantina", "Toponimo_Moderno": "Constantine", "Provincia": "NUMIDIA", "Pais": "Argelia", "Categoria": "Capital Provincia" }, "geometry": { "type": "Point", "coordinates": [ 6.612554, 36.367897, 0.0 ] } },
{ "type": "Feature", "properties": { "OBJECTID": 945, "OBJECTID_1": 948.0, "OBJECTID_12": 1228.0, "Toponimo_Antiguo": "Lambaesis", "Toponimo_Moderno": "Tazzoult", "Provincia": "NUMIDIA", "Pais": "Argelia", "Categoria": "Ciudad" }, "geometry": { "type": "Point", "coordinates": [ 6.2667, 35.46081, 0.0 ] } },
{ "type": "Feature", "properties": { "OBJECTID": 946, "OBJECTID_1": 949.0, "OBJECTID_12": 1229.0, "Toponimo_Antiguo": "Lambiridi", "Toponimo_Moderno": "Khirbet Ouled Arif", "Provincia": "NUMIDIA", "Pais": "Argelia", "Categoria": "Ciudad" }, "geometry": { "type": "Point", "coordinates": [ 6.077305, 35.503768, 0.0 ] } },
{ "type": "Feature", "properties": { "OBJECTID": 947, "OBJECTID_1": 950.0, "OBJECTID_12": 1232.0, "Toponimo_Antiguo": "Mascula", "Toponimo_Moderno": "Khenchela", "Provincia": "NUMIDIA", "Pais": "Argelia", "Categoria": "Ciudad" }, "geometry": { "type": "Point", "coordinates": [ 7.150025, 35.433338, 0.0 ] } },
{ "type": "Feature", "properties": { "OBJECTID": 948, "OBJECTID_1": 951.0, "OBJECTID_12": 1234.0, "Toponimo_Antiguo": "Rusicada", "Toponimo_Moderno": "Ras Skikda", "Provincia": "NUMIDIA", "Pais": "Argelia", "Categoria": "Ciudad" }, "geometry": { "type": "Point", "coordinates": [ 6.904976, 36.879573, 0.0 ] } },
{ "type": "Feature", "properties": { "OBJECTID": 949, "OBJECTID_1": 952.0, "OBJECTID_12": 1239.0, "Toponimo_Antiguo": "Thamugadi", "Toponimo_Moderno": "Timgad", "Provincia": "NUMIDIA", "Pais": "Argelia", "Categoria": "Ciudad" }, "geometry": { "type": "Point", "coordinates": [ 6.468525, 35.485017, 0.0 ] } },
{ "type": "Feature", "properties": { "OBJECTID": 950, "OBJECTID_1": 953.0, "OBJECTID_12": 1240.0, "Toponimo_Antiguo": "Theveste", "Toponimo_Moderno": "Tébessa", "Provincia": "NUMIDIA", "Pais": "Argelia", "Categoria": "Ciudad" }, "geometry": { "type": "Point", "coordinates": [ 8.121558, 35.403084, 0.0 ] } },
{ "type": "Feature", "properties": { "OBJECTID": 951, "OBJECTID_1": 954.0, "OBJECTID_12": 1245.0, "Toponimo_Antiguo": "Tiddis", "Toponimo_Moderno": "Tiddis", "Provincia": "NUMIDIA", "Pais": "Argelia", "Categoria": "Ciudad" }, "geometry": { "type": "Point", "coordinates": [ 6.478255, 36.461823, 0.0 ] } },
{ "type": "Feature", "properties": { "OBJECTID": 952, "OBJECTID_1": 955.0, "OBJECTID_12": 1247.0, "Toponimo_Antiguo": "Verecunda", "Toponimo_Moderno": "Markouna", "Provincia": "NUMIDIA", "Pais": "Argelia", "Categoria": "Ciudad" }, "geometry": { "type": "Point", "coordinates": [ 6.289709, 35.488718, 0.0 ] } },
{ "type": "Feature", "properties": { "OBJECTID": 953, "OBJECTID_1": 956.0, "OBJECTID_12": 1398.0, "Toponimo_Antiguo": "Bagae", "Toponimo_Moderno": "Ain Beida", "Provincia": "NUMIDIA", "Pais": "Argelia", "Categoria": "Ciudad" }, "geometry": { "type": "Point", "coordinates": [ 7.401246249000053, 35.790511539000079, 0.0 ] } },
{ "type": "Feature", "properties": { "OBJECTID": 954, "OBJECTID_1": 957.0, "OBJECTID_12": 1430.0, "Toponimo_Antiguo": "Badias", "Toponimo_Moderno": "Biskra", "Provincia": "NUMIDIA", "Pais": "Argelia", "Categoria": "Ciudad" }, "geometry": { "type": "Point", "coordinates": [ 5.719864825000059, 34.854886904000068, 0.0 ] } },
{ "type": "Feature", "properties": { "OBJECTID": 955, "OBJECTID_1": 958.0, "OBJECTID_12": 1146.0, "Toponimo_Antiguo": "Ad Sava", "Toponimo_Moderno": "Hammam Guergour", "Provincia": "MAURETANIA SITIFENSIS", "Pais": "Argelia", "Categoria": "Ciudad" }, "geometry": { "type": "Point", "coordinates": [ 5.066483, 36.325495, 0.0 ] } },
{ "type": "Feature", "properties": { "OBJECTID": 956, "OBJECTID_1": 959.0, "OBJECTID_12": 1152.0, "Toponimo_Antiguo": "Choba", "Toponimo_Moderno": "Ziama", "Provincia": "MAURETANIA SITIFENSIS", "Pais": "Argelia", "Categoria": "Ciudad" }, "geometry": { "type": "Point", "coordinates": [ 5.481269, 36.673105, 0.0 ] } },
{ "type": "Feature", "properties": { "OBJECTID": 957, "OBJECTID_1": 960.0, "OBJECTID_12": 1153.0, "Toponimo_Antiguo": "Cuicul", "Toponimo_Moderno": "Djemila", "Provincia": "MAURETANIA SITIFENSIS", "Pais": "Argelia", "Categoria": "Ciudad" }, "geometry": { "type": "Point", "coordinates": [ 5.735732, 36.320494, 0.0 ] } },
{ "type": "Feature", "properties": { "OBJECTID": 958, "OBJECTID_1": 961.0, "OBJECTID_12": 1157.0, "Toponimo_Antiguo": "Igilgili", "Toponimo_Moderno": "Djidjelli", "Provincia": "MAURETANIA SITIFENSIS", "Pais": "Argelia", "Categoria": "Ciudad" }, "geometry": { "type": "Point", "coordinates": [ 5.765676, 36.820982, 0.0 ] } },
{ "type": "Feature", "properties": { "OBJECTID": 959, "OBJECTID_1": 962.0, "OBJECTID_12": 1162.0, "Toponimo_Antiguo": "Mopthensium", "Toponimo_Moderno": "Mons", "Provincia": "MAURETANIA SITIFENSIS", "Pais": "Argelia", "Categoria": "Ciudad" }, "geometry": { "type": "Point", "coordinates": [ 5.567436, 36.247346, 0.0 ] } },
{ "type": "Feature", "properties": { "OBJECTID": 960, "OBJECTID_1": 963.0, "OBJECTID_12": 1171.0, "Toponimo_Antiguo": "Saldae", "Toponimo_Moderno": "Béjaia", "Provincia": "MAURETANIA SITIFENSIS", "Pais": "Argelia", "Categoria": "Ciudad" }, "geometry": { "type": "Point", "coordinates": [ 5.078027, 36.758025, 0.0 ] } },
{ "type": "Feature", "properties": { "OBJECTID": 961, "OBJECTID_1": 964.0, "OBJECTID_12": 1173.0, "Toponimo_Antiguo": "Sitifis", "Toponimo_Moderno": "Sétif", "Provincia": "MAURETANIA SITIFENSIS", "Pais": "Argelia", "Categoria": "Capital Provincia" }, "geometry": { "type": "Point", "coordinates": [ 5.4072, 36.1886, 0.0 ] } },
{ "type": "Feature", "properties": { "OBJECTID": 962, "OBJECTID_1": 965.0, "OBJECTID_12": 1176.0, "Toponimo_Antiguo": "Tubusuctu", "Toponimo_Moderno": "Tiklat", "Provincia": "MAURETANIA SITIFENSIS", "Pais": "Argelia", "Categoria": "Ciudad" }, "geometry": { "type": "Point", "coordinates": [ 4.841954, 36.665461, 0.0 ] } },
{ "type": "Feature", "properties": { "OBJECTID": 963, "OBJECTID_1": 966.0, "OBJECTID_12": 1432.0, "Toponimo_Antiguo": "Thabudeus", "Toponimo_Moderno": "Benthious", "Provincia": "MAURETANIA SITIFENSIS", "Pais": "Argelia", "Categoria": "Ciudad" }, "geometry": { "type": "Point", "coordinates": [ 5.53923, 34.63395, 0.0 ] } },
{ "type": "Feature", "properties": { "OBJECTID": 964, "OBJECTID_1": 967.0, "OBJECTID_12": 1267.0, "Toponimo_Antiguo": "Abodiacum", "Toponimo_Moderno": "Epfach", "Provincia": "RAETIA II", "Pais": "Alemania", "Categoria": "Ciudad" }, "geometry": { "type": "Point", "coordinates": [ 10.909768, 47.909884, 0.0 ] } },
{ "type": "Feature", "properties": { "OBJECTID": 965, "OBJECTID_1": 968.0, "OBJECTID_12": 1268.0, "Toponimo_Antiguo": "Augusta Vindelicum", "Toponimo_Moderno": "Augsburg", "Provincia": "RAETIA II", "Pais": "Alemania", "Categoria": "Capital Provincia" }, "geometry": { "type": "Point", "coordinates": [ 10.894765, 48.365463, 0.0 ] } },
{ "type": "Feature", "properties": { "OBJECTID": 966, "OBJECTID_1": 969.0, "OBJECTID_12": 1270.0, "Toponimo_Antiguo": "Cambodunum", "Toponimo_Moderno": "Kempten", "Provincia": "RAETIA II", "Pais": "Alemania", "Categoria": "Ciudad" }, "geometry": { "type": "Point", "coordinates": [ 10.323029, 47.727633, 0.0 ] } },
{ "type": "Feature", "properties": { "OBJECTID": 967, "OBJECTID_1": 970.0, "OBJECTID_12": 1446.0, "Toponimo_Antiguo": "Castra Regina", "Toponimo_Moderno": "Regensburg", "Provincia": "RAETIA II", "Pais": "Alemania", "Categoria": "Ciudad" }, "geometry": { "type": "Point", "coordinates": [ 12.094885478000037, 49.011745173000065, 0.0 ] } },
{ "type": "Feature", "properties": { "OBJECTID": 968, "OBJECTID_1": 971.0, "OBJECTID_12": 1448.0, "Toponimo_Antiguo": "Teriolis", "Toponimo_Moderno": "Innsbruck", "Provincia": "RAETIA II", "Pais": "Austria", "Categoria": "Ciudad" }, "geometry": { "type": "Point", "coordinates": [ 11.385192896000035, 47.258072426000069, 0.0 ] } },
{ "type": "Feature", "properties": { "OBJECTID": 969, "OBJECTID_1": 972.0, "OBJECTID_12": 653.0, "Toponimo_Antiguo": "Augusta Raurica", "Toponimo_Moderno": "Augst", "Provincia": "MAXIMA SEQUANORUM", "Pais": "Suiza", "Categoria": "Ciudad" }, "geometry": { "type": "Point", "coordinates": [ 7.721389, 47.533889, 0.0 ] } },
{ "type": "Feature", "properties": { "OBJECTID": 970, "OBJECTID_1": 973.0, "OBJECTID_12": 654.0, "Toponimo_Antiguo": "Aventicum", "Toponimo_Moderno": "Avenches", "Provincia": "MAXIMA SEQUANORUM", "Pais": "Suiza", "Categoria": "Ciudad" }, "geometry": { "type": "Point", "coordinates": [ 7.046868, 46.882694, 0.0 ] } },
{ "type": "Feature", "properties": { "OBJECTID": 971, "OBJECTID_1": 974.0, "OBJECTID_12": 655.0, "Toponimo_Antiguo": "Epamanduodurum", "Toponimo_Moderno": "Mandeure", "Provincia": "MAXIMA SEQUANORUM", "Pais": "Francia", "Categoria": "Ciudad" }, "geometry": { "type": "Point", "coordinates": [ 6.806111, 47.451944, 0.0 ] } },
{ "type": "Feature", "properties": { "OBJECTID": 972, "OBJECTID_1": 975.0, "OBJECTID_12": 657.0, "Toponimo_Antiguo": "Lousonna", "Toponimo_Moderno": "Lausanne", "Provincia": "MAXIMA SEQUANORUM", "Pais": "Suiza", "Categoria": "Ciudad" }, "geometry": { "type": "Point", "coordinates": [ 6.602161, 46.515308, 0.0 ] } },
{ "type": "Feature", "properties": { "OBJECTID": 973, "OBJECTID_1": 976.0, "OBJECTID_12": 659.0, "Toponimo_Antiguo": "Noviodunum", "Toponimo_Moderno": "Nyon", "Provincia": "MAXIMA SEQUANORUM", "Pais": "Suiza", "Categoria": "Ciudad" }, "geometry": { "type": "Point", "coordinates": [ 6.238391, 46.380833, 0.0 ] } },
{ "type": "Feature", "properties": { "OBJECTID": 974, "OBJECTID_1": 977.0, "OBJECTID_12": 663.0, "Toponimo_Antiguo": "Vesontio", "Toponimo_Moderno": "Besançon", "Provincia": "MAXIMA SEQUANORUM", "Pais": "Francia", "Categoria": "Capital Provincia" }, "geometry": { "type": "Point", "coordinates": [ 6.022908, 47.236543, 0.0 ] } },
{ "type": "Feature", "properties": { "OBJECTID": 975, "OBJECTID_1": 978.0, "OBJECTID_12": 664.0, "Toponimo_Antiguo": "Vindonissa", "Toponimo_Moderno": "Brugg", "Provincia": "MAXIMA SEQUANORUM", "Pais": "Suiza", "Categoria": "Ciudad" }, "geometry": { "type": "Point", "coordinates": [ 8.206654, 47.47965, 0.0 ] } },
{ "type": "Feature", "properties": { "OBJECTID": 976, "OBJECTID_1": 979.0, "OBJECTID_12": 616.0, "Toponimo_Antiguo": "Alba Helviorum", "Toponimo_Moderno": "Alba", "Provincia": "VIENNENSIS", "Pais": "Francia", "Categoria": "Ciudad" }, "geometry": { "type": "Point", "coordinates": [ 4.6001, 44.560635, 0.0 ] } },
{ "type": "Feature", "properties": { "OBJECTID": 977, "OBJECTID_1": 980.0, "OBJECTID_12": 619.0, "Toponimo_Antiguo": "Apta", "Toponimo_Moderno": "Apt", "Provincia": "NARBONENSIS II", "Pais": "Francia", "Categoria": "Ciudad" }, "geometry": { "type": "Point", "coordinates": [ 5.397449, 43.876504, 0.0 ] } },
{ "type": "Feature", "properties": { "OBJECTID": 978, "OBJECTID_1": 981.0, "OBJECTID_12": 621.0, "Toponimo_Antiguo": "Arausio", "Toponimo_Moderno": "Orange", "Provincia": "VIENNENSIS", "Pais": "Francia", "Categoria": "Ciudad" }, "geometry": { "type": "Point", "coordinates": [ 4.807562, 44.136702, 0.0 ] } },
{ "type": "Feature", "properties": { "OBJECTID": 979, "OBJECTID_1": 982.0, "OBJECTID_12": 622.0, "Toponimo_Antiguo": "Arelate", "Toponimo_Moderno": "Arles", "Provincia": "VIENNENSIS", "Pais": "Francia", "Categoria": "Ciudad" }, "geometry": { "type": "Point", "coordinates": [ 4.627804, 43.676651, 0.0 ] } },
{ "type": "Feature", "properties": { "OBJECTID": 980, "OBJECTID_1": 983.0, "OBJECTID_12": 623.0, "Toponimo_Antiguo": "Augusta Tricastinorum", "Toponimo_Moderno": "S. Paul Trois Chateaux", "Provincia": "VIENNENSIS", "Pais": "Francia", "Categoria": "Ciudad" }, "geometry": { "type": "Point", "coordinates": [ 4.766995, 44.349538, 0.0 ] } },
{ "type": "Feature", "properties": { "OBJECTID": 981, "OBJECTID_1": 984.0, "OBJECTID_12": 624.0, "Toponimo_Antiguo": "Avennio", "Toponimo_Moderno": "Avignon", "Provincia": "VIENNENSIS", "Pais": "Francia", "Categoria": "Ciudad" }, "geometry": { "type": "Point", "coordinates": [ 4.80676, 43.947655, 0.0 ] } },
{ "type": "Feature", "properties": { "OBJECTID": 982, "OBJECTID_1": 985.0, "OBJECTID_12": 626.0, "Toponimo_Antiguo": "Boutae", "Toponimo_Moderno": "Annecy Les Fins", "Provincia": "VIENNENSIS", "Pais": "Francia", "Categoria": "Ciudad" }, "geometry": { "type": "Point", "coordinates": [ 6.126885, 45.904455, 0.0 ] } },
{ "type": "Feature", "properties": { "OBJECTID": 983, "OBJECTID_1": 986.0, "OBJECTID_12": 627.0, "Toponimo_Antiguo": "Cabellio", "Toponimo_Moderno": "Cavaillon", "Provincia": "VIENNENSIS", "Pais": "Francia", "Categoria": "Ciudad" }, "geometry": { "type": "Point", "coordinates": [ 5.034166, 43.829885, 0.0 ] } },
{ "type": "Feature", "properties": { "OBJECTID": 984, "OBJECTID_1": 987.0, "OBJECTID_12": 629.0, "Toponimo_Antiguo": "Carpentorate", "Toponimo_Moderno": "Carpentras", "Provincia": "VIENNENSIS", "Pais": "Francia", "Categoria": "Ciudad" }, "geometry": { "type": "Point", "coordinates": [ 5.048903, 44.055773, 0.0 ] } },
{ "type": "Feature", "properties": { "OBJECTID": 985, "OBJECTID_1": 988.0, "OBJECTID_12": 631.0, "Toponimo_Antiguo": "Cularo", "Toponimo_Moderno": "Grenoble", "Provincia": "NARBONENSIS II", "Pais": "Francia", "Categoria": "Ciudad" }, "geometry": { "type": "Point", "coordinates": [ 5.726945, 45.187778, 0.0 ] } },
{ "type": "Feature", "properties": { "OBJECTID": 986, "OBJECTID_1": 989.0, "OBJECTID_12": 632.0, "Toponimo_Antiguo": "Dea Augusta Vocontiorum", "Toponimo_Moderno": "Die", "Provincia": "VIENNENSIS", "Pais": "Francia", "Categoria": "Ciudad" }, "geometry": { "type": "Point", "coordinates": [ 5.370462, 44.752501, 0.0 ] } },
{ "type": "Feature", "properties": { "OBJECTID": 987, "OBJECTID_1": 990.0, "OBJECTID_12": 634.0, "Toponimo_Antiguo": "Genava", "Toponimo_Moderno": "Geneva", "Provincia": "VIENNENSIS", "Pais": "Suiza", "Categoria": "Ciudad" }, "geometry": { "type": "Point", "coordinates": [ 6.139959, 46.20381, 0.0 ] } },
{ "type": "Feature", "properties": { "OBJECTID": 988, "OBJECTID_1": 991.0, "OBJECTID_12": 635.0, "Toponimo_Antiguo": "Glanum", "Toponimo_Moderno": "S. Remy de Provence", "Provincia": "VIENNENSIS", "Pais": "Francia", "Categoria": "Ciudad" }, "geometry": { "type": "Point", "coordinates": [ 4.8325, 43.773889, 0.0 ] } },
{ "type": "Feature", "properties": { "OBJECTID": 989, "OBJECTID_1": 992.0, "OBJECTID_12": 636.0, "Toponimo_Antiguo": "Lucus Augusti", "Toponimo_Moderno": "Luc en Diois", "Provincia": "VIENNENSIS", "Pais": "Francia", "Categoria": "Ciudad" }, "geometry": { "type": "Point", "coordinates": [ 5.453333, 44.615556, 0.0 ] } },
{ "type": "Feature", "properties": { "OBJECTID": 990, "OBJECTID_1": 993.0, "OBJECTID_12": 637.0, "Toponimo_Antiguo": "Massalia", "Toponimo_Moderno": "Marseille", "Provincia": "VIENNENSIS", "Pais": "Francia", "Categoria": "Ciudad" }, "geometry": { "type": "Point", "coordinates": [ 5.364897, 43.303884, 0.0 ] } },
{ "type": "Feature", "properties": { "OBJECTID": 991, "OBJECTID_1": 994.0, "OBJECTID_12": 638.0, "Toponimo_Antiguo": "Mauves", "Toponimo_Moderno": "Mauves", "Provincia": "VIENNENSIS", "Pais": "Francia", "Categoria": "Ciudad" }, "geometry": { "type": "Point", "coordinates": [ 4.830044, 45.03917, 0.0 ] } },
{ "type": "Feature", "properties": { "OBJECTID": 992, "OBJECTID_1": 995.0, "OBJECTID_12": 643.0, "Toponimo_Antiguo": "Valentia", "Toponimo_Moderno": "Valence", "Provincia": "VIENNENSIS", "Pais": "Francia", "Categoria": "Ciudad" }, "geometry": { "type": "Point", "coordinates": [ 4.889886, 44.929811, 0.0 ] } },
{ "type": "Feature", "properties": { "OBJECTID": 993, "OBJECTID_1": 996.0, "OBJECTID_12": 644.0, "Toponimo_Antiguo": "Vasio", "Toponimo_Moderno": "Vaison la Romaine", "Provincia": "VIENNENSIS", "Pais": "Francia", "Categoria": "Ciudad" }, "geometry": { "type": "Point", "coordinates": [ 5.073958, 44.241028, 0.0 ] } },
{ "type": "Feature", "properties": { "OBJECTID": 994, "OBJECTID_1": 997.0, "OBJECTID_12": 645.0, "Toponimo_Antiguo": "Vienna", "Toponimo_Moderno": "Vienne", "Provincia": "VIENNENSIS", "Pais": "Francia", "Categoria": "Capital Provincia" }, "geometry": { "type": "Point", "coordinates": [ 4.878056, 45.524167, 0.0 ] } },
{ "type": "Feature", "properties": { "OBJECTID": 995, "OBJECTID_1": 998.0, "OBJECTID_12": 1249.0, "Toponimo_Antiguo": "Bassiana", "Toponimo_Moderno": "Petrovci", "Provincia": "PANNONIA II", "Pais": "Serbia", "Categoria": "Ciudad" }, "geometry": { "type": "Point", "coordinates": [ 19.977001, 44.969659, 0.0 ] } },
{ "type": "Feature", "properties": { "OBJECTID": 996, "OBJECTID_1": 999.0, "OBJECTID_12": 1251.0, "Toponimo_Antiguo": "Cibalae", "Toponimo_Moderno": "Vinkovci", "Provincia": "PANNONIA II", "Pais": "Croacia", "Categoria": "Ciudad" }, "geometry": { "type": "Point", "coordinates": [ 18.801048, 45.291025, 0.0 ] } },
{ "type": "Feature", "properties": { "OBJECTID": 997, "OBJECTID_1": 1000.0, "OBJECTID_12": 1253.0, "Toponimo_Antiguo": "Mursa", "Toponimo_Moderno": "Osijek", "Provincia": "PANNONIA II", "Pais": "Croacia", "Categoria": "Ciudad" }, "geometry": { "type": "Point", "coordinates": [ 18.675749, 45.560018, 0.0 ] } },
{ "type": "Feature", "properties": { "OBJECTID": 998, "OBJECTID_1": 1001.0, "OBJECTID_12": 1254.0, "Toponimo_Antiguo": "Sirmium", "Toponimo_Moderno": "Sremska Mitrovica", "Provincia": "PANNONIA II", "Pais": "Serbia", "Categoria": "Capital Diocesis" }, "geometry": { "type": "Point", "coordinates": [ 19.610106, 44.966447, 0.0 ] } },
{ "type": "Feature", "properties": { "OBJECTID": 999, "OBJECTID_1": 1002.0, "OBJECTID_12": 1353.0, "Toponimo_Antiguo": "Beroea", "Toponimo_Moderno": "Stara Zagora", "Provincia": "THRACIA", "Pais": "Bulgaria", "Categoria": "Ciudad" }, "geometry": { "type": "Point", "coordinates": [ 25.624862, 42.425403, 0.0 ] } },
{ "type": "Feature", "properties": { "OBJECTID": 1000, "OBJECTID_1": 1003.0, "OBJECTID_12": 1358.0, "Toponimo_Antiguo": "Diocletianopolis", "Toponimo_Moderno": "Hisariya", "Provincia": "THRACIA", "Pais": "Bulgaria", "Categoria": "Ciudad" }, "geometry": { "type": "Point", "coordinates": [ 24.707716, 42.503218, 0.0 ] } },
{ "type": "Feature", "properties": { "OBJECTID": 1001, "OBJECTID_1": 1004.0, "OBJECTID_12": 1365.0, "Toponimo_Antiguo": "Philippopolis", "Toponimo_Moderno": "Plovdiv", "Provincia": "THRACIA", "Pais": "Bulgaria", "Categoria": "Capital Diocesis" }, "geometry": { "type": "Point", "coordinates": [ 24.750913, 42.146652, 0.0 ] } },
{ "type": "Feature", "properties": { "OBJECTID": 1002, "OBJECTID_1": 1005.0, "OBJECTID_12": 1368.0, "Toponimo_Antiguo": "Seuthopolis", "Toponimo_Moderno": "Kazanlak", "Provincia": "THRACIA", "Pais": "Bulgaria", "Categoria": "Ciudad" }, "geometry": { "type": "Point", "coordinates": [ 25.274047, 42.628866, 0.0 ] } },
{ "type": "Feature", "properties": { "OBJECTID": 1003, "OBJECTID_1": 1006.0, "OBJECTID_12": 1203.0, "Toponimo_Antiguo": "Naissus", "Toponimo_Moderno": "Niš", "Provincia": "DACIA MEDITERRANEA", "Pais": "Serbia", "Categoria": "Ciudad" }, "geometry": { "type": "Point", "coordinates": [ 21.893884, 43.316295, 0.0 ] } },
{ "type": "Feature", "properties": { "OBJECTID": 1004, "OBJECTID_1": 1007.0, "OBJECTID_12": 1205.0, "Toponimo_Antiguo": "Remesiana", "Toponimo_Moderno": "Bela Palanka", "Provincia": "DACIA MEDITERRANEA", "Pais": "Serbia", "Categoria": "Ciudad" }, "geometry": { "type": "Point", "coordinates": [ 22.293498, 43.214499, 0.0 ] } },
{ "type": "Feature", "properties": { "OBJECTID": 1005, "OBJECTID_1": 1008.0, "OBJECTID_12": 1364.0, "Toponimo_Antiguo": "Pautalia", "Toponimo_Moderno": "Kyustendi", "Provincia": "DACIA MEDITERRANEA", "Pais": "Bulgaria", "Categoria": "Ciudad" }, "geometry": { "type": "Point", "coordinates": [ 22.680752, 42.282517, 0.0 ] } },
{ "type": "Feature", "properties": { "OBJECTID": 1006, "OBJECTID_1": 1009.0, "OBJECTID_12": 1367.0, "Toponimo_Antiguo": "Serdica", "Toponimo_Moderno": "Sophia", "Provincia": "DACIA MEDITERRANEA", "Pais": "Bulgaria", "Categoria": "Capital Diocesis" }, "geometry": { "type": "Point", "coordinates": [ 23.342891, 42.722826, 0.0 ] } },
{ "type": "Feature", "properties": { "OBJECTID": 1007, "OBJECTID_1": 1010.0, "OBJECTID_12": 1461.0, "Toponimo_Antiguo": "Germae", "Toponimo_Moderno": "Near Bansko", "Provincia": "DACIA MEDITERRANEA", "Pais": "Bulgaria", "Categoria": "Ciudad" }, "geometry": { "type": "Point", "coordinates": [ 23.112863670000024, 42.383906011000079, 0.0 ] } },
{ "type": "Feature", "properties": { "OBJECTID": 1008, "OBJECTID_1": 1011.0, "OBJECTID_12": 1188.0, "Toponimo_Antiguo": "Durostorum", "Toponimo_Moderno": "Silistra", "Provincia": "MOESIA II", "Pais": "Rumania", "Categoria": "Ciudad" }, "geometry": { "type": "Point", "coordinates": [ 27.260722, 44.117107, 0.0 ] } },
{ "type": "Feature", "properties": { "OBJECTID": 1009, "OBJECTID_1": 1012.0, "OBJECTID_12": 1190.0, "Toponimo_Antiguo": "Marcianopolis", "Toponimo_Moderno": "Reka Devnija", "Provincia": "MOESIA II", "Pais": "Bulgaria", "Categoria": "Capital Provincia" }, "geometry": { "type": "Point", "coordinates": [ 27.555975, 43.219135, 0.0 ] } },
{ "type": "Feature", "properties": { "OBJECTID": 1010, "OBJECTID_1": 1013.0, "OBJECTID_12": 1192.0, "Toponimo_Antiguo": "Nicopolis", "Toponimo_Moderno": "Nikup", "Provincia": "MOESIA II", "Pais": "Bulgaria", "Categoria": "Ciudad" }, "geometry": { "type": "Point", "coordinates": [ 25.612232, 43.217925, 0.0 ] } },
{ "type": "Feature", "properties": { "OBJECTID": 1011, "OBJECTID_1": 1014.0, "OBJECTID_12": 1193.0, "Toponimo_Antiguo": "Novae", "Toponimo_Moderno": "Staklen", "Provincia": "MOESIA II", "Pais": "Bulgaria", "Categoria": "Ciudad" }, "geometry": { "type": "Point", "coordinates": [ 25.394018, 43.607221, 0.0 ] } },
{ "type": "Feature", "properties": { "OBJECTID": 1012, "OBJECTID_1": 1015.0, "OBJECTID_12": 1194.0, "Toponimo_Antiguo": "Odessus", "Toponimo_Moderno": "Varna", "Provincia": "MOESIA II", "Pais": "Bulgaria", "Categoria": "Ciudad" }, "geometry": { "type": "Point", "coordinates": [ 27.911806, 43.216645, 0.0 ] } },
{ "type": "Feature", "properties": { "OBJECTID": 1013, "OBJECTID_1": 1016.0, "OBJECTID_12": 1195.0, "Toponimo_Antiguo": "Oescus", "Toponimo_Moderno": "Gigen", "Provincia": "MOESIA II", "Pais": "Bulgaria", "Categoria": "Ciudad" }, "geometry": { "type": "Point", "coordinates": [ 24.465476, 43.710514, 0.0 ] } },
{ "type": "Feature", "properties": { "OBJECTID": 1014, "OBJECTID_1": 1017.0, "OBJECTID_12": 646.0, "Toponimo_Antiguo": "Atuatuca", "Toponimo_Moderno": "Tongeren", "Provincia": "GERMANIA II", "Pais": "Bosnia y Herzegovina", "Categoria": "Ciudad" }, "geometry": { "type": "Point", "coordinates": [ 5.466667, 50.783333, 0.0 ] } },
{ "type": "Feature", "properties": { "OBJECTID": 1015, "OBJECTID_1": 1018.0, "OBJECTID_12": 647.0, "Toponimo_Antiguo": "Colonia Agrippinensis", "Toponimo_Moderno": "Cologne", "Provincia": "GERMANIA II", "Pais": "Alemania", "Categoria": "Capital Provincia" }, "geometry": { "type": "Point", "coordinates": [ 6.959912, 50.940664, 0.0 ] } },
{ "type": "Feature", "properties": { "OBJECTID": 1016, "OBJECTID_1": 1019.0, "OBJECTID_12": 648.0, "Toponimo_Antiguo": "Colonia Ulpia Traiana", "Toponimo_Moderno": "Xanten", "Provincia": "GERMANIA II", "Pais": "Alemania", "Categoria": "Ciudad" }, "geometry": { "type": "Point", "coordinates": [ 6.444591, 51.668014, 0.0 ] } },
{ "type": "Feature", "properties": { "OBJECTID": 1017, "OBJECTID_1": 1020.0, "OBJECTID_12": 649.0, "Toponimo_Antiguo": "Forum Hadriani", "Toponimo_Moderno": "Den Haag", "Provincia": "GERMANIA II", "Pais": "Paises Bajos", "Categoria": "Ciudad" }, "geometry": { "type": "Point", "coordinates": [ 4.144292431000054, 51.987237808000032, 0.0 ] } },
{ "type": "Feature", "properties": { "OBJECTID": 1018, "OBJECTID_1": 1021.0, "OBJECTID_12": 650.0, "Toponimo_Antiguo": "Noviomagus", "Toponimo_Moderno": "Nijmegen", "Provincia": "GERMANIA II", "Pais": "Paises Bajos", "Categoria": "Ciudad" }, "geometry": { "type": "Point", "coordinates": [ 5.858672, 51.84167, 0.0 ] } },
{ "type": "Feature", "properties": { "OBJECTID": 1019, "OBJECTID_1": 1022.0, "OBJECTID_12": 1424.0, "Toponimo_Antiguo": "Bonna", "Toponimo_Moderno": "Bonn", "Provincia": "GERMANIA II", "Pais": "Alemania", "Categoria": "Ciudad" }, "geometry": { "type": "Point", "coordinates": [ 7.078695957000036, 50.74268350300008, 0.0 ] } },
{ "type": "Feature", "properties": { "OBJECTID": 1020, "OBJECTID_1": 1023.0, "OBJECTID_12": 1425.0, "Toponimo_Antiguo": "Novaseium", "Toponimo_Moderno": "Neuss", "Provincia": "GERMANIA II", "Pais": "Alemania", "Categoria": "Ciudad" }, "geometry": { "type": "Point", "coordinates": [ 6.69594569700007, 51.198034989000064, 0.0 ] } },
{ "type": "Feature", "properties": { "OBJECTID": 1021, "OBJECTID_1": 1024.0, "OBJECTID_12": 1445.0, "Toponimo_Antiguo": "Coriovallum", "Toponimo_Moderno": "Heerlen", "Provincia": "GERMANIA II", "Pais": "Paises Bajos", "Categoria": "Ciudad" }, "geometry": { "type": "Point", "coordinates": [ 5.98572577300007, 50.89116634800007, 0.0 ] } },
{ "type": "Feature", "properties": { "OBJECTID": 1022, "OBJECTID_1": 1025.0, "OBJECTID_12": 1210.0, "Toponimo_Antiguo": "Aguntum", "Toponimo_Moderno": "Dölsach and Nußdorf Debant", "Provincia": "NORICUM MEDITERRANEUM", "Pais": "Austria", "Categoria": "Ciudad" }, "geometry": { "type": "Point", "coordinates": [ 12.822158, 46.827894, 0.0 ] } },
{ "type": "Feature", "properties": { "OBJECTID": 1023, "OBJECTID_1": 1026.0, "OBJECTID_12": 1212.0, "Toponimo_Antiguo": "Flavia Solva", "Toponimo_Moderno": "Solfeld", "Provincia": "NORICUM MEDITERRANEUM", "Pais": "Austria", "Categoria": "Ciudad" }, "geometry": { "type": "Point", "coordinates": [ 15.568722, 46.768972, 0.0 ] } },
{ "type": "Feature", "properties": { "OBJECTID": 1024, "OBJECTID_1": 1027.0, "OBJECTID_12": 1217.0, "Toponimo_Antiguo": "Teurnia", "Toponimo_Moderno": "Lurnfelde", "Provincia": "NORICUM MEDITERRANEUM", "Pais": "Austria", "Categoria": "Ciudad" }, "geometry": { "type": "Point", "coordinates": [ 13.443747, 46.823308, 0.0 ] } },
{ "type": "Feature", "properties": { "OBJECTID": 1025, "OBJECTID_1": 1028.0, "OBJECTID_12": 1218.0, "Toponimo_Antiguo": "Virunum", "Toponimo_Moderno": "Zollfeld", "Provincia": "NORICUM MEDITERRANEUM", "Pais": "Austria", "Categoria": "Capital Provincia" }, "geometry": { "type": "Point", "coordinates": [ 14.366944, 46.69775, 0.0 ] } },
{ "type": "Feature", "properties": { "OBJECTID": 1026, "OBJECTID_1": 1029.0, "OBJECTID_12": 1259.0, "Toponimo_Antiguo": "Celeia", "Toponimo_Moderno": "Celje", "Provincia": "NORICUM MEDITERRANEUM", "Pais": "Eslovenia", "Categoria": "Ciudad" }, "geometry": { "type": "Point", "coordinates": [ 15.260294, 46.231018, 0.0 ] } },
{ "type": "Feature", "properties": { "OBJECTID": 1027, "OBJECTID_1": 1030.0, "OBJECTID_12": 1211.0, "Toponimo_Antiguo": "Cetium", "Toponimo_Moderno": "S. Pölten", "Provincia": "NORICUM RIPENSE", "Pais": "Austria", "Categoria": "Ciudad" }, "geometry": { "type": "Point", "coordinates": [ 15.622696, 48.20473, 0.0 ] } },
{ "type": "Feature", "properties": { "OBJECTID": 1028, "OBJECTID_1": 1031.0, "OBJECTID_12": 1213.0, "Toponimo_Antiguo": "Iuvavum", "Toponimo_Moderno": "Salzburg", "Provincia": "NORICUM RIPENSE", "Pais": "Austria", "Categoria": "Capital Provincia" }, "geometry": { "type": "Point", "coordinates": [ 13.045517, 47.799173, 0.0 ] } },
{ "type": "Feature", "properties": { "OBJECTID": 1029, "OBJECTID_1": 1032.0, "OBJECTID_12": 1214.0, "Toponimo_Antiguo": "Lauriacum", "Toponimo_Moderno": "Lorch", "Provincia": "NORICUM RIPENSE", "Pais": "Austria", "Categoria": "Ciudad" }, "geometry": { "type": "Point", "coordinates": [ 14.478806, 48.212636, 0.0 ] } },
{ "type": "Feature", "properties": { "OBJECTID": 1030, "OBJECTID_1": 1033.0, "OBJECTID_12": 1215.0, "Toponimo_Antiguo": "Ovilava", "Toponimo_Moderno": "Wels", "Provincia": "NORICUM RIPENSE", "Pais": "Austria", "Categoria": "Ciudad" }, "geometry": { "type": "Point", "coordinates": [ 14.024618, 48.156645, 0.0 ] } },
{ "type": "Feature", "properties": { "OBJECTID": 1031, "OBJECTID_1": 1034.0, "OBJECTID_12": 7.0, "Toponimo_Antiguo": "Ambracia", "Toponimo_Moderno": "Arta", "Provincia": "EPIRUS VETUS", "Pais": "Grecia", "Categoria": "Ciudad" }, "geometry": { "type": "Point", "coordinates": [ 20.987, 39.158, 0.0 ] } },
{ "type": "Feature", "properties": { "OBJECTID": 1032, "OBJECTID_1": 1035.0, "OBJECTID_12": 11.0, "Toponimo_Antiguo": "Antigonia", "Toponimo_Moderno": "Gjirokaster", "Provincia": "EPIRUS VETUS", "Pais": "Albania", "Categoria": "Ciudad" }, "geometry": { "type": "Point", "coordinates": [ 20.221111, 40.105278, 0.0 ] } },
{ "type": "Feature", "properties": { "OBJECTID": 1033, "OBJECTID_1": 1036.0, "OBJECTID_12": 12.0, "Toponimo_Antiguo": "Argos", "Toponimo_Moderno": "Loutron", "Provincia": "EPIRUS VETUS", "Pais": "Grecia", "Categoria": "Ciudad" }, "geometry": { "type": "Point", "coordinates": [ 21.25, 38.75, 0.0 ] } },
{ "type": "Feature", "properties": { "OBJECTID": 1034, "OBJECTID_1": 1037.0, "OBJECTID_12": 16.0, "Toponimo_Antiguo": "Buthrotum", "Toponimo_Moderno": "Butrinto", "Provincia": "EPIRUS VETUS", "Pais": "Albania", "Categoria": "Ciudad" }, "geometry": { "type": "Point", "coordinates": [ 20.020617, 39.745701, 0.0 ] } },
{ "type": "Feature", "properties": { "OBJECTID": 1035, "OBJECTID_1": 1038.0, "OBJECTID_12": 19.0, "Toponimo_Antiguo": "Cassope", "Toponimo_Moderno": "Kamarina", "Provincia": "EPIRUS VETUS", "Pais": "Grecia", "Categoria": "Ciudad" }, "geometry": { "type": "Point", "coordinates": [ 20.675916, 39.145016, 0.0 ] } },
{ "type": "Feature", "properties": { "OBJECTID": 1036, "OBJECTID_1": 1039.0, "OBJECTID_12": 25.0, "Toponimo_Antiguo": "Corcyra", "Toponimo_Moderno": "Analipsi", "Provincia": "EPIRUS VETUS", "Pais": "Grecia", "Categoria": "Ciudad" }, "geometry": { "type": "Point", "coordinates": [ 19.91558, 39.606285, 0.0 ] } },
{ "type": "Feature", "properties": { "OBJECTID": 1037, "OBJECTID_1": 1040.0, "OBJECTID_12": 31.0, "Toponimo_Antiguo": "Dodona", "Toponimo_Moderno": "Dodona", "Provincia": "EPIRUS VETUS", "Pais": "Grecia", "Categoria": "Ciudad" }, "geometry": { "type": "Point", "coordinates": [ 20.787767, 39.546432, 0.0 ] } },
{ "type": "Feature", "properties": { "OBJECTID": 1038, "OBJECTID_1": 1041.0, "OBJECTID_12": 41.0, "Toponimo_Antiguo": "Hadrianopolis", "Toponimo_Moderno": "Jergucati", "Provincia": "EPIRUS VETUS", "Pais": "Albania", "Categoria": "Ciudad" }, "geometry": { "type": "Point", "coordinates": [ 20.22466, 39.996236, 0.0 ] } },
{ "type": "Feature", "properties": { "OBJECTID": 1039, "OBJECTID_1": 1042.0, "OBJECTID_12": 50.0, "Toponimo_Antiguo": "Leucas", "Toponimo_Moderno": "Neritus", "Provincia": "EPIRUS VETUS", "Pais": "Grecia", "Categoria": "Ciudad" }, "geometry": { "type": "Point", "coordinates": [ 20.713116, 38.807342, 0.0 ] } },
{ "type": "Feature", "properties": { "OBJECTID": 1040, "OBJECTID_1": 1043.0, "OBJECTID_12": 65.0, "Toponimo_Antiguo": "Nicopolis", "Toponimo_Moderno": "Palioprevesa", "Provincia": "EPIRUS VETUS", "Pais": "Grecia", "Categoria": "Capital Provincia" }, "geometry": { "type": "Point", "coordinates": [ 20.733395, 39.026505, 0.0 ] } },
{ "type": "Feature", "properties": { "OBJECTID": 1041, "OBJECTID_1": 1044.0, "OBJECTID_12": 67.0, "Toponimo_Antiguo": "Onchesmus", "Toponimo_Moderno": "Sarandë", "Provincia": "EPIRUS VETUS", "Pais": "Albania", "Categoria": "Ciudad" }, "geometry": { "type": "Point", "coordinates": [ 20.000687, 39.869988, 0.0 ] } },
{ "type": "Feature", "properties": { "OBJECTID": 1042, "OBJECTID_1": 1045.0, "OBJECTID_12": 70.0, "Toponimo_Antiguo": "Oricus", "Toponimo_Moderno": "Pascha Liman", "Provincia": "EPIRUS VETUS", "Pais": "Albania", "Categoria": "Ciudad" }, "geometry": { "type": "Point", "coordinates": [ 19.451817, 40.323257, 0.0 ] } },
{ "type": "Feature", "properties": { "OBJECTID": 1043, "OBJECTID_1": 1046.0, "OBJECTID_12": 75.0, "Toponimo_Antiguo": "Passaron", "Toponimo_Moderno": "Radotovi", "Provincia": "EPIRUS VETUS", "Pais": "Grecia", "Categoria": "Ciudad" }, "geometry": { "type": "Point", "coordinates": [ 20.752394, 39.733007, 0.0 ] } },
{ "type": "Feature", "properties": { "OBJECTID": 1044, "OBJECTID_1": 1047.0, "OBJECTID_12": 86.0, "Toponimo_Antiguo": "Phoenice", "Toponimo_Moderno": "Finike", "Provincia": "EPIRUS VETUS", "Pais": "Albania", "Categoria": "Ciudad" }, "geometry": { "type": "Point", "coordinates": [ 20.057993, 39.913158, 0.0 ] } },
{ "type": "Feature", "properties": { "OBJECTID": 1045, "OBJECTID_1": 1048.0, "OBJECTID_12": 106.0, "Toponimo_Antiguo": "Thyrium", "Toponimo_Moderno": "Unknown", "Provincia": "EPIRUS VETUS", "Pais": "Grecia", "Categoria": "Ciudad" }, "geometry": { "type": "Point", "coordinates": [ 20.980902, 38.854918, 0.0 ] } },
{ "type": "Feature", "properties": { "OBJECTID": 1046, "OBJECTID_1": 1049.0, "OBJECTID_12": 1465.0, "Toponimo_Antiguo": "Actium", "Toponimo_Moderno": "Anfiloquia", "Provincia": "EPIRUS VETUS", "Pais": "Grecia", "Categoria": "Ciudad" }, "geometry": { "type": "Point", "coordinates": [ 21.166404586000056, 38.862852986000064, 0.0 ] } },
{ "type": "Feature", "properties": { "OBJECTID": 1047, "OBJECTID_1": 1050.0, "OBJECTID_12": 243.0, "Toponimo_Antiguo": "Acmonia", "Toponimo_Moderno": "Ahat Köyü", "Provincia": "PHYRGIA I PACATIANA", "Pais": "Turquia", "Categoria": "Ciudad" }, "geometry": { "type": "Point", "coordinates": [ 29.773954, 38.659698, 0.0 ] } },
{ "type": "Feature", "properties": { "OBJECTID": 1048, "OBJECTID_1": 1051.0, "OBJECTID_12": 246.0, "Toponimo_Antiguo": "Aezanis", "Toponimo_Moderno": "Çavdarhisar", "Provincia": "PHYRGIA I PACATIANA", "Pais": "Turquia", "Categoria": "Ciudad" }, "geometry": { "type": "Point", "coordinates": [ 29.61965, 39.193569, 0.0 ] } },
{ "type": "Feature", "properties": { "OBJECTID": 1049, "OBJECTID_1": 1052.0, "OBJECTID_12": 259.0, "Toponimo_Antiguo": "Blaundus", "Toponimo_Moderno": "Sülümenli", "Provincia": "PHYRGIA I PACATIANA", "Pais": "Turquia", "Categoria": "Ciudad" }, "geometry": { "type": "Point", "coordinates": [ 29.209771, 38.357291, 0.0 ] } },
{ "type": "Feature", "properties": { "OBJECTID": 1050, "OBJECTID_1": 1053.0, "OBJECTID_12": 268.0, "Toponimo_Antiguo": "Colossae", "Toponimo_Moderno": "Honaz", "Provincia": "PHYRGIA I PACATIANA", "Pais": "Turquia", "Categoria": "Ciudad" }, "geometry": { "type": "Point", "coordinates": [ 29.229382, 37.786887, 0.0 ] } },
{ "type": "Feature", "properties": { "OBJECTID": 1051, "OBJECTID_1": 1054.0, "OBJECTID_12": 282.0, "Toponimo_Antiguo": "Heraclea", "Toponimo_Moderno": "Vakif", "Provincia": "PHYRGIA I PACATIANA", "Pais": "Turquia", "Categoria": "Ciudad" }, "geometry": { "type": "Point", "coordinates": [ 28.994099, 37.628189, 0.0 ] } },
{ "type": "Feature", "properties": { "OBJECTID": 1052, "OBJECTID_1": 1055.0, "OBJECTID_12": 283.0, "Toponimo_Antiguo": "Hierapolis", "Toponimo_Moderno": "Pamukkale", "Provincia": "PHYRGIA I PACATIANA", "Pais": "Turquia", "Categoria": "Ciudad" }, "geometry": { "type": "Point", "coordinates": [ 29.131799, 37.917505, 0.0 ] } },
{ "type": "Feature", "properties": { "OBJECTID": 1053, "OBJECTID_1": 1056.0, "OBJECTID_12": 289.0, "Toponimo_Antiguo": "Laodicea", "Toponimo_Moderno": "Eskihisar and Gonçal?", "Provincia": "PHYRGIA I PACATIANA", "Pais": "Turquia", "Categoria": "Capital Provincia" }, "geometry": { "type": "Point", "coordinates": [ 29.114376, 37.84108, 0.0 ] } },
{ "type": "Feature", "properties": { "OBJECTID": 1054, "OBJECTID_1": 1057.0, "OBJECTID_12": 1516.0, "Toponimo_Antiguo": "Eumenia", "Toponimo_Moderno": "Near Civril", "Provincia": "PHYRGIA I PACATIANA", "Pais": "Turquia", "Categoria": "Ciudad" }, "geometry": { "type": "Point", "coordinates": [ 29.75843571200005, 38.323147752000068, 0.0 ] } },
{ "type": "Feature", "properties": { "OBJECTID": 1055, "OBJECTID_1": 1058.0, "OBJECTID_12": 1517.0, "Toponimo_Antiguo": "Cadi", "Toponimo_Moderno": "Gediz", "Provincia": "PHYRGIA I PACATIANA", "Pais": "Turquia", "Categoria": "Ciudad" }, "geometry": { "type": "Point", "coordinates": [ 29.385749359000044, 38.984022225000047, 0.0 ] } },
{ "type": "Feature", "properties": { "OBJECTID": 1056, "OBJECTID_1": 1059.0, "OBJECTID_12": 1521.0, "Toponimo_Antiguo": "Cotiaium", "Toponimo_Moderno": "Kütahya", "Provincia": "PHYRGIA I PACATIANA", "Pais": "Turquia", "Categoria": "Ciudad" }, "geometry": { "type": "Point", "coordinates": [ 29.980165188000058, 39.423958844000026, 0.0 ] } },
{ "type": "Feature", "properties": { "OBJECTID": 1057, "OBJECTID_1": 1060.0, "OBJECTID_12": 374.0, "Toponimo_Antiguo": "Amisus", "Toponimo_Moderno": "Samsun", "Provincia": "HELENOPONTUS", "Pais": "Turquia", "Categoria": "Ciudad" }, "geometry": { "type": "Point", "coordinates": [ 36.3313, 41.292721, 0.0 ] } },
{ "type": "Feature", "properties": { "OBJECTID": 1058, "OBJECTID_1": 1061.0, "OBJECTID_12": 380.0, "Toponimo_Antiguo": "Sinope", "Toponimo_Moderno": "Sinop", "Provincia": "HELENOPONTUS", "Pais": "Turquia", "Categoria": "Ciudad" }, "geometry": { "type": "Point", "coordinates": [ 35.148025, 42.026184, 0.0 ] } },
{ "type": "Feature", "properties": { "OBJECTID": 1059, "OBJECTID_1": 1062.0, "OBJECTID_12": 409.0, "Toponimo_Antiguo": "Amasia", "Toponimo_Moderno": "Amasya", "Provincia": "HELENOPONTUS", "Pais": "Turquia", "Categoria": "Capital Provincia" }, "geometry": { "type": "Point", "coordinates": [ 35.828747, 40.659003, 0.0 ] } },
{ "type": "Feature", "properties": { "OBJECTID": 1060, "OBJECTID_1": 1063.0, "OBJECTID_12": 426.0, "Toponimo_Antiguo": "Zela", "Toponimo_Moderno": "Zile", "Provincia": "HELENOPONTUS", "Pais": "Turquia", "Categoria": "Ciudad" }, "geometry": { "type": "Point", "coordinates": [ 35.883334, 40.3, 0.0 ] } },
{ "type": "Feature", "properties": { "OBJECTID": 1061, "OBJECTID_1": 1064.0, "OBJECTID_12": 1507.0, "Toponimo_Antiguo": "Andrapa", "Toponimo_Moderno": "Sarayli", "Provincia": "HELENOPONTUS", "Pais": "Turquia", "Categoria": "Ciudad" }, "geometry": { "type": "Point", "coordinates": [ 35.308780054000067, 41.199356500000079, 0.0 ] } },
{ "type": "Feature", "properties": { "OBJECTID": 1062, "OBJECTID_1": 1065.0, "OBJECTID_12": 254.0, "Toponimo_Antiguo": "Apollonia", "Toponimo_Moderno": "Yeniji", "Provincia": "LYDIA", "Pais": "Turquia", "Categoria": "Ciudad" }, "geometry": { "type": "Point", "coordinates": [ 28.956451, 38.048649, 0.0 ] } },
{ "type": "Feature", "properties": { "OBJECTID": 1063, "OBJECTID_1": 1066.0, "OBJECTID_12": 306.0, "Toponimo_Antiguo": "Philadelphia", "Toponimo_Moderno": "Ala?ehir", "Provincia": "LYDIA", "Pais": "Turquia", "Categoria": "Ciudad" }, "geometry": { "type": "Point", "coordinates": [ 28.516667, 38.35, 0.0 ] } },
{ "type": "Feature", "properties": { "OBJECTID": 1064, "OBJECTID_1": 1067.0, "OBJECTID_12": 309.0, "Toponimo_Antiguo": "Saettae", "Toponimo_Moderno": "Sidas Kale", "Provincia": "LYDIA", "Pais": "Turquia", "Categoria": "Ciudad" }, "geometry": { "type": "Point", "coordinates": [ 28.624001, 38.703021, 0.0 ] } },
{ "type": "Feature", "properties": { "OBJECTID": 1065, "OBJECTID_1": 1068.0, "OBJECTID_12": 311.0, "Toponimo_Antiguo": "Sardis", "Toponimo_Moderno": "Sart", "Provincia": "LYDIA", "Pais": "Turquia", "Categoria": "Capital Provincia" }, "geometry": { "type": "Point", "coordinates": [ 28.040286, 38.488315, 0.0 ] } },
{ "type": "Feature", "properties": { "OBJECTID": 1066, "OBJECTID_1": 1069.0, "OBJECTID_12": 312.0, "Toponimo_Antiguo": "Satala", "Toponimo_Moderno": "Sadak, Kelkit, Gmane", "Provincia": "LYDIA", "Pais": "Turquia", "Categoria": "Ciudad" }, "geometry": { "type": "Point", "coordinates": [ 28.267472, 38.5792, 0.0 ] } },
{ "type": "Feature", "properties": { "OBJECTID": 1067, "OBJECTID_1": 1070.0, "OBJECTID_12": 313.0, "Toponimo_Antiguo": "Silandos", "Toponimo_Moderno": "Unknown", "Provincia": "LYDIA", "Pais": "Turquia", "Categoria": "Ciudad" }, "geometry": { "type": "Point", "coordinates": [ 28.826026, 38.751517, 0.0 ] } },
{ "type": "Feature", "properties": { "OBJECTID": 1068, "OBJECTID_1": 1071.0, "OBJECTID_12": 315.0, "Toponimo_Antiguo": "Stratonicaea", "Toponimo_Moderno": "Eskihisar", "Provincia": "LYDIA", "Pais": "Turquia", "Categoria": "Ciudad" }, "geometry": { "type": "Point", "coordinates": [ 27.801765, 39.142114, 0.0 ] } },
{ "type": "Feature", "properties": { "OBJECTID": 1069, "OBJECTID_1": 1072.0, "OBJECTID_12": 319.0, "Toponimo_Antiguo": "Thyatira", "Toponimo_Moderno": "Akhisar", "Provincia": "LYDIA", "Pais": "Turquia", "Categoria": "Ciudad" }, "geometry": { "type": "Point", "coordinates": [ 27.840523, 38.922933, 0.0 ] } },
{ "type": "Feature", "properties": { "OBJECTID": 1070, "OBJECTID_1": 1073.0, "OBJECTID_12": 490.0, "Toponimo_Antiguo": "Dierna", "Toponimo_Moderno": "Or?ova", "Provincia": "DACIA RIPENSIS", "Pais": "Rumania", "Categoria": "Ciudad" }, "geometry": { "type": "Point", "coordinates": [ 22.420412724000073, 44.696665317000054, 0.0 ] } },
{ "type": "Feature", "properties": { "OBJECTID": 1071, "OBJECTID_1": 1074.0, "OBJECTID_12": 1200.0, "Toponimo_Antiguo": "Drobeta", "Toponimo_Moderno": "Turnu Severin", "Provincia": "DACIA RIPENSIS", "Pais": "Serbia", "Categoria": "Ciudad" }, "geometry": { "type": "Point", "coordinates": [ 22.61640608700003, 44.609667750000028, 0.0 ] } },
{ "type": "Feature", "properties": { "OBJECTID": 1072, "OBJECTID_1": 1075.0, "OBJECTID_12": 1202.0, "Toponimo_Antiguo": "Montana", "Toponimo_Moderno": "Montana", "Provincia": "DACIA RIPENSIS", "Pais": "Bulgaria", "Categoria": "Ciudad" }, "geometry": { "type": "Point", "coordinates": [ 23.226095, 43.408743, 0.0 ] } },
{ "type": "Feature", "properties": { "OBJECTID": 1073, "OBJECTID_1": 1076.0, "OBJECTID_12": 1204.0, "Toponimo_Antiguo": "Ratiaria", "Toponimo_Moderno": "Archar", "Provincia": "DACIA RIPENSIS", "Pais": "Bulgaria", "Categoria": "Capital Provincia" }, "geometry": { "type": "Point", "coordinates": [ 22.904856, 43.817397, 0.0 ] } },
{ "type": "Feature", "properties": { "OBJECTID": 1074, "OBJECTID_1": 1077.0, "OBJECTID_12": 1455.0, "Toponimo_Antiguo": "Bononi", "Toponimo_Moderno": "Bidin", "Provincia": "DACIA RIPENSIS", "Pais": "Serbia", "Categoria": "Ciudad" }, "geometry": { "type": "Point", "coordinates": [ 22.875736898000071, 43.990417079000053, 0.0 ] } },
{ "type": "Feature", "properties": { "OBJECTID": 1075, "OBJECTID_1": 1078.0, "OBJECTID_12": 472.0, "Toponimo_Antiguo": "Apollonia", "Toponimo_Moderno": "Marsa Sousa", "Provincia": "LIBYA SUPERIOR", "Pais": "Libia", "Categoria": "Ciudad" }, "geometry": { "type": "Point", "coordinates": [ 21.9725, 32.8963, 0.0 ] } },
{ "type": "Feature", "properties": { "OBJECTID": 1076, "OBJECTID_1": 1079.0, "OBJECTID_12": 474.0, "Toponimo_Antiguo": "Barce", "Toponimo_Moderno": "Barka", "Provincia": "LIBYA SUPERIOR", "Pais": "Libia", "Categoria": "Ciudad" }, "geometry": { "type": "Point", "coordinates": [ 20.892778, 32.498333, 0.0 ] } },
{ "type": "Feature", "properties": { "OBJECTID": 1077, "OBJECTID_1": 1080.0, "OBJECTID_12": 475.0, "Toponimo_Antiguo": "Berenice", "Toponimo_Moderno": "Benghazi", "Provincia": "LIBYA SUPERIOR", "Pais": "Libia", "Categoria": "Ciudad" }, "geometry": { "type": "Point", "coordinates": [ 20.063862, 32.12445, 0.0 ] } },
{ "type": "Feature", "properties": { "OBJECTID": 1078, "OBJECTID_1": 1081.0, "OBJECTID_12": 480.0, "Toponimo_Antiguo": "Cyrene", "Toponimo_Moderno": "Aïn Shahat", "Provincia": "LIBYA SUPERIOR", "Pais": "Libia", "Categoria": "Ciudad" }, "geometry": { "type": "Point", "coordinates": [ 21.854404, 32.820182, 0.0 ] } },
{ "type": "Feature", "properties": { "OBJECTID": 1079, "OBJECTID_1": 1082.0, "OBJECTID_12": 482.0, "Toponimo_Antiguo": "Hadrianopolis", "Toponimo_Moderno": "Driana", "Provincia": "LIBYA SUPERIOR", "Pais": "Libia", "Categoria": "Ciudad" }, "geometry": { "type": "Point", "coordinates": [ 20.3075, 32.358, 0.0 ] } },
{ "type": "Feature", "properties": { "OBJECTID": 1080, "OBJECTID_1": 1083.0, "OBJECTID_12": 487.0, "Toponimo_Antiguo": "Ptolemais", "Toponimo_Moderno": "Tolmeita", "Provincia": "LIBYA SUPERIOR", "Pais": "Libia", "Categoria": "Capital Provincia" }, "geometry": { "type": "Point", "coordinates": [ 20.953058, 32.707599, 0.0 ] } },
{ "type": "Feature", "properties": { "OBJECTID": 1081, "OBJECTID_1": 1084.0, "OBJECTID_12": 489.0, "Toponimo_Antiguo": "Taucheira", "Toponimo_Moderno": "Tawqrah", "Provincia": "LIBYA SUPERIOR", "Pais": "Libia", "Categoria": "Ciudad" }, "geometry": { "type": "Point", "coordinates": [ 20.565847, 32.537142, 0.0 ] } },
{ "type": "Feature", "properties": { "OBJECTID": 1082, "OBJECTID_1": 1085.0, "OBJECTID_12": 1405.0, "Toponimo_Antiguo": "Darnis", "Toponimo_Moderno": "Derna", "Provincia": "LIBYA SUPERIOR", "Pais": "Libia", "Categoria": "Ciudad" }, "geometry": { "type": "Point", "coordinates": [ 22.64373, 32.77267, 0.0 ] } },
{ "type": "Feature", "properties": { "OBJECTID": 1083, "OBJECTID_1": 1086.0, "OBJECTID_12": 1407.0, "Toponimo_Antiguo": "Antipyrgus", "Toponimo_Moderno": "Tobruk", "Provincia": "LIBYA SUPERIOR", "Pais": "Libia", "Categoria": "Ciudad" }, "geometry": { "type": "Point", "coordinates": [ 23.96502, 32.08602, 0.0 ] } },
{ "type": "Feature", "properties": { "OBJECTID": 1084, "OBJECTID_1": 1087.0, "OBJECTID_12": 1409.0, "Toponimo_Antiguo": "Anabucis", "Toponimo_Moderno": "El Agheila", "Provincia": "LIBYA SUPERIOR", "Pais": "Libia", "Categoria": "Ciudad" }, "geometry": { "type": "Point", "coordinates": [ 19.611628805000066, 30.398314928000048, 0.0 ] } },
{ "type": "Feature", "properties": { "OBJECTID": 1085, "OBJECTID_1": 1088.0, "OBJECTID_12": 1427.0, "Toponimo_Antiguo": "Charax", "Toponimo_Moderno": "Ras Lanuf", "Provincia": "LIBYA SUPERIOR", "Pais": "Libia", "Categoria": "Ciudad" }, "geometry": { "type": "Point", "coordinates": [ 18.44875, 30.53639, 0.0 ] } },
{ "type": "Feature", "properties": { "OBJECTID": 1086, "OBJECTID_1": 1089.0, "OBJECTID_12": 1314.0, "Toponimo_Antiguo": "Damascus", "Toponimo_Moderno": "Damascus", "Provincia": "PHOENICIA LIBANENSIS", "Pais": "Siria", "Categoria": "Ciudad" }, "geometry": { "type": "Point", "coordinates": [ 36.306587, 33.511647, 0.0 ] } },
{ "type": "Feature", "properties": { "OBJECTID": 1087, "OBJECTID_1": 1090.0, "OBJECTID_12": 1315.0, "Toponimo_Antiguo": "Emesa", "Toponimo_Moderno": "Homs", "Provincia": "PHOENICIA LIBANENSIS", "Pais": "Siria", "Categoria": "Capital Provincia" }, "geometry": { "type": "Point", "coordinates": [ 36.714354, 34.723335, 0.0 ] } },
{ "type": "Feature", "properties": { "OBJECTID": 1088, "OBJECTID_1": 1091.0, "OBJECTID_12": 1317.0, "Toponimo_Antiguo": "Heliopolis", "Toponimo_Moderno": "Baalbek", "Provincia": "PHOENICIA LIBANENSIS", "Pais": "Libano", "Categoria": "Ciudad" }, "geometry": { "type": "Point", "coordinates": [ 36.204326, 34.006966, 0.0 ] } },
{ "type": "Feature", "properties": { "OBJECTID": 1089, "OBJECTID_1": 1092.0, "OBJECTID_12": 1320.0, "Toponimo_Antiguo": "Palmyra", "Toponimo_Moderno": "Tadmor", "Provincia": "PHOENICIA LIBANENSIS", "Pais": "Siria", "Categoria": "Ciudad" }, "geometry": { "type": "Point", "coordinates": [ 38.267749, 34.551677, 0.0 ] } },
{ "type": "Feature", "properties": { "OBJECTID": 1090, "OBJECTID_1": 1093.0, "OBJECTID_12": 1476.0, "Toponimo_Antiguo": "Laodicea", "Toponimo_Moderno": "Qarha", "Provincia": "PHOENICIA LIBANENSIS", "Pais": "Libano", "Categoria": "Ciudad" }, "geometry": { "type": "Point", "coordinates": [ 36.396340947000056, 34.617017090000047, 0.0 ] } },
{ "type": "Feature", "properties": { "OBJECTID": 1091, "OBJECTID_1": 1094.0, "OBJECTID_12": 913.0, "Toponimo_Antiguo": "Forum Sempronii", "Toponimo_Moderno": "Fossombrone", "Provincia": "FLAMINIA ET PICENUM", "Pais": "Italia", "Categoria": "Ciudad" }, "geometry": { "type": "Point", "coordinates": [ 12.817031, 43.700322, 0.0 ] } },
{ "type": "Feature", "properties": { "OBJECTID": 1092, "OBJECTID_1": 1095.0, "OBJECTID_12": 920.0, "Toponimo_Antiguo": "Mevaniola", "Toponimo_Moderno": "Unknown", "Provincia": "FLAMINIA ET PICENUM", "Pais": "Italia", "Categoria": "Ciudad" }, "geometry": { "type": "Point", "coordinates": [ 11.903398, 43.983123, 0.0 ] } },
{ "type": "Feature", "properties": { "OBJECTID": 1093, "OBJECTID_1": 1096.0, "OBJECTID_12": 926.0, "Toponimo_Antiguo": "Pisaurum", "Toponimo_Moderno": "Pesauro", "Provincia": "FLAMINIA ET PICENUM", "Pais": "Italia", "Categoria": "Ciudad" }, "geometry": { "type": "Point", "coordinates": [ 12.909749, 43.91017, 0.0 ] } },
{ "type": "Feature", "properties": { "OBJECTID": 1094, "OBJECTID_1": 1097.0, "OBJECTID_12": 927.0, "Toponimo_Antiguo": "Pitinum Mergens", "Toponimo_Moderno": "Cagli", "Provincia": "FLAMINIA ET PICENUM", "Pais": "Italia", "Categoria": "Ciudad" }, "geometry": { "type": "Point", "coordinates": [ 12.648462, 43.546441, 0.0 ] } },
{ "type": "Feature", "properties": { "OBJECTID": 1095, "OBJECTID_1": 1098.0, "OBJECTID_12": 928.0, "Toponimo_Antiguo": "Pitinum Pisaurense", "Toponimo_Moderno": "Macerata Feltria", "Provincia": "FLAMINIA ET PICENUM", "Pais": "Italia", "Categoria": "Ciudad" }, "geometry": { "type": "Point", "coordinates": [ 12.441276, 43.803909, 0.0 ] } },
{ "type": "Feature", "properties": { "OBJECTID": 1096, "OBJECTID_1": 1099.0, "OBJECTID_12": 930.0, "Toponimo_Antiguo": "Sarsina", "Toponimo_Moderno": "Sarsina", "Provincia": "FLAMINIA ET PICENUM", "Pais": "Italia", "Categoria": "Ciudad" }, "geometry": { "type": "Point", "coordinates": [ 12.143099, 43.918666, 0.0 ] } },
{ "type": "Feature", "properties": { "OBJECTID": 1097, "OBJECTID_1": 1100.0, "OBJECTID_12": 941.0, "Toponimo_Antiguo": "Urvinum Mataurense", "Toponimo_Moderno": "Urbino", "Provincia": "FLAMINIA ET PICENUM", "Pais": "Italia", "Categoria": "Ciudad" }, "geometry": { "type": "Point", "coordinates": [ 12.636848, 43.723884, 0.0 ] } },
{ "type": "Feature", "properties": { "OBJECTID": 1098, "OBJECTID_1": 1101.0, "OBJECTID_12": 991.0, "Toponimo_Antiguo": "Ariminum", "Toponimo_Moderno": "Rimini", "Provincia": "FLAMINIA ET PICENUM", "Pais": "Italia", "Categoria": "Ciudad" }, "geometry": { "type": "Point", "coordinates": [ 12.566257, 44.060779, 0.0 ] } },
{ "type": "Feature", "properties": { "OBJECTID": 1099, "OBJECTID_1": 1102.0, "OBJECTID_12": 992.0, "Toponimo_Antiguo": "Bononia", "Toponimo_Moderno": "Bologna", "Provincia": "FLAMINIA ET PICENUM", "Pais": "Italia", "Categoria": "Ciudad" }, "geometry": { "type": "Point", "coordinates": [ 11.342381, 44.494599, 0.0 ] } },
{ "type": "Feature", "properties": { "OBJECTID": 1100, "OBJECTID_1": 1103.0, "OBJECTID_12": 994.0, "Toponimo_Antiguo": "Caesena", "Toponimo_Moderno": "Cesena", "Provincia": "FLAMINIA ET PICENUM", "Pais": "Italia", "Categoria": "Ciudad" }, "geometry": { "type": "Point", "coordinates": [ 12.239124, 44.13876, 0.0 ] } },
{ "type": "Feature", "properties": { "OBJECTID": 1101, "OBJECTID_1": 1104.0, "OBJECTID_12": 995.0, "Toponimo_Antiguo": "Claterna", "Toponimo_Moderno": "Ozzano dell'Emilia", "Provincia": "FLAMINIA ET PICENUM", "Pais": "Italia", "Categoria": "Ciudad" }, "geometry": { "type": "Point", "coordinates": [ 11.470525, 44.443585, 0.0 ] } },
{ "type": "Feature", "properties": { "OBJECTID": 1102, "OBJECTID_1": 1105.0, "OBJECTID_12": 997.0, "Toponimo_Antiguo": "Faventia", "Toponimo_Moderno": "Faenza", "Provincia": "FLAMINIA ET PICENUM", "Pais": "Italia", "Categoria": "Ciudad" }, "geometry": { "type": "Point", "coordinates": [ 11.882989, 44.285348, 0.0 ] } },
{ "type": "Feature", "properties": { "OBJECTID": 1103, "OBJECTID_1": 1106.0, "OBJECTID_12": 999.0, "Toponimo_Antiguo": "Forum Cornelii", "Toponimo_Moderno": "Imola", "Provincia": "FLAMINIA ET PICENUM", "Pais": "Italia", "Categoria": "Ciudad" }, "geometry": { "type": "Point", "coordinates": [ 11.713988, 44.352373, 0.0 ] } },
{ "type": "Feature", "properties": { "OBJECTID": 1104, "OBJECTID_1": 1107.0, "OBJECTID_12": 1000.0, "Toponimo_Antiguo": "Forum Livii", "Toponimo_Moderno": "Forli", "Provincia": "FLAMINIA ET PICENUM", "Pais": "Italia", "Categoria": "Ciudad" }, "geometry": { "type": "Point", "coordinates": [ 12.040433, 44.221874, 0.0 ] } },
{ "type": "Feature", "properties": { "OBJECTID": 1105, "OBJECTID_1": 1108.0, "OBJECTID_12": 1001.0, "Toponimo_Antiguo": "Forum Popili", "Toponimo_Moderno": "Forlimpopoli", "Provincia": "FLAMINIA ET PICENUM", "Pais": "Italia", "Categoria": "Ciudad" }, "geometry": { "type": "Point", "coordinates": [ 12.126752, 44.18877, 0.0 ] } },
{ "type": "Feature", "properties": { "OBJECTID": 1106, "OBJECTID_1": 1109.0, "OBJECTID_12": 1005.0, "Toponimo_Antiguo": "Ravenna", "Toponimo_Moderno": "Ravenna", "Provincia": "FLAMINIA ET PICENUM", "Pais": "Italia", "Categoria": "Capital Provincia" }, "geometry": { "type": "Point", "coordinates": [ 12.204444, 44.416667, 0.0 ] } },
{ "type": "Feature", "properties": { "OBJECTID": 1107, "OBJECTID_1": 1110.0, "OBJECTID_12": 1007.0, "Toponimo_Antiguo": "Solona", "Toponimo_Moderno": "Unlocated", "Provincia": "FLAMINIA ET PICENUM", "Pais": "Italia", "Categoria": "Ciudad" }, "geometry": { "type": "Point", "coordinates": [ 11.959167, 44.185556, 0.0 ] } },
{ "type": "Feature", "properties": { "OBJECTID": 1108, "OBJECTID_1": 1111.0, "OBJECTID_12": 224.0, "Toponimo_Antiguo": "Augusta Praetoria", "Toponimo_Moderno": "Aosta", "Provincia": "ALPES POENIAE ET GRAIAE", "Pais": "Italia", "Categoria": "Ciudad" }, "geometry": { "type": "Point", "coordinates": [ 7.313234, 45.735, 0.0 ] } },
{ "type": "Feature", "properties": { "OBJECTID": 1109, "OBJECTID_1": 1112.0, "OBJECTID_12": 225.0, "Toponimo_Antiguo": "Octodurus", "Toponimo_Moderno": "Martigny", "Provincia": "ALPES POENIAE ET GRAIAE", "Pais": "Suiza", "Categoria": "Capital Provincia" }, "geometry": { "type": "Point", "coordinates": [ 7.073483, 46.101706, 0.0 ] } },
{ "type": "Feature", "properties": { "OBJECTID": 1110, "OBJECTID_1": 1113.0, "OBJECTID_12": 1248.0, "Toponimo_Antiguo": "Aquincum", "Toponimo_Moderno": "Obuda", "Provincia": "VALERIA RIPENSIS", "Pais": "Hungria", "Categoria": "Ciudad" }, "geometry": { "type": "Point", "coordinates": [ 19.050216, 47.56473, 0.0 ] } },
{ "type": "Feature", "properties": { "OBJECTID": 1111, "OBJECTID_1": 1114.0, "OBJECTID_12": 1252.0, "Toponimo_Antiguo": "Gorsium", "Toponimo_Moderno": "Tác", "Provincia": "VALERIA RIPENSIS", "Pais": "Hungria", "Categoria": "Ciudad" }, "geometry": { "type": "Point", "coordinates": [ 18.419781, 47.09017, 0.0 ] } },
{ "type": "Feature", "properties": { "OBJECTID": 1112, "OBJECTID_1": 1115.0, "OBJECTID_12": 1265.0, "Toponimo_Antiguo": "Sopianae", "Toponimo_Moderno": "PECS", "Provincia": "VALERIA RIPENSIS", "Pais": "Hungria", "Categoria": "Capital Provincia" }, "geometry": { "type": "Point", "coordinates": [ 18.227955, 46.076567, 0.0 ] } },
{ "type": "Feature", "properties": { "OBJECTID": 1113, "OBJECTID_1": 1116.0, "OBJECTID_12": 1129.0, "Toponimo_Antiguo": "Amphipolis", "Toponimo_Moderno": "Amfipoli", "Provincia": "MACEDONIA I", "Pais": "Grecia", "Categoria": "Ciudad" }, "geometry": { "type": "Point", "coordinates": [ 23.84013, 40.821057, 0.0 ] } },
{ "type": "Feature", "properties": { "OBJECTID": 1114, "OBJECTID_1": 1117.0, "OBJECTID_12": 1131.0, "Toponimo_Antiguo": "Beroea", "Toponimo_Moderno": "Veria", "Provincia": "MACEDONIA I", "Pais": "Grecia", "Categoria": "Ciudad" }, "geometry": { "type": "Point", "coordinates": [ 22.201493, 40.522127, 0.0 ] } },
{ "type": "Feature", "properties": { "OBJECTID": 1115, "OBJECTID_1": 1118.0, "OBJECTID_12": 1133.0, "Toponimo_Antiguo": "Cassandrea", "Toponimo_Moderno": "Cassandrea", "Provincia": "MACEDONIA I", "Pais": "Grecia", "Categoria": "Ciudad" }, "geometry": { "type": "Point", "coordinates": [ 23.412031, 40.047726, 0.0 ] } },
{ "type": "Feature", "properties": { "OBJECTID": 1116, "OBJECTID_1": 1119.0, "OBJECTID_12": 1134.0, "Toponimo_Antiguo": "Dium", "Toponimo_Moderno": "Dion", "Provincia": "MACEDONIA I", "Pais": "Grecia", "Categoria": "Ciudad" }, "geometry": { "type": "Point", "coordinates": [ 22.48613, 40.172852, 0.0 ] } },
{ "type": "Feature", "properties": { "OBJECTID": 1117, "OBJECTID_1": 1120.0, "OBJECTID_12": 1136.0, "Toponimo_Antiguo": "Edessa", "Toponimo_Moderno": "Edessa", "Provincia": "MACEDONIA I", "Pais": "Grecia", "Categoria": "Ciudad" }, "geometry": { "type": "Point", "coordinates": [ 22.050693, 40.802398, 0.0 ] } },
{ "type": "Feature", "properties": { "OBJECTID": 1118, "OBJECTID_1": 1121.0, "OBJECTID_12": 1137.0, "Toponimo_Antiguo": "Heraclea", "Toponimo_Moderno": "Bitola", "Provincia": "MACEDONIA I", "Pais": "Macedonia", "Categoria": "Ciudad" }, "geometry": { "type": "Point", "coordinates": [ 21.342, 41.011, 0.0 ] } },
{ "type": "Feature", "properties": { "OBJECTID": 1119, "OBJECTID_1": 1122.0, "OBJECTID_12": 1139.0, "Toponimo_Antiguo": "Neapolis", "Toponimo_Moderno": "Kavala", "Provincia": "MACEDONIA I", "Pais": "Grecia", "Categoria": "Ciudad" }, "geometry": { "type": "Point", "coordinates": [ 24.415015, 40.93504, 0.0 ] } },
{ "type": "Feature", "properties": { "OBJECTID": 1120, "OBJECTID_1": 1123.0, "OBJECTID_12": 1140.0, "Toponimo_Antiguo": "Pella", "Toponimo_Moderno": "Pella", "Provincia": "MACEDONIA I", "Pais": "Grecia", "Categoria": "Ciudad" }, "geometry": { "type": "Point", "coordinates": [ 22.525641, 40.760042, 0.0 ] } },
{ "type": "Feature", "properties": { "OBJECTID": 1121, "OBJECTID_1": 1124.0, "OBJECTID_12": 1141.0, "Toponimo_Antiguo": "Philippi", "Toponimo_Moderno": "Krenides", "Provincia": "MACEDONIA I", "Pais": "Grecia", "Categoria": "Ciudad" }, "geometry": { "type": "Point", "coordinates": [ 24.339126, 41.025172, 0.0 ] } },
{ "type": "Feature", "properties": { "OBJECTID": 1122, "OBJECTID_1": 1125.0, "OBJECTID_12": 1143.0, "Toponimo_Antiguo": "Thasos", "Toponimo_Moderno": "Thasos", "Provincia": "MACEDONIA I", "Pais": "Grecia", "Categoria": "Ciudad" }, "geometry": { "type": "Point", "coordinates": [ 24.738633, 40.747565, 0.0 ] } },
{ "type": "Feature", "properties": { "OBJECTID": 1123, "OBJECTID_1": 1126.0, "OBJECTID_12": 1144.0, "Toponimo_Antiguo": "Thessalonica", "Toponimo_Moderno": "Thessaloniki", "Provincia": "MACEDONIA I", "Pais": "Grecia", "Categoria": "Capital Tetrarquia" }, "geometry": { "type": "Point", "coordinates": [ 22.94554, 40.637747, 0.0 ] } },
{ "type": "Feature", "properties": { "OBJECTID": 1124, "OBJECTID_1": 1127.0, "OBJECTID_12": 1145.0, "Toponimo_Antiguo": "Torone", "Toponimo_Moderno": "Toroni", "Provincia": "MACEDONIA I", "Pais": "Grecia", "Categoria": "Ciudad" }, "geometry": { "type": "Point", "coordinates": [ 23.904451, 39.976665, 0.0 ] } },
{ "type": "Feature", "properties": { "OBJECTID": 1125, "OBJECTID_1": 1128.0, "OBJECTID_12": 1366.0, "Toponimo_Antiguo": "Samothrace", "Toponimo_Moderno": "Samothrace", "Provincia": "MACEDONIA I", "Pais": "Grecia", "Categoria": "Ciudad" }, "geometry": { "type": "Point", "coordinates": [ 25.529249, 40.500693, 0.0 ] } },
{ "type": "Feature", "properties": { "OBJECTID": 1126, "OBJECTID_1": 1129.0, "OBJECTID_12": 1463.0, "Toponimo_Antiguo": "Sertae", "Toponimo_Moderno": "Serres", "Provincia": "MACEDONIA I", "Pais": "Grecia", "Categoria": "Ciudad" }, "geometry": { "type": "Point", "coordinates": [ 23.54491465600006, 41.08454400100004, 0.0 ] } },
{ "type": "Feature", "properties": { "OBJECTID": 1127, "OBJECTID_1": 1130.0, "OBJECTID_12": 1.0, "Toponimo_Antiguo": "Abae", "Toponimo_Moderno": "Kalapodi", "Provincia": "ACHAIA", "Pais": "Grecia", "Categoria": "Ciudad" }, "geometry": { "type": "Point", "coordinates": [ 22.933333, 38.583333, 0.0 ] } },
{ "type": "Feature", "properties": { "OBJECTID": 1128, "OBJECTID_1": 1131.0, "OBJECTID_12": 2.0, "Toponimo_Antiguo": "Acharnae", "Toponimo_Moderno": "Acharnes", "Provincia": "ACHAIA", "Pais": "Grecia", "Categoria": "Ciudad" }, "geometry": { "type": "Point", "coordinates": [ 23.734088, 38.083473, 0.0 ] } },
{ "type": "Feature", "properties": { "OBJECTID": 1129, "OBJECTID_1": 1132.0, "OBJECTID_12": 3.0, "Toponimo_Antiguo": "Acraephia", "Toponimo_Moderno": "Akraifnio", "Provincia": "ACHAIA", "Pais": "Grecia", "Categoria": "Ciudad" }, "geometry": { "type": "Point", "coordinates": [ 23.219702, 38.452606, 0.0 ] } },
{ "type": "Feature", "properties": { "OBJECTID": 1130, "OBJECTID_1": 1133.0, "OBJECTID_12": 4.0, "Toponimo_Antiguo": "Aegina", "Toponimo_Moderno": "Aigina", "Provincia": "ACHAIA", "Pais": "Grecia", "Categoria": "Ciudad" }, "geometry": { "type": "Point", "coordinates": [ 23.4285, 37.750074, 0.0 ] } },
{ "type": "Feature", "properties": { "OBJECTID": 1131, "OBJECTID_1": 1134.0, "OBJECTID_12": 5.0, "Toponimo_Antiguo": "Aegira", "Toponimo_Moderno": "Aigeira", "Provincia": "ACHAIA", "Pais": "Grecia", "Categoria": "Ciudad" }, "geometry": { "type": "Point", "coordinates": [ 22.35572, 38.147951, 0.0 ] } },
{ "type": "Feature", "properties": { "OBJECTID": 1132, "OBJECTID_1": 1135.0, "OBJECTID_12": 6.0, "Toponimo_Antiguo": "Aegium", "Toponimo_Moderno": "Aigio", "Provincia": "ACHAIA", "Pais": "Grecia", "Categoria": "Ciudad" }, "geometry": { "type": "Point", "coordinates": [ 22.081952, 38.252707, 0.0 ] } },
{ "type": "Feature", "properties": { "OBJECTID": 1133, "OBJECTID_1": 1136.0, "OBJECTID_12": 8.0, "Toponimo_Antiguo": "Amphissa", "Toponimo_Moderno": "Amfissa", "Provincia": "ACHAIA", "Pais": "Grecia", "Categoria": "Ciudad" }, "geometry": { "type": "Point", "coordinates": [ 22.378406, 38.527328, 0.0 ] } },
{ "type": "Feature", "properties": { "OBJECTID": 1134, "OBJECTID_1": 1137.0, "OBJECTID_12": 9.0, "Toponimo_Antiguo": "Anthedon", "Toponimo_Moderno": "Anthedon", "Provincia": "ACHAIA", "Pais": "Grecia", "Categoria": "Ciudad" }, "geometry": { "type": "Point", "coordinates": [ 23.461481, 38.497543, 0.0 ] } },
{ "type": "Feature", "properties": { "OBJECTID": 1135, "OBJECTID_1": 1138.0, "OBJECTID_12": 10.0, "Toponimo_Antiguo": "Anticyra", "Toponimo_Moderno": "Palatia", "Provincia": "ACHAIA", "Pais": "Grecia", "Categoria": "Ciudad" }, "geometry": { "type": "Point", "coordinates": [ 22.632895, 38.377588, 0.0 ] } },
{ "type": "Feature", "properties": { "OBJECTID": 1136, "OBJECTID_1": 1139.0, "OBJECTID_12": 13.0, "Toponimo_Antiguo": "Argos", "Toponimo_Moderno": "Argos", "Provincia": "ACHAIA", "Pais": "Grecia", "Categoria": "Ciudad" }, "geometry": { "type": "Point", "coordinates": [ 22.719769, 37.631278, 0.0 ] } },
{ "type": "Feature", "properties": { "OBJECTID": 1137, "OBJECTID_1": 1140.0, "OBJECTID_12": 14.0, "Toponimo_Antiguo": "Athenae", "Toponimo_Moderno": "Athens", "Provincia": "ACHAIA", "Pais": "Grecia", "Categoria": "Ciudad" }, "geometry": { "type": "Point", "coordinates": [ 23.726559, 37.971119, 0.0 ] } },
{ "type": "Feature", "properties": { "OBJECTID": 1138, "OBJECTID_1": 1141.0, "OBJECTID_12": 17.0, "Toponimo_Antiguo": "Calydon", "Toponimo_Moderno": "Kalydon", "Provincia": "ACHAIA", "Pais": "Grecia", "Categoria": "Ciudad" }, "geometry": { "type": "Point", "coordinates": [ 21.532778, 38.378056, 0.0 ] } },
{ "type": "Feature", "properties": { "OBJECTID": 1139, "OBJECTID_1": 1142.0, "OBJECTID_12": 20.0, "Toponimo_Antiguo": "Chaeronea", "Toponimo_Moderno": "Khaironia", "Provincia": "ACHAIA", "Pais": "Grecia", "Categoria": "Ciudad" }, "geometry": { "type": "Point", "coordinates": [ 22.844532, 38.494687, 0.0 ] } },
{ "type": "Feature", "properties": { "OBJECTID": 1140, "OBJECTID_1": 1143.0, "OBJECTID_12": 21.0, "Toponimo_Antiguo": "Chalcis", "Toponimo_Moderno": "Chalkis", "Provincia": "ACHAIA", "Pais": "Grecia", "Categoria": "Ciudad" }, "geometry": { "type": "Point", "coordinates": [ 23.643172, 38.549423, 0.0 ] } },
{ "type": "Feature", "properties": { "OBJECTID": 1141, "OBJECTID_1": 1144.0, "OBJECTID_12": 23.0, "Toponimo_Antiguo": "Cirrha", "Toponimo_Moderno": "Xeropigadi", "Provincia": "ACHAIA", "Pais": "Grecia", "Categoria": "Ciudad" }, "geometry": { "type": "Point", "coordinates": [ 22.450621, 38.428937, 0.0 ] } },
{ "type": "Feature", "properties": { "OBJECTID": 1142, "OBJECTID_1": 1145.0, "OBJECTID_12": 24.0, "Toponimo_Antiguo": "Cleitor", "Toponimo_Moderno": "Kato Klitoria", "Provincia": "ACHAIA", "Pais": "Grecia", "Categoria": "Ciudad" }, "geometry": { "type": "Point", "coordinates": [ 22.044647, 37.885611, 0.0 ] } },
{ "type": "Feature", "properties": { "OBJECTID": 1143, "OBJECTID_1": 1146.0, "OBJECTID_12": 26.0, "Toponimo_Antiguo": "Corinthia", "Toponimo_Moderno": "Corinth", "Provincia": "ACHAIA", "Pais": "Grecia", "Categoria": "Capital Provincia" }, "geometry": { "type": "Point", "coordinates": [ 22.879795, 37.906321, 0.0 ] } },
{ "type": "Feature", "properties": { "OBJECTID": 1144, "OBJECTID_1": 1147.0, "OBJECTID_12": 27.0, "Toponimo_Antiguo": "Coronea", "Toponimo_Moderno": "Agios Georgios", "Provincia": "ACHAIA", "Pais": "Grecia", "Categoria": "Ciudad" }, "geometry": { "type": "Point", "coordinates": [ 22.957112, 38.391204, 0.0 ] } },
{ "type": "Feature", "properties": { "OBJECTID": 1145, "OBJECTID_1": 1148.0, "OBJECTID_12": 29.0, "Toponimo_Antiguo": "Delphi", "Toponimo_Moderno": "Delphi", "Provincia": "ACHAIA", "Pais": "Grecia", "Categoria": "Ciudad" }, "geometry": { "type": "Point", "coordinates": [ 22.5, 38.483333, 0.0 ] } },
{ "type": "Feature", "properties": { "OBJECTID": 1146, "OBJECTID_1": 1149.0, "OBJECTID_12": 32.0, "Toponimo_Antiguo": "Dyme", "Toponimo_Moderno": "Kato Achaia", "Provincia": "ACHAIA", "Pais": "Grecia", "Categoria": "Ciudad" }, "geometry": { "type": "Point", "coordinates": [ 21.551426, 38.144625, 0.0 ] } },
{ "type": "Feature", "properties": { "OBJECTID": 1147, "OBJECTID_1": 1150.0, "OBJECTID_12": 33.0, "Toponimo_Antiguo": "Elateia", "Toponimo_Moderno": "Lefta", "Provincia": "ACHAIA", "Pais": "Grecia", "Categoria": "Ciudad" }, "geometry": { "type": "Point", "coordinates": [ 22.764982, 38.62635, 0.0 ] } },
{ "type": "Feature", "properties": { "OBJECTID": 1148, "OBJECTID_1": 1151.0, "OBJECTID_12": 34.0, "Toponimo_Antiguo": "Eleusis", "Toponimo_Moderno": "Elefsina", "Provincia": "ACHAIA", "Pais": "Grecia", "Categoria": "Ciudad" }, "geometry": { "type": "Point", "coordinates": [ 23.542112, 38.04325, 0.0 ] } },
{ "type": "Feature", "properties": { "OBJECTID": 1149, "OBJECTID_1": 1152.0, "OBJECTID_12": 35.0, "Toponimo_Antiguo": "Elis", "Toponimo_Moderno": "Ilida", "Provincia": "ACHAIA", "Pais": "Grecia", "Categoria": "Ciudad" }, "geometry": { "type": "Point", "coordinates": [ 21.435443, 37.827452, 0.0 ] } },
{ "type": "Feature", "properties": { "OBJECTID": 1150, "OBJECTID_1": 1153.0, "OBJECTID_12": 36.0, "Toponimo_Antiguo": "Epidaurus", "Toponimo_Moderno": "Palaia Epidauros", "Provincia": "ACHAIA", "Pais": "Grecia", "Categoria": "Ciudad" }, "geometry": { "type": "Point", "coordinates": [ 23.132244, 37.626573, 0.0 ] } },
{ "type": "Feature", "properties": { "OBJECTID": 1151, "OBJECTID_1": 1154.0, "OBJECTID_12": 37.0, "Toponimo_Antiguo": "Eretria", "Toponimo_Moderno": "Eretria", "Provincia": "ACHAIA", "Pais": "Grecia", "Categoria": "Ciudad" }, "geometry": { "type": "Point", "coordinates": [ 23.793099, 38.393743, 0.0 ] } },
{ "type": "Feature", "properties": { "OBJECTID": 1152, "OBJECTID_1": 1155.0, "OBJECTID_12": 38.0, "Toponimo_Antiguo": "Euonymon", "Toponimo_Moderno": "Unknown", "Provincia": "ACHAIA", "Pais": "Grecia", "Categoria": "Ciudad" }, "geometry": { "type": "Point", "coordinates": [ 23.737382, 37.916867, 0.0 ] } },
{ "type": "Feature", "properties": { "OBJECTID": 1153, "OBJECTID_1": 1156.0, "OBJECTID_12": 40.0, "Toponimo_Antiguo": "Gythium", "Toponimo_Moderno": "Gytheio", "Provincia": "ACHAIA", "Pais": "Grecia", "Categoria": "Ciudad" }, "geometry": { "type": "Point", "coordinates": [ 22.562341, 36.763663, 0.0 ] } },
{ "type": "Feature", "properties": { "OBJECTID": 1154, "OBJECTID_1": 1157.0, "OBJECTID_12": 42.0, "Toponimo_Antiguo": "Halae", "Toponimo_Moderno": "Unknown", "Provincia": "ACHAIA", "Pais": "Grecia", "Categoria": "Ciudad" }, "geometry": { "type": "Point", "coordinates": [ 23.193751, 38.653765, 0.0 ] } },
{ "type": "Feature", "properties": { "OBJECTID": 1155, "OBJECTID_1": 1158.0, "OBJECTID_12": 45.0, "Toponimo_Antiguo": "Heraclea", "Toponimo_Moderno": "Unknown", "Provincia": "ACHAIA", "Pais": "Grecia", "Categoria": "Ciudad" }, "geometry": { "type": "Point", "coordinates": [ 22.447577, 38.792037, 0.0 ] } },
{ "type": "Feature", "properties": { "OBJECTID": 1156, "OBJECTID_1": 1159.0, "OBJECTID_12": 46.0, "Toponimo_Antiguo": "Hyampolis", "Toponimo_Moderno": "Bogdanou", "Provincia": "ACHAIA", "Pais": "Grecia", "Categoria": "Ciudad" }, "geometry": { "type": "Point", "coordinates": [ 22.918763, 38.594681, 0.0 ] } },
{ "type": "Feature", "properties": { "OBJECTID": 1157, "OBJECTID_1": 1160.0, "OBJECTID_12": 49.0, "Toponimo_Antiguo": "Lebadea", "Toponimo_Moderno": "Livadhia", "Provincia": "ACHAIA", "Pais": "Grecia", "Categoria": "Ciudad" }, "geometry": { "type": "Point", "coordinates": [ 22.866667, 38.433333, 0.0 ] } },
{ "type": "Feature", "properties": { "OBJECTID": 1158, "OBJECTID_1": 1161.0, "OBJECTID_12": 51.0, "Toponimo_Antiguo": "Lilaea", "Toponimo_Moderno": "Unknown", "Provincia": "ACHAIA", "Pais": "Grecia", "Categoria": "Ciudad" }, "geometry": { "type": "Point", "coordinates": [ 22.509538, 38.630415, 0.0 ] } },
{ "type": "Feature", "properties": { "OBJECTID": 1159, "OBJECTID_1": 1162.0, "OBJECTID_12": 52.0, "Toponimo_Antiguo": "Lousoi", "Toponimo_Moderno": "Lousoi", "Provincia": "ACHAIA", "Pais": "Grecia", "Categoria": "Ciudad" }, "geometry": { "type": "Point", "coordinates": [ 22.116811, 37.969025, 0.0 ] } },
{ "type": "Feature", "properties": { "OBJECTID": 1160, "OBJECTID_1": 1163.0, "OBJECTID_12": 53.0, "Toponimo_Antiguo": "Lycosura", "Toponimo_Moderno": "Lykosoura", "Provincia": "ACHAIA", "Pais": "Grecia", "Categoria": "Ciudad" }, "geometry": { "type": "Point", "coordinates": [ 22.031019, 37.389722, 0.0 ] } },
{ "type": "Feature", "properties": { "OBJECTID": 1161, "OBJECTID_1": 1164.0, "OBJECTID_12": 54.0, "Toponimo_Antiguo": "Macynia", "Toponimo_Moderno": "Paleokastro", "Provincia": "ACHAIA", "Pais": "Grecia", "Categoria": "Ciudad" }, "geometry": { "type": "Point", "coordinates": [ 21.726328, 38.355158, 0.0 ] } },
{ "type": "Feature", "properties": { "OBJECTID": 1162, "OBJECTID_1": 1165.0, "OBJECTID_12": 55.0, "Toponimo_Antiguo": "Mantinea", "Toponimo_Moderno": "Mantineia", "Provincia": "ACHAIA", "Pais": "Grecia", "Categoria": "Ciudad" }, "geometry": { "type": "Point", "coordinates": [ 22.405305, 37.642803, 0.0 ] } },
{ "type": "Feature", "properties": { "OBJECTID": 1163, "OBJECTID_1": 1166.0, "OBJECTID_12": 56.0, "Toponimo_Antiguo": "Megalopolis", "Toponimo_Moderno": "Sinánu", "Provincia": "ACHAIA", "Pais": "Grecia", "Categoria": "Ciudad" }, "geometry": { "type": "Point", "coordinates": [ 22.136771, 37.40225, 0.0 ] } },
{ "type": "Feature", "properties": { "OBJECTID": 1164, "OBJECTID_1": 1167.0, "OBJECTID_12": 57.0, "Toponimo_Antiguo": "Megara", "Toponimo_Moderno": "Megara", "Provincia": "ACHAIA", "Pais": "Grecia", "Categoria": "Ciudad" }, "geometry": { "type": "Point", "coordinates": [ 23.344591, 37.994845, 0.0 ] } },
{ "type": "Feature", "properties": { "OBJECTID": 1165, "OBJECTID_1": 1168.0, "OBJECTID_12": 59.0, "Toponimo_Antiguo": "Messene", "Toponimo_Moderno": "Mavromati", "Provincia": "ACHAIA", "Pais": "Grecia", "Categoria": "Ciudad" }, "geometry": { "type": "Point", "coordinates": [ 22.008029, 37.051363, 0.0 ] } },
{ "type": "Feature", "properties": { "OBJECTID": 1166, "OBJECTID_1": 1169.0, "OBJECTID_12": 61.0, "Toponimo_Antiguo": "Naryca", "Toponimo_Moderno": "Rengini", "Provincia": "ACHAIA", "Pais": "Grecia", "Categoria": "Ciudad" }, "geometry": { "type": "Point", "coordinates": [ 22.728224, 38.717052, 0.0 ] } },
{ "type": "Feature", "properties": { "OBJECTID": 1167, "OBJECTID_1": 1170.0, "OBJECTID_12": 63.0, "Toponimo_Antiguo": "Nea Pleuron", "Toponimo_Moderno": "Pleuron", "Provincia": "ACHAIA", "Pais": "Grecia", "Categoria": "Ciudad" }, "geometry": { "type": "Point", "coordinates": [ 21.41202, 38.414861, 0.0 ] } },
{ "type": "Feature", "properties": { "OBJECTID": 1168, "OBJECTID_1": 1171.0, "OBJECTID_12": 64.0, "Toponimo_Antiguo": "Neon", "Toponimo_Moderno": "Velitsa", "Provincia": "ACHAIA", "Pais": "Grecia", "Categoria": "Ciudad" }, "geometry": { "type": "Point", "coordinates": [ 22.66757, 38.584053, 0.0 ] } },
{ "type": "Feature", "properties": { "OBJECTID": 1169, "OBJECTID_1": 1172.0, "OBJECTID_12": 66.0, "Toponimo_Antiguo": "Oeniadae", "Toponimo_Moderno": "Oiniadai", "Provincia": "ACHAIA", "Pais": "Grecia", "Categoria": "Ciudad" }, "geometry": { "type": "Point", "coordinates": [ 21.212962, 38.398985, 0.0 ] } },
{ "type": "Feature", "properties": { "OBJECTID": 1170, "OBJECTID_1": 1173.0, "OBJECTID_12": 68.0, "Toponimo_Antiguo": "Orchomenus Arcadicus", "Toponimo_Moderno": "Kalpali", "Provincia": "ACHAIA", "Pais": "Grecia", "Categoria": "Ciudad" }, "geometry": { "type": "Point", "coordinates": [ 22.31536, 37.724716, 0.0 ] } },
{ "type": "Feature", "properties": { "OBJECTID": 1171, "OBJECTID_1": 1174.0, "OBJECTID_12": 69.0, "Toponimo_Antiguo": "Orchomenus Minyeaus", "Toponimo_Moderno": "Skripú", "Provincia": "ACHAIA", "Pais": "Grecia", "Categoria": "Ciudad" }, "geometry": { "type": "Point", "coordinates": [ 22.981125, 38.493255, 0.0 ] } },
{ "type": "Feature", "properties": { "OBJECTID": 1172, "OBJECTID_1": 1175.0, "OBJECTID_12": 71.0, "Toponimo_Antiguo": "Oropus", "Toponimo_Moderno": "Skala Oropou", "Provincia": "ACHAIA", "Pais": "Grecia", "Categoria": "Ciudad" }, "geometry": { "type": "Point", "coordinates": [ 23.775844, 38.320255, 0.0 ] } },
{ "type": "Feature", "properties": { "OBJECTID": 1173, "OBJECTID_1": 1176.0, "OBJECTID_12": 72.0, "Toponimo_Antiguo": "Paeania", "Toponimo_Moderno": "Mastru?", "Provincia": "ACHAIA", "Pais": "Grecia", "Categoria": "Ciudad" }, "geometry": { "type": "Point", "coordinates": [ 23.855299, 37.958506, 0.0 ] } },
{ "type": "Feature", "properties": { "OBJECTID": 1174, "OBJECTID_1": 1177.0, "OBJECTID_12": 73.0, "Toponimo_Antiguo": "Pallantium", "Toponimo_Moderno": "Pallantion", "Provincia": "ACHAIA", "Pais": "Grecia", "Categoria": "Ciudad" }, "geometry": { "type": "Point", "coordinates": [ 22.336587, 37.462155, 0.0 ] } },
{ "type": "Feature", "properties": { "OBJECTID": 1175, "OBJECTID_1": 1178.0, "OBJECTID_12": 76.0, "Toponimo_Antiguo": "Patrae", "Toponimo_Moderno": "Patrai", "Provincia": "ACHAIA", "Pais": "Grecia", "Categoria": "Ciudad" }, "geometry": { "type": "Point", "coordinates": [ 21.737066, 38.254465, 0.0 ] } },
{ "type": "Feature", "properties": { "OBJECTID": 1176, "OBJECTID_1": 1179.0, "OBJECTID_12": 78.0, "Toponimo_Antiguo": "Pellene", "Toponimo_Moderno": "Zougra", "Provincia": "ACHAIA", "Pais": "Grecia", "Categoria": "Ciudad" }, "geometry": { "type": "Point", "coordinates": [ 22.548344, 38.043207, 0.0 ] } },
{ "type": "Feature", "properties": { "OBJECTID": 1177, "OBJECTID_1": 1180.0, "OBJECTID_12": 82.0, "Toponimo_Antiguo": "Pheneus", "Toponimo_Moderno": "Feneos", "Provincia": "ACHAIA", "Pais": "Grecia", "Categoria": "Ciudad" }, "geometry": { "type": "Point", "coordinates": [ 22.295238, 37.919454, 0.0 ] } },
{ "type": "Feature", "properties": { "OBJECTID": 1178, "OBJECTID_1": 1181.0, "OBJECTID_12": 84.0, "Toponimo_Antiguo": "Phigalia", "Toponimo_Moderno": "Phigaleia", "Provincia": "ACHAIA", "Pais": "Grecia", "Categoria": "Ciudad" }, "geometry": { "type": "Point", "coordinates": [ 21.839109, 37.39629, 0.0 ] } },
{ "type": "Feature", "properties": { "OBJECTID": 1179, "OBJECTID_1": 1182.0, "OBJECTID_12": 85.0, "Toponimo_Antiguo": "Phlius", "Toponimo_Moderno": "Phlius", "Provincia": "ACHAIA", "Pais": "Grecia", "Categoria": "Ciudad" }, "geometry": { "type": "Point", "coordinates": [ 22.641069, 37.831664, 0.0 ] } },
{ "type": "Feature", "properties": { "OBJECTID": 1180, "OBJECTID_1": 1183.0, "OBJECTID_12": 87.0, "Toponimo_Antiguo": "Piraeus", "Toponimo_Moderno": "Piraeus", "Provincia": "ACHAIA", "Pais": "Grecia", "Categoria": "Ciudad" }, "geometry": { "type": "Point", "coordinates": [ 23.641103, 37.950902, 0.0 ] } },
{ "type": "Feature", "properties": { "OBJECTID": 1181, "OBJECTID_1": 1184.0, "OBJECTID_12": 88.0, "Toponimo_Antiguo": "Plataea", "Toponimo_Moderno": "Plataea", "Provincia": "ACHAIA", "Pais": "Grecia", "Categoria": "Ciudad" }, "geometry": { "type": "Point", "coordinates": [ 23.26689, 38.215488, 0.0 ] } },
{ "type": "Feature", "properties": { "OBJECTID": 1182, "OBJECTID_1": 1185.0, "OBJECTID_12": 90.0, "Toponimo_Antiguo": "Rhamnus", "Toponimo_Moderno": "Rhamnous", "Provincia": "ACHAIA", "Pais": "Grecia", "Categoria": "Ciudad" }, "geometry": { "type": "Point", "coordinates": [ 24.028009, 38.222727, 0.0 ] } },
{ "type": "Feature", "properties": { "OBJECTID": 1183, "OBJECTID_1": 1186.0, "OBJECTID_12": 92.0, "Toponimo_Antiguo": "Sicyon", "Toponimo_Moderno": "Basiliko", "Provincia": "ACHAIA", "Pais": "Grecia", "Categoria": "Ciudad" }, "geometry": { "type": "Point", "coordinates": [ 22.726044, 37.9799, 0.0 ] } },
{ "type": "Feature", "properties": { "OBJECTID": 1184, "OBJECTID_1": 1187.0, "OBJECTID_12": 93.0, "Toponimo_Antiguo": "Sparta", "Toponimo_Moderno": "Sparti", "Provincia": "ACHAIA", "Pais": "Grecia", "Categoria": "Ciudad" }, "geometry": { "type": "Point", "coordinates": [ 22.432584, 37.074301, 0.0 ] } },
{ "type": "Feature", "properties": { "OBJECTID": 1185, "OBJECTID_1": 1188.0, "OBJECTID_12": 94.0, "Toponimo_Antiguo": "Stratus", "Toponimo_Moderno": "Surovigli", "Provincia": "ACHAIA", "Pais": "Grecia", "Categoria": "Ciudad" }, "geometry": { "type": "Point", "coordinates": [ 21.31366, 38.666849, 0.0 ] } },
{ "type": "Feature", "properties": { "OBJECTID": 1186, "OBJECTID_1": 1189.0, "OBJECTID_12": 95.0, "Toponimo_Antiguo": "Stymphalum", "Toponimo_Moderno": "Stymphalos", "Provincia": "ACHAIA", "Pais": "Grecia", "Categoria": "Ciudad" }, "geometry": { "type": "Point", "coordinates": [ 22.45934, 37.859281, 0.0 ] } },
{ "type": "Feature", "properties": { "OBJECTID": 1187, "OBJECTID_1": 1190.0, "OBJECTID_12": 96.0, "Toponimo_Antiguo": "Tanagra", "Toponimo_Moderno": "Graimadha", "Provincia": "ACHAIA", "Pais": "Grecia", "Categoria": "Ciudad" }, "geometry": { "type": "Point", "coordinates": [ 23.536834, 38.32732, 0.0 ] } },
{ "type": "Feature", "properties": { "OBJECTID": 1188, "OBJECTID_1": 1191.0, "OBJECTID_12": 97.0, "Toponimo_Antiguo": "Tegea", "Toponimo_Moderno": "Alea", "Provincia": "ACHAIA", "Pais": "Grecia", "Categoria": "Ciudad" }, "geometry": { "type": "Point", "coordinates": [ 22.417226, 37.427653, 0.0 ] } },
{ "type": "Feature", "properties": { "OBJECTID": 1189, "OBJECTID_1": 1192.0, "OBJECTID_12": 98.0, "Toponimo_Antiguo": "Teuthrone", "Toponimo_Moderno": "Kotrónes", "Provincia": "ACHAIA", "Pais": "Grecia", "Categoria": "Ciudad" }, "geometry": { "type": "Point", "coordinates": [ 22.489063, 36.621145, 0.0 ] } },
{ "type": "Feature", "properties": { "OBJECTID": 1190, "OBJECTID_1": 1193.0, "OBJECTID_12": 100.0, "Toponimo_Antiguo": "Thebae", "Toponimo_Moderno": "Thebes", "Provincia": "ACHAIA", "Pais": "Grecia", "Categoria": "Ciudad" }, "geometry": { "type": "Point", "coordinates": [ 23.317799, 38.319077, 0.0 ] } },
{ "type": "Feature", "properties": { "OBJECTID": 1191, "OBJECTID_1": 1194.0, "OBJECTID_12": 103.0, "Toponimo_Antiguo": "Thespiae", "Toponimo_Moderno": "Thespiae", "Provincia": "ACHAIA", "Pais": "Grecia", "Categoria": "Ciudad" }, "geometry": { "type": "Point", "coordinates": [ 23.150051, 38.302836, 0.0 ] } },
{ "type": "Feature", "properties": { "OBJECTID": 1192, "OBJECTID_1": 1195.0, "OBJECTID_12": 104.0, "Toponimo_Antiguo": "Thisbe", "Toponimo_Moderno": "Thisvi", "Provincia": "ACHAIA", "Pais": "Grecia", "Categoria": "Ciudad" }, "geometry": { "type": "Point", "coordinates": [ 22.967793, 38.260887, 0.0 ] } },
{ "type": "Feature", "properties": { "OBJECTID": 1193, "OBJECTID_1": 1196.0, "OBJECTID_12": 105.0, "Toponimo_Antiguo": "Thoricus", "Toponimo_Moderno": "Velatouri", "Provincia": "ACHAIA", "Pais": "Grecia", "Categoria": "Ciudad" }, "geometry": { "type": "Point", "coordinates": [ 24.053491, 37.737524, 0.0 ] } },
{ "type": "Feature", "properties": { "OBJECTID": 1194, "OBJECTID_1": 1197.0, "OBJECTID_12": 107.0, "Toponimo_Antiguo": "Torybea", "Toponimo_Moderno": "Torybeia", "Provincia": "ACHAIA", "Pais": "Grecia", "Categoria": "Ciudad" }, "geometry": { "type": "Point", "coordinates": [ 21.726328, 38.355158, 0.0 ] } },
{ "type": "Feature", "properties": { "OBJECTID": 1195, "OBJECTID_1": 1198.0, "OBJECTID_12": 108.0, "Toponimo_Antiguo": "Troezen", "Toponimo_Moderno": "Troizina", "Provincia": "ACHAIA", "Pais": "Grecia", "Categoria": "Ciudad" }, "geometry": { "type": "Point", "coordinates": [ 23.362481, 37.496574, 0.0 ] } },
{ "type": "Feature", "properties": { "OBJECTID": 1196, "OBJECTID_1": 1199.0, "OBJECTID_12": 109.0, "Toponimo_Antiguo": "Zacynthus", "Toponimo_Moderno": "Unknown", "Provincia": "ACHAIA", "Pais": "Grecia", "Categoria": "Ciudad" }, "geometry": { "type": "Point", "coordinates": [ 20.892091, 37.787178, 0.0 ] } },
{ "type": "Feature", "properties": { "OBJECTID": 1197, "OBJECTID_1": 1200.0, "OBJECTID_12": 1466.0, "Toponimo_Antiguo": "Lamia", "Toponimo_Moderno": "Lamia", "Provincia": "ACHAIA", "Pais": "Grecia", "Categoria": "Ciudad" }, "geometry": { "type": "Point", "coordinates": [ 22.433448037000062, 38.893897120000076, 0.0 ] } },
{ "type": "Feature", "properties": { "OBJECTID": 1198, "OBJECTID_1": 1201.0, "OBJECTID_12": 1468.0, "Toponimo_Antiguo": "Naupactus", "Toponimo_Moderno": "Lepanto", "Provincia": "ACHAIA", "Pais": "Grecia", "Categoria": "Ciudad" }, "geometry": { "type": "Point", "coordinates": [ 21.832514462000063, 38.394139241000062, 0.0 ] } },
{ "type": "Feature", "properties": { "OBJECTID": 1199, "OBJECTID_1": 1202.0, "OBJECTID_12": 550.0, "Toponimo_Antiguo": "Aquae Tarbellicae", "Toponimo_Moderno": "Aix les Bains", "Provincia": "AQUITANIA III NOVEMPOPULANA", "Pais": "Francia", "Categoria": "Ciudad" }, "geometry": { "type": "Point", "coordinates": [ -1.054009, 43.70906, 0.0 ] } },
{ "type": "Feature", "properties": { "OBJECTID": 1200, "OBJECTID_1": 1203.0, "OBJECTID_12": 552.0, "Toponimo_Antiguo": "Augusta Auscorum", "Toponimo_Moderno": "Auch", "Provincia": "AQUITANIA III NOVEMPOPULANA", "Pais": "Francia", "Categoria": "Ciudad" }, "geometry": { "type": "Point", "coordinates": [ 0.5855, 43.6465, 0.0 ] } },
{ "type": "Feature", "properties": { "OBJECTID": 1201, "OBJECTID_1": 1204.0, "OBJECTID_12": 560.0, "Toponimo_Antiguo": "Lugdunum Convenarum", "Toponimo_Moderno": "S. Bertrand de Comminges", "Provincia": "AQUITANIA III NOVEMPOPULANA", "Pais": "Francia", "Categoria": "Ciudad" }, "geometry": { "type": "Point", "coordinates": [ 0.573699, 43.02753, 0.0 ] } },
{ "type": "Feature", "properties": { "OBJECTID": 1202, "OBJECTID_1": 1205.0, "OBJECTID_12": 1433.0, "Toponimo_Antiguo": "Lapurdum", "Toponimo_Moderno": "Bayonne", "Provincia": "AQUITANIA III NOVEMPOPULANA", "Pais": "Francia", "Categoria": "Ciudad" }, "geometry": { "type": "Point", "coordinates": [ -1.46487, 43.50123, 0.0 ] } },
{ "type": "Feature", "properties": { "OBJECTID": 1203, "OBJECTID_1": 1206.0, "OBJECTID_12": 1434.0, "Toponimo_Antiguo": "Elusa", "Toponimo_Moderno": "Eauze", "Provincia": "AQUITANIA III NOVEMPOPULANA", "Pais": "Francia", "Categoria": "Capital Provincia" }, "geometry": { "type": "Point", "coordinates": [ 0.100573061000034, 43.861579661000064, 0.0 ] } },
{ "type": "Feature", "properties": { "OBJECTID": 1204, "OBJECTID_1": 1207.0, "OBJECTID_12": 117.0, "Toponimo_Antiguo": "Athribis", "Toponimo_Moderno": "Tell Atrib", "Provincia": "AUGUSTAMNICA", "Pais": "Egipto", "Categoria": "Ciudad" }, "geometry": { "type": "Point", "coordinates": [ 31.184479, 30.47243, 0.0 ] } },
{ "type": "Feature", "properties": { "OBJECTID": 1205, "OBJECTID_1": 1208.0, "OBJECTID_12": 118.0, "Toponimo_Antiguo": "Bubastis", "Toponimo_Moderno": "Tell Basta", "Provincia": "AUGUSTAMNICA", "Pais": "Egipto", "Categoria": "Ciudad" }, "geometry": { "type": "Point", "coordinates": [ 31.507263, 30.576879, 0.0 ] } },
{ "type": "Feature", "properties": { "OBJECTID": 1206, "OBJECTID_1": 1209.0, "OBJECTID_12": 119.0, "Toponimo_Antiguo": "Busiris", "Toponimo_Moderno": "Abu Sir Bana", "Provincia": "AUGUSTAMNICA", "Pais": "Egipto", "Categoria": "Ciudad" }, "geometry": { "type": "Point", "coordinates": [ 31.244444, 30.911111, 0.0 ] } },
{ "type": "Feature", "properties": { "OBJECTID": 1207, "OBJECTID_1": 1210.0, "OBJECTID_12": 127.0, "Toponimo_Antiguo": "Heliopolis", "Toponimo_Moderno": "El Matariya", "Provincia": "AUGUSTAMNICA", "Pais": "Egipto", "Categoria": "Ciudad" }, "geometry": { "type": "Point", "coordinates": [ 31.284786, 30.131757, 0.0 ] } },
{ "type": "Feature", "properties": { "OBJECTID": 1208, "OBJECTID_1": 1211.0, "OBJECTID_12": 129.0, "Toponimo_Antiguo": "Heracleopolis Parva", "Toponimo_Moderno": "Tell Belim", "Provincia": "AUGUSTAMNICA", "Pais": "Egipto", "Categoria": "Ciudad" }, "geometry": { "type": "Point", "coordinates": [ 32.167572, 30.982139, 0.0 ] } },
{ "type": "Feature", "properties": { "OBJECTID": 1209, "OBJECTID_1": 1212.0, "OBJECTID_12": 133.0, "Toponimo_Antiguo": "Heroonpolis", "Toponimo_Moderno": "Tell el Maskhuta", "Provincia": "AUGUSTAMNICA", "Pais": "Egipto", "Categoria": "Ciudad" }, "geometry": { "type": "Point", "coordinates": [ 32.099207, 30.553048, 0.0 ] } },
{ "type": "Feature", "properties": { "OBJECTID": 1210, "OBJECTID_1": 1213.0, "OBJECTID_12": 136.0, "Toponimo_Antiguo": "Leontopolis", "Toponimo_Moderno": "Tell el Moqdam", "Provincia": "AUGUSTAMNICA", "Pais": "Egipto", "Categoria": "Ciudad" }, "geometry": { "type": "Point", "coordinates": [ 31.35, 30.683333, 0.0 ] } },
{ "type": "Feature", "properties": { "OBJECTID": 1211, "OBJECTID_1": 1214.0, "OBJECTID_12": 140.0, "Toponimo_Antiguo": "Mendes", "Toponimo_Moderno": "Tell el Ruba", "Provincia": "AUGUSTAMNICA", "Pais": "Egipto", "Categoria": "Ciudad" }, "geometry": { "type": "Point", "coordinates": [ 31.555712, 30.966021, 0.0 ] } },
{ "type": "Feature", "properties": { "OBJECTID": 1212, "OBJECTID_1": 1215.0, "OBJECTID_12": 146.0, "Toponimo_Antiguo": "Pelusium", "Toponimo_Moderno": "Tell el Farama", "Provincia": "AUGUSTAMNICA", "Pais": "Egipto", "Categoria": "Capital Provincia" }, "geometry": { "type": "Point", "coordinates": [ 32.600128, 31.049917, 0.0 ] } },
{ "type": "Feature", "properties": { "OBJECTID": 1213, "OBJECTID_1": 1216.0, "OBJECTID_12": 147.0, "Toponimo_Antiguo": "Phacus", "Toponimo_Moderno": "Faqus", "Provincia": "AUGUSTAMNICA", "Pais": "Egipto", "Categoria": "Ciudad" }, "geometry": { "type": "Point", "coordinates": [ 31.672165, 30.720511, 0.0 ] } },
{ "type": "Feature", "properties": { "OBJECTID": 1214, "OBJECTID_1": 1217.0, "OBJECTID_12": 151.0, "Toponimo_Antiguo": "Tanis", "Toponimo_Moderno": "San el Hagar", "Provincia": "AUGUSTAMNICA", "Pais": "Egipto", "Categoria": "Ciudad" }, "geometry": { "type": "Point", "coordinates": [ 31.874266, 30.975841, 0.0 ] } },
{ "type": "Feature", "properties": { "OBJECTID": 1215, "OBJECTID_1": 1218.0, "OBJECTID_12": 155.0, "Toponimo_Antiguo": "Thmuis", "Toponimo_Moderno": "Tell Timai", "Provincia": "AUGUSTAMNICA", "Pais": "Egipto", "Categoria": "Ciudad" }, "geometry": { "type": "Point", "coordinates": [ 31.516856, 30.935634, 0.0 ] } },
{ "type": "Feature", "properties": { "OBJECTID": 1216, "OBJECTID_1": 1219.0, "OBJECTID_12": 1417.0, "Toponimo_Antiguo": "Clysma", "Toponimo_Moderno": "Suez", "Provincia": "AUGUSTAMNICA", "Pais": "Egipto", "Categoria": "Ciudad" }, "geometry": { "type": "Point", "coordinates": [ 32.528970257000026, 29.975529617000063, 0.0 ] } },
{ "type": "Feature", "properties": { "OBJECTID": 1217, "OBJECTID_1": 1220.0, "OBJECTID_12": 116.0, "Toponimo_Antiguo": "Arsinoe", "Toponimo_Moderno": "Kom F?ris", "Provincia": "ARCADIA", "Pais": "Egipto", "Categoria": "Ciudad" }, "geometry": { "type": "Point", "coordinates": [ 30.75, 29.250001, 0.0 ] } },
{ "type": "Feature", "properties": { "OBJECTID": 1218, "OBJECTID_1": 1221.0, "OBJECTID_12": 122.0, "Toponimo_Antiguo": "Cynopolis", "Toponimo_Moderno": "Al Quais?", "Provincia": "ARCADIA", "Pais": "Egipto", "Categoria": "Ciudad" }, "geometry": { "type": "Point", "coordinates": [ 30.782897, 28.479496, 0.0 ] } },
{ "type": "Feature", "properties": { "OBJECTID": 1219, "OBJECTID_1": 1222.0, "OBJECTID_12": 128.0, "Toponimo_Antiguo": "Heracleopolis Magna", "Toponimo_Moderno": "Ehnasya el Medina", "Provincia": "ARCADIA", "Pais": "Egipto", "Categoria": "Ciudad" }, "geometry": { "type": "Point", "coordinates": [ 30.845113437000066, 29.316199972000049, 0.0 ] } },
{ "type": "Feature", "properties": { "OBJECTID": 1220, "OBJECTID_1": 1223.0, "OBJECTID_12": 137.0, "Toponimo_Antiguo": "Letopolis", "Toponimo_Moderno": "Ausim", "Provincia": "ARCADIA", "Pais": "Egipto", "Categoria": "Ciudad" }, "geometry": { "type": "Point", "coordinates": [ 31.133982, 30.122346, 0.0 ] } },
{ "type": "Feature", "properties": { "OBJECTID": 1221, "OBJECTID_1": 1224.0, "OBJECTID_12": 139.0, "Toponimo_Antiguo": "Memphis", "Toponimo_Moderno": "Kom Rabia", "Provincia": "ARCADIA", "Pais": "Egipto", "Categoria": "Ciudad" }, "geometry": { "type": "Point", "coordinates": [ 31.255061, 29.849491, 0.0 ] } },
{ "type": "Feature", "properties": { "OBJECTID": 1222, "OBJECTID_1": 1225.0, "OBJECTID_12": 142.0, "Toponimo_Antiguo": "Nilopolis", "Toponimo_Moderno": "Medinet el Fayum", "Provincia": "ARCADIA", "Pais": "Egipto", "Categoria": "Ciudad" }, "geometry": { "type": "Point", "coordinates": [ 31.11923, 29.05101, 0.0 ] } },
{ "type": "Feature", "properties": { "OBJECTID": 1223, "OBJECTID_1": 1226.0, "OBJECTID_12": 144.0, "Toponimo_Antiguo": "Oxyrhynchus", "Toponimo_Moderno": "El Bahnasa", "Provincia": "ARCADIA", "Pais": "Egipto", "Categoria": "Capital Provincia" }, "geometry": { "type": "Point", "coordinates": [ 30.655336, 28.535969, 0.0 ] } },
{ "type": "Feature", "properties": { "OBJECTID": 1224, "OBJECTID_1": 1227.0, "OBJECTID_12": 1415.0, "Toponimo_Antiguo": "Aphroditopolis", "Toponimo_Moderno": "Heiwan", "Provincia": "ARCADIA", "Pais": "Egipto", "Categoria": "Ciudad" }, "geometry": { "type": "Point", "coordinates": [ 31.257358416000045, 29.621527163000053, 0.0 ] } },
{ "type": "Feature", "properties": { "OBJECTID": 1225, "OBJECTID_1": 1228.0, "OBJECTID_12": 1329.0, "Toponimo_Antiguo": "Jerusalem", "Toponimo_Moderno": "Jerusalem", "Provincia": "PALAESTINA I", "Pais": "Israel", "Categoria": "Ciudad" }, "geometry": { "type": "Point", "coordinates": [ 35.235357, 31.777766, 0.0 ] } },
{ "type": "Feature", "properties": { "OBJECTID": 1226, "OBJECTID_1": 1229.0, "OBJECTID_12": 1330.0, "Toponimo_Antiguo": "Agrippias", "Toponimo_Moderno": "Khirbet Tida", "Provincia": "PALAESTINA I", "Pais": "Israel", "Categoria": "Ciudad" }, "geometry": { "type": "Point", "coordinates": [ 34.47975, 31.536326, 0.0 ] } },
{ "type": "Feature", "properties": { "OBJECTID": 1227, "OBJECTID_1": 1230.0, "OBJECTID_12": 1331.0, "Toponimo_Antiguo": "Antipatris", "Toponimo_Moderno": "Tel Afek", "Provincia": "PALAESTINA I", "Pais": "Israel", "Categoria": "Ciudad" }, "geometry": { "type": "Point", "coordinates": [ 34.930447, 32.104897, 0.0 ] } },
{ "type": "Feature", "properties": { "OBJECTID": 1228, "OBJECTID_1": 1231.0, "OBJECTID_12": 1332.0, "Toponimo_Antiguo": "Apollonia", "Toponimo_Moderno": "Arsuf", "Provincia": "PALAESTINA I", "Pais": "Israel", "Categoria": "Ciudad" }, "geometry": { "type": "Point", "coordinates": [ 34.8068, 32.1952, 0.0 ] } },
{ "type": "Feature", "properties": { "OBJECTID": 1229, "OBJECTID_1": 1232.0, "OBJECTID_12": 1333.0, "Toponimo_Antiguo": "Ascalon", "Toponimo_Moderno": "Ashkelon", "Provincia": "PALAESTINA I", "Pais": "Israel", "Categoria": "Ciudad" }, "geometry": { "type": "Point", "coordinates": [ 34.556159, 31.669799, 0.0 ] } },
{ "type": "Feature", "properties": { "OBJECTID": 1230, "OBJECTID_1": 1233.0, "OBJECTID_12": 1334.0, "Toponimo_Antiguo": "Azotos", "Toponimo_Moderno": "Unknown", "Provincia": "PALAESTINA I", "Pais": "Israel", "Categoria": "Ciudad" }, "geometry": { "type": "Point", "coordinates": [ 34.622004, 31.783466, 0.0 ] } },
{ "type": "Feature", "properties": { "OBJECTID": 1231, "OBJECTID_1": 1234.0, "OBJECTID_12": 1335.0, "Toponimo_Antiguo": "Caesarea Maritima", "Toponimo_Moderno": "Caesarea Maritima", "Provincia": "PALAESTINA I", "Pais": "Israel", "Categoria": "Capital Provincia" }, "geometry": { "type": "Point", "coordinates": [ 34.892078, 32.500908, 0.0 ] } },
{ "type": "Feature", "properties": { "OBJECTID": 1232, "OBJECTID_1": 1235.0, "OBJECTID_12": 1336.0, "Toponimo_Antiguo": "Dora", "Toponimo_Moderno": "Khirbet el Burj", "Provincia": "PALAESTINA I", "Pais": "Israel", "Categoria": "Ciudad" }, "geometry": { "type": "Point", "coordinates": [ 34.922192, 32.616786, 0.0 ] } },
{ "type": "Feature", "properties": { "OBJECTID": 1233, "OBJECTID_1": 1236.0, "OBJECTID_12": 1337.0, "Toponimo_Antiguo": "Eleutheropolis", "Toponimo_Moderno": "Beit Jibrin", "Provincia": "PALAESTINA I", "Pais": "Israel", "Categoria": "Ciudad" }, "geometry": { "type": "Point", "coordinates": [ 34.893976, 31.617141, 0.0 ] } },
{ "type": "Feature", "properties": { "OBJECTID": 1234, "OBJECTID_1": 1237.0, "OBJECTID_12": 1338.0, "Toponimo_Antiguo": "Emmaus", "Toponimo_Moderno": "Amwas", "Provincia": "PALAESTINA I", "Pais": "Israel", "Categoria": "Ciudad" }, "geometry": { "type": "Point", "coordinates": [ 34.989503, 31.839201, 0.0 ] } },
{ "type": "Feature", "properties": { "OBJECTID": 1235, "OBJECTID_1": 1238.0, "OBJECTID_12": 1339.0, "Toponimo_Antiguo": "Gaza", "Toponimo_Moderno": "Gaza", "Provincia": "PALAESTINA I", "Pais": "Israel", "Categoria": "Ciudad" }, "geometry": { "type": "Point", "coordinates": [ 34.468099, 31.511559, 0.0 ] } },
{ "type": "Feature", "properties": { "OBJECTID": 1236, "OBJECTID_1": 1239.0, "OBJECTID_12": 1340.0, "Toponimo_Antiguo": "Lydda", "Toponimo_Moderno": "Lod", "Provincia": "PALAESTINA I", "Pais": "Israel", "Categoria": "Ciudad" }, "geometry": { "type": "Point", "coordinates": [ 34.892378, 31.958254, 0.0 ] } },
{ "type": "Feature", "properties": { "OBJECTID": 1237, "OBJECTID_1": 1240.0, "OBJECTID_12": 1341.0, "Toponimo_Antiguo": "Marissa", "Toponimo_Moderno": "Tell Sandahana", "Provincia": "PALAESTINA I", "Pais": "Israel", "Categoria": "Ciudad" }, "geometry": { "type": "Point", "coordinates": [ 34.898241, 31.592963, 0.0 ] } },
{ "type": "Feature", "properties": { "OBJECTID": 1238, "OBJECTID_1": 1241.0, "OBJECTID_12": 1342.0, "Toponimo_Antiguo": "Neapolis", "Toponimo_Moderno": "Nablus", "Provincia": "PALAESTINA I", "Pais": "Israel", "Categoria": "Ciudad" }, "geometry": { "type": "Point", "coordinates": [ 35.262911, 32.218685, 0.0 ] } },
{ "type": "Feature", "properties": { "OBJECTID": 1239, "OBJECTID_1": 1242.0, "OBJECTID_12": 1344.0, "Toponimo_Antiguo": "Phasaelis", "Toponimo_Moderno": "Khirbet Fasayil", "Provincia": "PALAESTINA I", "Pais": "Israel", "Categoria": "Ciudad" }, "geometry": { "type": "Point", "coordinates": [ 35.443361, 32.027514, 0.0 ] } },
{ "type": "Feature", "properties": { "OBJECTID": 1240, "OBJECTID_1": 1243.0, "OBJECTID_12": 1345.0, "Toponimo_Antiguo": "Samaria", "Toponimo_Moderno": "Sebastieh", "Provincia": "PALAESTINA I", "Pais": "Israel", "Categoria": "Ciudad" }, "geometry": { "type": "Point", "coordinates": [ 35.190436, 32.276529, 0.0 ] } },
{ "type": "Feature", "properties": { "OBJECTID": 1241, "OBJECTID_1": 1244.0, "OBJECTID_12": 1472.0, "Toponimo_Antiguo": "Raphia", "Toponimo_Moderno": "Rafah", "Provincia": "PALAESTINA I", "Pais": "Israel", "Categoria": "Ciudad" }, "geometry": { "type": "Point", "coordinates": [ 34.293009612000048, 31.342128642000034, 0.0 ] } },
{ "type": "Feature", "properties": { "OBJECTID": 1242, "OBJECTID_1": 1245.0, "OBJECTID_12": 1473.0, "Toponimo_Antiguo": "Efa", "Toponimo_Moderno": "Haifa", "Provincia": "PALAESTINA I", "Pais": "Israel", "Categoria": "Ciudad" }, "geometry": { "type": "Point", "coordinates": [ 34.969634306000046, 32.813949372000025, 0.0 ] } },
{ "type": "Feature", "properties": { "OBJECTID": 1243, "OBJECTID_1": 1246.0, "OBJECTID_12": 1474.0, "Toponimo_Antiguo": "Ioppe", "Toponimo_Moderno": "Jaffa", "Provincia": "PALAESTINA I", "Pais": "Israel", "Categoria": "Ciudad" }, "geometry": { "type": "Point", "coordinates": [ 34.752315969000051, 32.050794377000045, 0.0 ] } },
{ "type": "Feature", "properties": { "OBJECTID": 1244, "OBJECTID_1": 1247.0, "OBJECTID_12": 1216.0, "Toponimo_Antiguo": "Poetovio", "Toponimo_Moderno": "Ptuj", "Provincia": "SAVIA", "Pais": "Eslovenia", "Categoria": "Ciudad" }, "geometry": { "type": "Point", "coordinates": [ 15.869928, 46.419789, 0.0 ] } },
{ "type": "Feature", "properties": { "OBJECTID": 1245, "OBJECTID_1": 1248.0, "OBJECTID_12": 1255.0, "Toponimo_Antiguo": "Andautonia", "Toponimo_Moderno": "??itarjevo", "Provincia": "SAVIA", "Pais": "Croacia", "Categoria": "Ciudad" }, "geometry": { "type": "Point", "coordinates": [ 16.11724, 45.773624, 0.0 ] } },
{ "type": "Feature", "properties": { "OBJECTID": 1246, "OBJECTID_1": 1249.0, "OBJECTID_12": 1256.0, "Toponimo_Antiguo": "Aquae Balissae", "Toponimo_Moderno": "Daruvar", "Provincia": "SAVIA", "Pais": "Croacia", "Categoria": "Ciudad" }, "geometry": { "type": "Point", "coordinates": [ 17.224015, 45.593653, 0.0 ] } },
{ "type": "Feature", "properties": { "OBJECTID": 1247, "OBJECTID_1": 1250.0, "OBJECTID_12": 1261.0, "Toponimo_Antiguo": "Neviodunum", "Toponimo_Moderno": "Drnovo", "Provincia": "SAVIA", "Pais": "Eslovenia", "Categoria": "Ciudad" }, "geometry": { "type": "Point", "coordinates": [ 15.499078, 45.920942, 0.0 ] } },
{ "type": "Feature", "properties": { "OBJECTID": 1248, "OBJECTID_1": 1251.0, "OBJECTID_12": 1264.0, "Toponimo_Antiguo": "Siscia", "Toponimo_Moderno": "Sisak", "Provincia": "SAVIA", "Pais": "Croacia", "Categoria": "Capital Provincia" }, "geometry": { "type": "Point", "coordinates": [ 16.371391, 45.483168, 0.0 ] } },
{ "type": "Feature", "properties": { "OBJECTID": 1249, "OBJECTID_1": 1252.0, "OBJECTID_12": 1272.0, "Toponimo_Antiguo": "Acrae", "Toponimo_Moderno": "Palazzolo Acreide", "Provincia": "SICILIA", "Pais": "Italia", "Categoria": "Ciudad" }, "geometry": { "type": "Point", "coordinates": [ 14.894215, 37.057781, 0.0 ] } },
{ "type": "Feature", "properties": { "OBJECTID": 1250, "OBJECTID_1": 1253.0, "OBJECTID_12": 1273.0, "Toponimo_Antiguo": "Adranum", "Toponimo_Moderno": "Adrano", "Provincia": "SICILIA", "Pais": "Italia", "Categoria": "Ciudad" }, "geometry": { "type": "Point", "coordinates": [ 13.13773, 37.663228, 0.0 ] } },
{ "type": "Feature", "properties": { "OBJECTID": 1251, "OBJECTID_1": 1254.0, "OBJECTID_12": 1274.0, "Toponimo_Antiguo": "Agrigentum", "Toponimo_Moderno": "Agrigento", "Provincia": "SICILIA", "Pais": "Italia", "Categoria": "Ciudad" }, "geometry": { "type": "Point", "coordinates": [ 13.576956, 37.311188, 0.0 ] } },
{ "type": "Feature", "properties": { "OBJECTID": 1252, "OBJECTID_1": 1255.0, "OBJECTID_12": 1275.0, "Toponimo_Antiguo": "Agyrium", "Toponimo_Moderno": "S. Filippo d'Argirò", "Provincia": "SICILIA", "Pais": "Italia", "Categoria": "Ciudad" }, "geometry": { "type": "Point", "coordinates": [ 14.529547, 37.655226, 0.0 ] } },
{ "type": "Feature", "properties": { "OBJECTID": 1253, "OBJECTID_1": 1256.0, "OBJECTID_12": 1276.0, "Toponimo_Antiguo": "Apollonia", "Toponimo_Moderno": "S. Fratello", "Provincia": "SICILIA", "Pais": "Italia", "Categoria": "Ciudad" }, "geometry": { "type": "Point", "coordinates": [ 14.597457200000065, 38.012827400000049, 0.0 ] } },
{ "type": "Feature", "properties": { "OBJECTID": 1254, "OBJECTID_1": 1257.0, "OBJECTID_12": 1277.0, "Toponimo_Antiguo": "Camarina", "Toponimo_Moderno": "Camarina", "Provincia": "SICILIA", "Pais": "Italia", "Categoria": "Ciudad" }, "geometry": { "type": "Point", "coordinates": [ 14.447679, 36.872063, 0.0 ] } },
{ "type": "Feature", "properties": { "OBJECTID": 1255, "OBJECTID_1": 1258.0, "OBJECTID_12": 1278.0, "Toponimo_Antiguo": "Catania", "Toponimo_Moderno": "Catania", "Provincia": "SICILIA", "Pais": "Italia", "Categoria": "Ciudad" }, "geometry": { "type": "Point", "coordinates": [ 15.087834, 37.502482, 0.0 ] } },
{ "type": "Feature", "properties": { "OBJECTID": 1256, "OBJECTID_1": 1259.0, "OBJECTID_12": 1279.0, "Toponimo_Antiguo": "Centuripae", "Toponimo_Moderno": "Centuripe", "Provincia": "SICILIA", "Pais": "Italia", "Categoria": "Ciudad" }, "geometry": { "type": "Point", "coordinates": [ 14.740133, 37.624023, 0.0 ] } },
{ "type": "Feature", "properties": { "OBJECTID": 1257, "OBJECTID_1": 1260.0, "OBJECTID_12": 1280.0, "Toponimo_Antiguo": "Drepanum", "Toponimo_Moderno": "Trapani", "Provincia": "SICILIA", "Pais": "Italia", "Categoria": "Ciudad" }, "geometry": { "type": "Point", "coordinates": [ 12.512684, 38.015537, 0.0 ] } },
{ "type": "Feature", "properties": { "OBJECTID": 1258, "OBJECTID_1": 1261.0, "OBJECTID_12": 1281.0, "Toponimo_Antiguo": "Enna", "Toponimo_Moderno": "Enna", "Provincia": "SICILIA", "Pais": "Italia", "Categoria": "Ciudad" }, "geometry": { "type": "Point", "coordinates": [ 14.279706, 37.567595, 0.0 ] } },
{ "type": "Feature", "properties": { "OBJECTID": 1259, "OBJECTID_1": 1262.0, "OBJECTID_12": 1282.0, "Toponimo_Antiguo": "Eryx", "Toponimo_Moderno": "Erice", "Provincia": "SICILIA", "Pais": "Italia", "Categoria": "Ciudad" }, "geometry": { "type": "Point", "coordinates": [ 12.586389, 38.036944, 0.0 ] } },
{ "type": "Feature", "properties": { "OBJECTID": 1260, "OBJECTID_1": 1263.0, "OBJECTID_12": 1283.0, "Toponimo_Antiguo": "Halaesa", "Toponimo_Moderno": "Unknown", "Provincia": "SICILIA", "Pais": "Italia", "Categoria": "Ciudad" }, "geometry": { "type": "Point", "coordinates": [ 14.233333, 37.983333, 0.0 ] } },
{ "type": "Feature", "properties": { "OBJECTID": 1261, "OBJECTID_1": 1264.0, "OBJECTID_12": 1284.0, "Toponimo_Antiguo": "Haluntium", "Toponimo_Moderno": "S. Marco di Alunzio", "Provincia": "SICILIA", "Pais": "Italia", "Categoria": "Ciudad" }, "geometry": { "type": "Point", "coordinates": [ 14.700431, 38.071846, 0.0 ] } },
{ "type": "Feature", "properties": { "OBJECTID": 1262, "OBJECTID_1": 1265.0, "OBJECTID_12": 1285.0, "Toponimo_Antiguo": "Helorus", "Toponimo_Moderno": "Eloro", "Provincia": "SICILIA", "Pais": "Italia", "Categoria": "Ciudad" }, "geometry": { "type": "Point", "coordinates": [ 15.109444, 36.842222, 0.0 ] } },
{ "type": "Feature", "properties": { "OBJECTID": 1263, "OBJECTID_1": 1266.0, "OBJECTID_12": 1286.0, "Toponimo_Antiguo": "Heraclea", "Toponimo_Moderno": "Eraclea", "Provincia": "SICILIA", "Pais": "Italia", "Categoria": "Ciudad" }, "geometry": { "type": "Point", "coordinates": [ 13.290876, 37.394824, 0.0 ] } },
{ "type": "Feature", "properties": { "OBJECTID": 1264, "OBJECTID_1": 1267.0, "OBJECTID_12": 1287.0, "Toponimo_Antiguo": "Himera", "Toponimo_Moderno": "Termini Imerese", "Provincia": "SICILIA", "Pais": "Italia", "Categoria": "Ciudad" }, "geometry": { "type": "Point", "coordinates": [ 13.696264, 37.983949, 0.0 ] } },
{ "type": "Feature", "properties": { "OBJECTID": 1265, "OBJECTID_1": 1268.0, "OBJECTID_12": 1288.0, "Toponimo_Antiguo": "Leontini", "Toponimo_Moderno": "Lentini", "Provincia": "SICILIA", "Pais": "Italia", "Categoria": "Ciudad" }, "geometry": { "type": "Point", "coordinates": [ 15.000592, 37.286523, 0.0 ] } },
{ "type": "Feature", "properties": { "OBJECTID": 1266, "OBJECTID_1": 1269.0, "OBJECTID_12": 1289.0, "Toponimo_Antiguo": "Lilybaeum", "Toponimo_Moderno": "Marsala", "Provincia": "SICILIA", "Pais": "Italia", "Categoria": "Ciudad" }, "geometry": { "type": "Point", "coordinates": [ 12.434233, 37.799084, 0.0 ] } },
{ "type": "Feature", "properties": { "OBJECTID": 1267, "OBJECTID_1": 1270.0, "OBJECTID_12": 1290.0, "Toponimo_Antiguo": "Lipara", "Toponimo_Moderno": "Lipari", "Provincia": "SICILIA", "Pais": "Italia", "Categoria": "Ciudad" }, "geometry": { "type": "Point", "coordinates": [ 14.954018, 38.467383, 0.0 ] } },
{ "type": "Feature", "properties": { "OBJECTID": 1268, "OBJECTID_1": 1271.0, "OBJECTID_12": 1291.0, "Toponimo_Antiguo": "Melita", "Toponimo_Moderno": "Medina", "Provincia": "SICILIA", "Pais": "Malta", "Categoria": "Ciudad" }, "geometry": { "type": "Point", "coordinates": [ 14.402948, 35.885912, 0.0 ] } },
{ "type": "Feature", "properties": { "OBJECTID": 1269, "OBJECTID_1": 1272.0, "OBJECTID_12": 1292.0, "Toponimo_Antiguo": "Messana", "Toponimo_Moderno": "Messina", "Provincia": "SICILIA", "Pais": "Italia", "Categoria": "Ciudad" }, "geometry": { "type": "Point", "coordinates": [ 15.555523, 38.192332, 0.0 ] } },
{ "type": "Feature", "properties": { "OBJECTID": 1270, "OBJECTID_1": 1273.0, "OBJECTID_12": 1293.0, "Toponimo_Antiguo": "Morgantina", "Toponimo_Moderno": "Serra Orlando", "Provincia": "SICILIA", "Pais": "Italia", "Categoria": "Ciudad" }, "geometry": { "type": "Point", "coordinates": [ 14.479254, 37.431064, 0.0 ] } },
{ "type": "Feature", "properties": { "OBJECTID": 1271, "OBJECTID_1": 1274.0, "OBJECTID_12": 1294.0, "Toponimo_Antiguo": "Mylae", "Toponimo_Moderno": "Milazzo", "Provincia": "SICILIA", "Pais": "Italia", "Categoria": "Ciudad" }, "geometry": { "type": "Point", "coordinates": [ 15.233333, 38.216667, 0.0 ] } },
{ "type": "Feature", "properties": { "OBJECTID": 1272, "OBJECTID_1": 1275.0, "OBJECTID_12": 1295.0, "Toponimo_Antiguo": "Netum", "Toponimo_Moderno": "Noto Vecchio", "Provincia": "SICILIA", "Pais": "Italia", "Categoria": "Ciudad" }, "geometry": { "type": "Point", "coordinates": [ 15.071001, 36.891741, 0.0 ] } },
{ "type": "Feature", "properties": { "OBJECTID": 1273, "OBJECTID_1": 1276.0, "OBJECTID_12": 1296.0, "Toponimo_Antiguo": "Panormus", "Toponimo_Moderno": "Palermo", "Provincia": "SICILIA", "Pais": "Italia", "Categoria": "Ciudad" }, "geometry": { "type": "Point", "coordinates": [ 13.361376, 38.115619, 0.0 ] } },
{ "type": "Feature", "properties": { "OBJECTID": 1274, "OBJECTID_1": 1277.0, "OBJECTID_12": 1297.0, "Toponimo_Antiguo": "Phintias", "Toponimo_Moderno": "Licata", "Provincia": "SICILIA", "Pais": "Italia", "Categoria": "Ciudad" }, "geometry": { "type": "Point", "coordinates": [ 13.937781, 37.101414, 0.0 ] } },
{ "type": "Feature", "properties": { "OBJECTID": 1275, "OBJECTID_1": 1278.0, "OBJECTID_12": 1298.0, "Toponimo_Antiguo": "Segesta", "Toponimo_Moderno": "Segesta", "Provincia": "SICILIA", "Pais": "Italia", "Categoria": "Ciudad" }, "geometry": { "type": "Point", "coordinates": [ 12.832376, 37.941352, 0.0 ] } },
{ "type": "Feature", "properties": { "OBJECTID": 1276, "OBJECTID_1": 1279.0, "OBJECTID_12": 1299.0, "Toponimo_Antiguo": "Soluntum", "Toponimo_Moderno": "Soluntum", "Provincia": "SICILIA", "Pais": "Italia", "Categoria": "Ciudad" }, "geometry": { "type": "Point", "coordinates": [ 13.531739, 38.092662, 0.0 ] } },
{ "type": "Feature", "properties": { "OBJECTID": 1277, "OBJECTID_1": 1280.0, "OBJECTID_12": 1300.0, "Toponimo_Antiguo": "Syracusae", "Toponimo_Moderno": "Syracuse", "Provincia": "SICILIA", "Pais": "Italia", "Categoria": "Capital Provincia" }, "geometry": { "type": "Point", "coordinates": [ 15.28444, 37.066484, 0.0 ] } },
{ "type": "Feature", "properties": { "OBJECTID": 1278, "OBJECTID_1": 1281.0, "OBJECTID_12": 1301.0, "Toponimo_Antiguo": "Tauromenium", "Toponimo_Moderno": "Taormina", "Provincia": "SICILIA", "Pais": "Italia", "Categoria": "Ciudad" }, "geometry": { "type": "Point", "coordinates": [ 15.287916, 37.853066, 0.0 ] } },
{ "type": "Feature", "properties": { "OBJECTID": 1279, "OBJECTID_1": 1282.0, "OBJECTID_12": 1302.0, "Toponimo_Antiguo": "Tyndaris", "Toponimo_Moderno": "Tindari", "Provincia": "SICILIA", "Pais": "Italia", "Categoria": "Ciudad" }, "geometry": { "type": "Point", "coordinates": [ 15.03996, 38.145393, 0.0 ] } },
{ "type": "Feature", "properties": { "OBJECTID": 1280, "OBJECTID_1": 1283.0, "OBJECTID_12": 18.0, "Toponimo_Antiguo": "Carthaea", "Toponimo_Moderno": "Unknown", "Provincia": "INSULAE", "Pais": "Grecia", "Categoria": "Ciudad" }, "geometry": { "type": "Point", "coordinates": [ 24.314228, 37.542346, 0.0 ] } },
{ "type": "Feature", "properties": { "OBJECTID": 1281, "OBJECTID_1": 1284.0, "OBJECTID_12": 28.0, "Toponimo_Antiguo": "Delos", "Toponimo_Moderno": "Delos", "Provincia": "INSULAE", "Pais": "Grecia", "Categoria": "Ciudad" }, "geometry": { "type": "Point", "coordinates": [ 25.267249, 37.398611, 0.0 ] } },
{ "type": "Feature", "properties": { "OBJECTID": 1282, "OBJECTID_1": 1285.0, "OBJECTID_12": 47.0, "Toponimo_Antiguo": "Ioulis", "Toponimo_Moderno": "Unknown", "Provincia": "INSULAE", "Pais": "Grecia", "Categoria": "Ciudad" }, "geometry": { "type": "Point", "coordinates": [ 24.34625, 37.633122, 0.0 ] } },
{ "type": "Feature", "properties": { "OBJECTID": 1283, "OBJECTID_1": 1286.0, "OBJECTID_12": 58.0, "Toponimo_Antiguo": "Melos", "Toponimo_Moderno": "Unknown", "Provincia": "INSULAE", "Pais": "Grecia", "Categoria": "Ciudad" }, "geometry": { "type": "Point", "coordinates": [ 24.420716, 36.733024, 0.0 ] } },
{ "type": "Feature", "properties": { "OBJECTID": 1284, "OBJECTID_1": 1287.0, "OBJECTID_12": 62.0, "Toponimo_Antiguo": "Naxus", "Toponimo_Moderno": "Kastro", "Provincia": "INSULAE", "Pais": "Grecia", "Categoria": "Ciudad" }, "geometry": { "type": "Point", "coordinates": [ 25.519984, 36.995779, 0.0 ] } },
{ "type": "Feature", "properties": { "OBJECTID": 1285, "OBJECTID_1": 1288.0, "OBJECTID_12": 74.0, "Toponimo_Antiguo": "Paros", "Toponimo_Moderno": "Paroikia", "Provincia": "INSULAE", "Pais": "Grecia", "Categoria": "Ciudad" }, "geometry": { "type": "Point", "coordinates": [ 25.146409, 37.076431, 0.0 ] } },
{ "type": "Feature", "properties": { "OBJECTID": 1286, "OBJECTID_1": 1289.0, "OBJECTID_12": 257.0, "Toponimo_Antiguo": "Astypalaea", "Toponimo_Moderno": "Chora", "Provincia": "INSULAE", "Pais": "Grecia", "Categoria": "Ciudad" }, "geometry": { "type": "Point", "coordinates": [ 26.350463, 36.544912, 0.0 ] } },
{ "type": "Feature", "properties": { "OBJECTID": 1287, "OBJECTID_1": 1290.0, "OBJECTID_12": 269.0, "Toponimo_Antiguo": "Cos", "Toponimo_Moderno": "Kos", "Provincia": "INSULAE", "Pais": "Grecia", "Categoria": "Ciudad" }, "geometry": { "type": "Point", "coordinates": [ 27.286884, 36.889308, 0.0 ] } },
{ "type": "Feature", "properties": { "OBJECTID": 1288, "OBJECTID_1": 1291.0, "OBJECTID_12": 292.0, "Toponimo_Antiguo": "Lindus", "Toponimo_Moderno": "Lindos", "Provincia": "INSULAE", "Pais": "Grecia", "Categoria": "Ciudad" }, "geometry": { "type": "Point", "coordinates": [ 28.08776, 36.091362, 0.0 ] } },
{ "type": "Feature", "properties": { "OBJECTID": 1289, "OBJECTID_1": 1292.0, "OBJECTID_12": 295.0, "Toponimo_Antiguo": "Methymna", "Toponimo_Moderno": "Mithymna", "Provincia": "INSULAE", "Pais": "Grecia", "Categoria": "Ciudad" }, "geometry": { "type": "Point", "coordinates": [ 26.176097, 39.36722, 0.0 ] } },
{ "type": "Feature", "properties": { "OBJECTID": 1290, "OBJECTID_1": 1293.0, "OBJECTID_12": 301.0, "Toponimo_Antiguo": "Mytilene", "Toponimo_Moderno": "Mytilini", "Provincia": "INSULAE", "Pais": "Grecia", "Categoria": "Ciudad" }, "geometry": { "type": "Point", "coordinates": [ 26.555374, 39.107893, 0.0 ] } },
{ "type": "Feature", "properties": { "OBJECTID": 1291, "OBJECTID_1": 1294.0, "OBJECTID_12": 308.0, "Toponimo_Antiguo": "Rhodus", "Toponimo_Moderno": "Rhodes", "Provincia": "INSULAE", "Pais": "Grecia", "Categoria": "Capital Provincia" }, "geometry": { "type": "Point", "coordinates": [ 28.227007, 36.443235, 0.0 ] } },
{ "type": "Feature", "properties": { "OBJECTID": 1292, "OBJECTID_1": 1295.0, "OBJECTID_12": 310.0, "Toponimo_Antiguo": "Samos", "Toponimo_Moderno": "Tigani", "Provincia": "INSULAE", "Pais": "Grecia", "Categoria": "Ciudad" }, "geometry": { "type": "Point", "coordinates": [ 26.94006, 37.691522, 0.0 ] } },
{ "type": "Feature", "properties": { "OBJECTID": 1293, "OBJECTID_1": 1296.0, "OBJECTID_12": 1412.0, "Toponimo_Antiguo": "Chius", "Toponimo_Moderno": "Xioc", "Provincia": "INSULAE", "Pais": "Grecia", "Categoria": "Ciudad" }, "geometry": { "type": "Point", "coordinates": [ 26.123631166000052, 38.34202952000004, 0.0 ] } },
{ "type": "Feature", "properties": { "OBJECTID": 1294, "OBJECTID_1": 1297.0, "OBJECTID_12": 473.0, "Toponimo_Antiguo": "Aptera", "Toponimo_Moderno": "Palaiokastro, near Megala Choraphia", "Provincia": "CRETA", "Pais": "Grecia", "Categoria": "Ciudad" }, "geometry": { "type": "Point", "coordinates": [ 24.142, 35.4629, 0.0 ] } },
{ "type": "Feature", "properties": { "OBJECTID": 1295, "OBJECTID_1": 1298.0, "OBJECTID_12": 476.0, "Toponimo_Antiguo": "Chersonesus", "Toponimo_Moderno": "Limani Khersonesou", "Provincia": "CRETA", "Pais": "Grecia", "Categoria": "Ciudad" }, "geometry": { "type": "Point", "coordinates": [ 25.388567, 35.319165, 0.0 ] } },
{ "type": "Feature", "properties": { "OBJECTID": 1296, "OBJECTID_1": 1299.0, "OBJECTID_12": 477.0, "Toponimo_Antiguo": "Cisamus", "Toponimo_Moderno": "Kastelli Kisamou", "Provincia": "CRETA", "Pais": "Grecia", "Categoria": "Ciudad" }, "geometry": { "type": "Point", "coordinates": [ 23.660727, 35.495307, 0.0 ] } },
{ "type": "Feature", "properties": { "OBJECTID": 1297, "OBJECTID_1": 1300.0, "OBJECTID_12": 478.0, "Toponimo_Antiguo": "Cnossus", "Toponimo_Moderno": "Knossos", "Provincia": "CRETA", "Pais": "Grecia", "Categoria": "Ciudad" }, "geometry": { "type": "Point", "coordinates": [ 25.160724, 35.298843, 0.0 ] } },
{ "type": "Feature", "properties": { "OBJECTID": 1298, "OBJECTID_1": 1301.0, "OBJECTID_12": 479.0, "Toponimo_Antiguo": "Cydonea", "Toponimo_Moderno": "Khania", "Provincia": "CRETA", "Pais": "Grecia", "Categoria": "Ciudad" }, "geometry": { "type": "Point", "coordinates": [ 24.01869, 35.515775, 0.0 ] } },
{ "type": "Feature", "properties": { "OBJECTID": 1299, "OBJECTID_1": 1302.0, "OBJECTID_12": 481.0, "Toponimo_Antiguo": "Gortyna", "Toponimo_Moderno": "Kainourgiou", "Provincia": "CRETA", "Pais": "Grecia", "Categoria": "Capital Provincia" }, "geometry": { "type": "Point", "coordinates": [ 24.946944, 35.06272, 0.0 ] } },
{ "type": "Feature", "properties": { "OBJECTID": 1300, "OBJECTID_1": 1303.0, "OBJECTID_12": 483.0, "Toponimo_Antiguo": "Hierapytna", "Toponimo_Moderno": "Ierapetra", "Provincia": "CRETA", "Pais": "Grecia", "Categoria": "Ciudad" }, "geometry": { "type": "Point", "coordinates": [ 25.736874, 35.008189, 0.0 ] } },
{ "type": "Feature", "properties": { "OBJECTID": 1301, "OBJECTID_1": 1304.0, "OBJECTID_12": 484.0, "Toponimo_Antiguo": "Lyctus", "Toponimo_Moderno": "Xydas", "Provincia": "CRETA", "Pais": "Grecia", "Categoria": "Ciudad" }, "geometry": { "type": "Point", "coordinates": [ 25.359346, 35.204721, 0.0 ] } },
{ "type": "Feature", "properties": { "OBJECTID": 1302, "OBJECTID_1": 1305.0, "OBJECTID_12": 485.0, "Toponimo_Antiguo": "Phalasarna", "Toponimo_Moderno": "Cape Kutri", "Provincia": "CRETA", "Pais": "Grecia", "Categoria": "Ciudad" }, "geometry": { "type": "Point", "coordinates": [ 23.580407, 35.501003, 0.0 ] } },
{ "type": "Feature", "properties": { "OBJECTID": 1303, "OBJECTID_1": 1306.0, "OBJECTID_12": 486.0, "Toponimo_Antiguo": "Polyrrhenium", "Toponimo_Moderno": "Polyrrhinia", "Provincia": "CRETA", "Pais": "Grecia", "Categoria": "Ciudad" }, "geometry": { "type": "Point", "coordinates": [ 23.657098, 35.466785, 0.0 ] } },
{ "type": "Feature", "properties": { "OBJECTID": 1304, "OBJECTID_1": 1307.0, "OBJECTID_12": 488.0, "Toponimo_Antiguo": "Rhithymna", "Toponimo_Moderno": "Rhethymno", "Provincia": "CRETA", "Pais": "Grecia", "Categoria": "Ciudad" }, "geometry": { "type": "Point", "coordinates": [ 24.472901, 35.371092, 0.0 ] } },
{ "type": "Feature", "properties": { "OBJECTID": 1305, "OBJECTID_1": 1308.0, "OBJECTID_12": 585.0, "Toponimo_Antiguo": "Senones", "Toponimo_Moderno": "Sens", "Provincia": "LUGDUNENSIS IV", "Pais": "Francia", "Categoria": "Capital Provincia" }, "geometry": { "type": "Point", "coordinates": [ 3.287659, 48.24754, 0.0 ] } },
{ "type": "Feature", "properties": { "OBJECTID": 1306, "OBJECTID_1": 1309.0, "OBJECTID_12": 589.0, "Toponimo_Antiguo": "Augustobona", "Toponimo_Moderno": "Troyes", "Provincia": "LUGDUNENSIS IV", "Pais": "Francia", "Categoria": "Ciudad" }, "geometry": { "type": "Point", "coordinates": [ 4.074806, 48.297473, 0.0 ] } },
{ "type": "Feature", "properties": { "OBJECTID": 1307, "OBJECTID_1": 1310.0, "OBJECTID_12": 596.0, "Toponimo_Antiguo": "Aurelianum", "Toponimo_Moderno": "Orléans", "Provincia": "LUGDUNENSIS IV", "Pais": "Francia", "Categoria": "Ciudad" }, "geometry": { "type": "Point", "coordinates": [ 1.903976, 47.901387, 0.0 ] } },
{ "type": "Feature", "properties": { "OBJECTID": 1308, "OBJECTID_1": 1311.0, "OBJECTID_12": 603.0, "Toponimo_Antiguo": "Iatinum", "Toponimo_Moderno": "Meaux", "Provincia": "LUGDUNENSIS IV", "Pais": "Francia", "Categoria": "Ciudad" }, "geometry": { "type": "Point", "coordinates": [ 2.888333, 48.960278, 0.0 ] } },
{ "type": "Feature", "properties": { "OBJECTID": 1309, "OBJECTID_1": 1312.0, "OBJECTID_12": 609.0, "Toponimo_Antiguo": "Lutetia", "Toponimo_Moderno": "Paris", "Provincia": "LUGDUNENSIS IV", "Pais": "Francia", "Categoria": "Ciudad" }, "geometry": { "type": "Point", "coordinates": [ 2.351107, 48.856515, 0.0 ] } },
{ "type": "Feature", "properties": { "OBJECTID": 1310, "OBJECTID_1": 1313.0, "OBJECTID_12": 662.0, "Toponimo_Antiguo": "Vertillum", "Toponimo_Moderno": "Vertault", "Provincia": "LUGDUNENSIS IV", "Pais": "Francia", "Categoria": "Ciudad" }, "geometry": { "type": "Point", "coordinates": [ 4.352002, 47.917449, 0.0 ] } },
{ "type": "Feature", "properties": { "OBJECTID": 1311, "OBJECTID_1": 1314.0, "OBJECTID_12": 1018.0, "Toponimo_Antiguo": "Industria", "Toponimo_Moderno": "Monteu da Po", "Provincia": "LIGURIA", "Pais": "Italia", "Categoria": "Ciudad" }, "geometry": { "type": "Point", "coordinates": [ 8.018086, 45.151641, 0.0 ] } },
{ "type": "Feature", "properties": { "OBJECTID": 1312, "OBJECTID_1": 1315.0, "OBJECTID_12": 1022.0, "Toponimo_Antiguo": "Valentia", "Toponimo_Moderno": "Villa del Foro", "Provincia": "LIGURIA", "Pais": "Italia", "Categoria": "Ciudad" }, "geometry": { "type": "Point", "coordinates": [ 8.645107, 45.014107, 0.0 ] } },
{ "type": "Feature", "properties": { "OBJECTID": 1313, "OBJECTID_1": 1316.0, "OBJECTID_12": 1023.0, "Toponimo_Antiguo": "Vardagate", "Toponimo_Moderno": "Castel Monferrato", "Provincia": "LIGURIA", "Pais": "Italia", "Categoria": "Ciudad" }, "geometry": { "type": "Point", "coordinates": [ 8.450886, 45.137156, 0.0 ] } },
{ "type": "Feature", "properties": { "OBJECTID": 1314, "OBJECTID_1": 1317.0, "OBJECTID_12": 1051.0, "Toponimo_Antiguo": "Comum", "Toponimo_Moderno": "Como", "Provincia": "LIGURIA", "Pais": "Italia", "Categoria": "Ciudad" }, "geometry": { "type": "Point", "coordinates": [ 9.082065, 45.81011, 0.0 ] } },
{ "type": "Feature", "properties": { "OBJECTID": 1315, "OBJECTID_1": 1318.0, "OBJECTID_12": 1052.0, "Toponimo_Antiguo": "Eporedia", "Toponimo_Moderno": "Ivrea", "Provincia": "LIGURIA", "Pais": "Italia", "Categoria": "Ciudad" }, "geometry": { "type": "Point", "coordinates": [ 7.87595, 45.4666, 0.0 ] } },
{ "type": "Feature", "properties": { "OBJECTID": 1316, "OBJECTID_1": 1319.0, "OBJECTID_12": 1053.0, "Toponimo_Antiguo": "Laumellum", "Toponimo_Moderno": "Lomello", "Provincia": "LIGURIA", "Pais": "Italia", "Categoria": "Ciudad" }, "geometry": { "type": "Point", "coordinates": [ 8.79735, 45.122042, 0.0 ] } },
{ "type": "Feature", "properties": { "OBJECTID": 1317, "OBJECTID_1": 1320.0, "OBJECTID_12": 1054.0, "Toponimo_Antiguo": "Laus Pompeia", "Toponimo_Moderno": "Unknown", "Provincia": "LIGURIA", "Pais": "Italia", "Categoria": "Ciudad" }, "geometry": { "type": "Point", "coordinates": [ 9.418777, 45.303456, 0.0 ] } },
{ "type": "Feature", "properties": { "OBJECTID": 1318, "OBJECTID_1": 1321.0, "OBJECTID_12": 1055.0, "Toponimo_Antiguo": "Mediolanum", "Toponimo_Moderno": "Milan", "Provincia": "LIGURIA", "Pais": "Italia", "Categoria": "Capital Tetrarquia" }, "geometry": { "type": "Point", "coordinates": [ 9.188141, 45.463689, 0.0 ] } },
{ "type": "Feature", "properties": { "OBJECTID": 1319, "OBJECTID_1": 1322.0, "OBJECTID_12": 1056.0, "Toponimo_Antiguo": "Novaria", "Toponimo_Moderno": "Novara", "Provincia": "LIGURIA", "Pais": "Italia", "Categoria": "Ciudad" }, "geometry": { "type": "Point", "coordinates": [ 8.621834, 45.446198, 0.0 ] } },
{ "type": "Feature", "properties": { "OBJECTID": 1320, "OBJECTID_1": 1323.0, "OBJECTID_12": 1057.0, "Toponimo_Antiguo": "Ticinum", "Toponimo_Moderno": "Pavia", "Provincia": "LIGURIA", "Pais": "Italia", "Categoria": "Ciudad" }, "geometry": { "type": "Point", "coordinates": [ 9.155164, 45.184912, 0.0 ] } },
{ "type": "Feature", "properties": { "OBJECTID": 1321, "OBJECTID_1": 1324.0, "OBJECTID_12": 1058.0, "Toponimo_Antiguo": "Vercellae", "Toponimo_Moderno": "Vercelli", "Provincia": "LIGURIA", "Pais": "Italia", "Categoria": "Ciudad" }, "geometry": { "type": "Point", "coordinates": [ 8.422795, 45.325287, 0.0 ] } },
{ "type": "Feature", "properties": { "OBJECTID": 1322, "OBJECTID_1": 1325.0, "OBJECTID_12": 1138.0, "Toponimo_Antiguo": "Lychnidus", "Toponimo_Moderno": "Ochrid", "Provincia": "MACEDONIA II SALUTARIS", "Pais": "Macedonia", "Categoria": "Ciudad" }, "geometry": { "type": "Point", "coordinates": [ 20.793964, 41.114676, 0.0 ] } },
{ "type": "Feature", "properties": { "OBJECTID": 1323, "OBJECTID_1": 1326.0, "OBJECTID_12": 1142.0, "Toponimo_Antiguo": "Stobi", "Toponimo_Moderno": "Stobi", "Provincia": "MACEDONIA II SALUTARIS", "Pais": "Macedonia", "Categoria": "Capital Provincia" }, "geometry": { "type": "Point", "coordinates": [ 21.974974, 41.552591, 0.0 ] } },
{ "type": "Feature", "properties": { "OBJECTID": 1324, "OBJECTID_1": 1327.0, "OBJECTID_12": 1488.0, "Toponimo_Antiguo": "Martyropolis", "Toponimo_Moderno": "Silvan", "Provincia": "SATRAPIAE", "Pais": "Turquia", "Categoria": "Ciudad" }, "geometry": { "type": "Point", "coordinates": [ 41.004093425000065, 38.147746640000037, 0.0 ] } },
{ "type": "Feature", "properties": { "OBJECTID": 1325, "OBJECTID_1": 1328.0, "OBJECTID_12": 1489.0, "Toponimo_Antiguo": "Arsamosata", "Toponimo_Moderno": "Near Elazig", "Provincia": "SATRAPIAE", "Pais": "Turquia", "Categoria": "Capital Provincia" }, "geometry": { "type": "Point", "coordinates": [ 39.532080748000055, 38.609923364000053, 0.0 ] } },
{ "type": "Feature", "properties": { "OBJECTID": 1326, "OBJECTID_1": 1329.0, "OBJECTID_12": 1269.0, "Toponimo_Antiguo": "Brigantium", "Toponimo_Moderno": "Bregenz", "Provincia": "RAETIA I", "Pais": "Austria", "Categoria": "Ciudad" }, "geometry": { "type": "Point", "coordinates": [ 9.747061, 47.503042, 0.0 ] } },
{ "type": "Feature", "properties": { "OBJECTID": 1327, "OBJECTID_1": 1330.0, "OBJECTID_12": 1271.0, "Toponimo_Antiguo": "Curia", "Toponimo_Moderno": "Chur", "Provincia": "RAETIA I", "Pais": "Suiza", "Categoria": "Capital Provincia" }, "geometry": { "type": "Point", "coordinates": [ 9.530735, 46.849437, 0.0 ] } },
{ "type": "Feature", "properties": { "OBJECTID": 1328, "OBJECTID_1": 1331.0, "OBJECTID_12": 1447.0, "Toponimo_Antiguo": "Clunia", "Toponimo_Moderno": "Ranweil", "Provincia": "RAETIA I", "Pais": "Austria", "Categoria": "Ciudad" }, "geometry": { "type": "Point", "coordinates": [ 9.609114117000047, 47.265769025000054, 0.0 ] } },
{ "type": "Feature", "properties": { "OBJECTID": 1329, "OBJECTID_1": 1332.0, "OBJECTID_12": 770.0, "Toponimo_Antiguo": "Nuceria Alfaterna", "Toponimo_Moderno": "Nocera Superiore", "Provincia": "LUCANIA ET BRUTTII", "Pais": "Italia", "Categoria": "Ciudad" }, "geometry": { "type": "Point", "coordinates": [ 14.673929, 40.743128, 0.0 ] } },
{ "type": "Feature", "properties": { "OBJECTID": 1330, "OBJECTID_1": 1333.0, "OBJECTID_12": 772.0, "Toponimo_Antiguo": "Picentia", "Toponimo_Moderno": "Pontecagnano", "Provincia": "LUCANIA ET BRUTTII", "Pais": "Italia", "Categoria": "Ciudad" }, "geometry": { "type": "Point", "coordinates": [ 14.876851, 40.644112, 0.0 ] } },
{ "type": "Feature", "properties": { "OBJECTID": 1331, "OBJECTID_1": 1334.0, "OBJECTID_12": 778.0, "Toponimo_Antiguo": "Salernum", "Toponimo_Moderno": "Salerno", "Provincia": "LUCANIA ET BRUTTII", "Pais": "Italia", "Categoria": "Ciudad" }, "geometry": { "type": "Point", "coordinates": [ 14.759886, 40.679087, 0.0 ] } },
{ "type": "Feature", "properties": { "OBJECTID": 1332, "OBJECTID_1": 1335.0, "OBJECTID_12": 786.0, "Toponimo_Antiguo": "Surrentum", "Toponimo_Moderno": "Sorrento", "Provincia": "LUCANIA ET BRUTTII", "Pais": "Italia", "Categoria": "Ciudad" }, "geometry": { "type": "Point", "coordinates": [ 14.375738, 40.626321, 0.0 ] } },
{ "type": "Feature", "properties": { "OBJECTID": 1333, "OBJECTID_1": 1336.0, "OBJECTID_12": 810.0, "Toponimo_Antiguo": "Compsa", "Toponimo_Moderno": "Conza della Campania", "Provincia": "LUCANIA ET BRUTTII", "Pais": "Italia", "Categoria": "Ciudad" }, "geometry": { "type": "Point", "coordinates": [ 15.333614, 40.866953, 0.0 ] } },
{ "type": "Feature", "properties": { "OBJECTID": 1334, "OBJECTID_1": 1337.0, "OBJECTID_12": 832.0, "Toponimo_Antiguo": "Aprustum", "Toponimo_Moderno": "Argusto", "Provincia": "LUCANIA ET BRUTTII", "Pais": "Italia", "Categoria": "Ciudad" }, "geometry": { "type": "Point", "coordinates": [ 16.915692, 39.147636, 0.0 ] } },
{ "type": "Feature", "properties": { "OBJECTID": 1335, "OBJECTID_1": 1338.0, "OBJECTID_12": 834.0, "Toponimo_Antiguo": "Buxentum", "Toponimo_Moderno": "Policastro Bussentino", "Provincia": "LUCANIA ET BRUTTII", "Pais": "Italia", "Categoria": "Ciudad" }, "geometry": { "type": "Point", "coordinates": [ 15.511196, 40.07015, 0.0 ] } },
{ "type": "Feature", "properties": { "OBJECTID": 1336, "OBJECTID_1": 1339.0, "OBJECTID_12": 835.0, "Toponimo_Antiguo": "Consentia", "Toponimo_Moderno": "Consenza", "Provincia": "LUCANIA ET BRUTTII", "Pais": "Italia", "Categoria": "Ciudad" }, "geometry": { "type": "Point", "coordinates": [ 16.250026, 39.29985, 0.0 ] } },
{ "type": "Feature", "properties": { "OBJECTID": 1337, "OBJECTID_1": 1340.0, "OBJECTID_12": 836.0, "Toponimo_Antiguo": "Copia", "Toponimo_Moderno": "Sybaris", "Provincia": "LUCANIA ET BRUTTII", "Pais": "Italia", "Categoria": "Ciudad" }, "geometry": { "type": "Point", "coordinates": [ 16.490517, 39.715622, 0.0 ] } },
{ "type": "Feature", "properties": { "OBJECTID": 1338, "OBJECTID_1": 1341.0, "OBJECTID_12": 837.0, "Toponimo_Antiguo": "Cosilinum", "Toponimo_Moderno": "Padula", "Provincia": "LUCANIA ET BRUTTII", "Pais": "Italia", "Categoria": "Ciudad" }, "geometry": { "type": "Point", "coordinates": [ 15.592337, 40.39484, 0.0 ] } },
{ "type": "Feature", "properties": { "OBJECTID": 1339, "OBJECTID_1": 1342.0, "OBJECTID_12": 839.0, "Toponimo_Antiguo": "Grumentum", "Toponimo_Moderno": "Grumento", "Provincia": "LUCANIA ET BRUTTII", "Pais": "Italia", "Categoria": "Ciudad" }, "geometry": { "type": "Point", "coordinates": [ 15.906111, 40.283889, 0.0 ] } },
{ "type": "Feature", "properties": { "OBJECTID": 1340, "OBJECTID_1": 1343.0, "OBJECTID_12": 840.0, "Toponimo_Antiguo": "Heraclea", "Toponimo_Moderno": "Policoro", "Provincia": "LUCANIA ET BRUTTII", "Pais": "Italia", "Categoria": "Ciudad" }, "geometry": { "type": "Point", "coordinates": [ 16.691668, 40.208334, 0.0 ] } },
{ "type": "Feature", "properties": { "OBJECTID": 1341, "OBJECTID_1": 1344.0, "OBJECTID_12": 841.0, "Toponimo_Antiguo": "Locri", "Toponimo_Moderno": "Locri", "Provincia": "LUCANIA ET BRUTTII", "Pais": "Italia", "Categoria": "Ciudad" }, "geometry": { "type": "Point", "coordinates": [ 16.259896, 38.236415, 0.0 ] } },
{ "type": "Feature", "properties": { "OBJECTID": 1342, "OBJECTID_1": 1345.0, "OBJECTID_12": 842.0, "Toponimo_Antiguo": "Metapontum", "Toponimo_Moderno": "Metaponto", "Provincia": "LUCANIA ET BRUTTII", "Pais": "Italia", "Categoria": "Ciudad" }, "geometry": { "type": "Point", "coordinates": [ 16.825234, 40.383628, 0.0 ] } },
{ "type": "Feature", "properties": { "OBJECTID": 1343, "OBJECTID_1": 1346.0, "OBJECTID_12": 843.0, "Toponimo_Antiguo": "Numistro", "Toponimo_Moderno": "Unknown", "Provincia": "LUCANIA ET BRUTTII", "Pais": "Italia", "Categoria": "Ciudad" }, "geometry": { "type": "Point", "coordinates": [ 15.48671, 40.753576, 0.0 ] } },
{ "type": "Feature", "properties": { "OBJECTID": 1344, "OBJECTID_1": 1347.0, "OBJECTID_12": 844.0, "Toponimo_Antiguo": "Paestum", "Toponimo_Moderno": "Pesto", "Provincia": "LUCANIA ET BRUTTII", "Pais": "Italia", "Categoria": "Ciudad" }, "geometry": { "type": "Point", "coordinates": [ 15.00508, 40.418666, 0.0 ] } },
{ "type": "Feature", "properties": { "OBJECTID": 1345, "OBJECTID_1": 1348.0, "OBJECTID_12": 845.0, "Toponimo_Antiguo": "Petelia", "Toponimo_Moderno": "Strongoli", "Provincia": "LUCANIA ET BRUTTII", "Pais": "Italia", "Categoria": "Ciudad" }, "geometry": { "type": "Point", "coordinates": [ 17.051082, 39.266076, 0.0 ] } },
{ "type": "Feature", "properties": { "OBJECTID": 1346, "OBJECTID_1": 1349.0, "OBJECTID_12": 846.0, "Toponimo_Antiguo": "Potentia", "Toponimo_Moderno": "Potenza", "Provincia": "LUCANIA ET BRUTTII", "Pais": "Italia", "Categoria": "Ciudad" }, "geometry": { "type": "Point", "coordinates": [ 15.804008, 40.637974, 0.0 ] } },
{ "type": "Feature", "properties": { "OBJECTID": 1347, "OBJECTID_1": 1350.0, "OBJECTID_12": 847.0, "Toponimo_Antiguo": "Regium", "Toponimo_Moderno": "Reggio Calabria", "Provincia": "LUCANIA ET BRUTTII", "Pais": "Italia", "Categoria": "Capital Provincia" }, "geometry": { "type": "Point", "coordinates": [ 15.645082, 38.108612, 0.0 ] } },
{ "type": "Feature", "properties": { "OBJECTID": 1348, "OBJECTID_1": 1351.0, "OBJECTID_12": 848.0, "Toponimo_Antiguo": "Scolacium", "Toponimo_Moderno": "Catanzaro", "Provincia": "LUCANIA ET BRUTTII", "Pais": "Italia", "Categoria": "Ciudad" }, "geometry": { "type": "Point", "coordinates": [ 16.59605, 38.810332, 0.0 ] } },
{ "type": "Feature", "properties": { "OBJECTID": 1349, "OBJECTID_1": 1352.0, "OBJECTID_12": 849.0, "Toponimo_Antiguo": "Sontia", "Toponimo_Moderno": "Sanza", "Provincia": "LUCANIA ET BRUTTII", "Pais": "Italia", "Categoria": "Ciudad" }, "geometry": { "type": "Point", "coordinates": [ 15.551387, 40.242232, 0.0 ] } },
{ "type": "Feature", "properties": { "OBJECTID": 1350, "OBJECTID_1": 1353.0, "OBJECTID_12": 850.0, "Toponimo_Antiguo": "Tegianum", "Toponimo_Moderno": "Teggiano", "Provincia": "LUCANIA ET BRUTTII", "Pais": "Italia", "Categoria": "Ciudad" }, "geometry": { "type": "Point", "coordinates": [ 15.539993, 40.378394, 0.0 ] } },
{ "type": "Feature", "properties": { "OBJECTID": 1351, "OBJECTID_1": 1354.0, "OBJECTID_12": 851.0, "Toponimo_Antiguo": "Tempsa", "Toponimo_Moderno": "Unlocated", "Provincia": "LUCANIA ET BRUTTII", "Pais": "Italia", "Categoria": "Ciudad" }, "geometry": { "type": "Point", "coordinates": [ 16.611139, 39.448133, 0.0 ] } },
{ "type": "Feature", "properties": { "OBJECTID": 1352, "OBJECTID_1": 1355.0, "OBJECTID_12": 852.0, "Toponimo_Antiguo": "Velia", "Toponimo_Moderno": "Elea", "Provincia": "LUCANIA ET BRUTTII", "Pais": "Italia", "Categoria": "Ciudad" }, "geometry": { "type": "Point", "coordinates": [ 15.154241, 40.159537, 0.0 ] } },
{ "type": "Feature", "properties": { "OBJECTID": 1353, "OBJECTID_1": 1356.0, "OBJECTID_12": 853.0, "Toponimo_Antiguo": "Vibo Valentia", "Toponimo_Moderno": "Unknown", "Provincia": "LUCANIA ET BRUTTII", "Pais": "Italia", "Categoria": "Ciudad" }, "geometry": { "type": "Point", "coordinates": [ 16.104975, 38.670773, 0.0 ] } },
{ "type": "Feature", "properties": { "OBJECTID": 1354, "OBJECTID_1": 1357.0, "OBJECTID_12": 854.0, "Toponimo_Antiguo": "Volcei", "Toponimo_Moderno": "Buccino", "Provincia": "LUCANIA ET BRUTTII", "Pais": "Italia", "Categoria": "Ciudad" }, "geometry": { "type": "Point", "coordinates": [ 15.374758, 40.632707, 0.0 ] } },
{ "type": "Feature", "properties": { "OBJECTID": 1355, "OBJECTID_1": 1358.0, "OBJECTID_12": 1179.0, "Toponimo_Antiguo": "Banasa", "Toponimo_Moderno": "Sidi Ali bou Jenoun", "Provincia": "MAURETANIA TINGITANA", "Pais": "Marruecos", "Categoria": "Ciudad" }, "geometry": { "type": "Point", "coordinates": [ -6.115434, 34.60192, 0.0 ] } },
{ "type": "Feature", "properties": { "OBJECTID": 1356, "OBJECTID_1": 1359.0, "OBJECTID_12": 1180.0, "Toponimo_Antiguo": "Lixus", "Toponimo_Moderno": "Larache", "Provincia": "MAURETANIA TINGITANA", "Pais": "Marruecos", "Categoria": "Ciudad" }, "geometry": { "type": "Point", "coordinates": [ -6.11021, 35.199807, 0.0 ] } },
{ "type": "Feature", "properties": { "OBJECTID": 1357, "OBJECTID_1": 1360.0, "OBJECTID_12": 1181.0, "Toponimo_Antiguo": "Rusadir", "Toponimo_Moderno": "Melilla", "Provincia": "MAURETANIA TINGITANA", "Pais": "España", "Categoria": "Ciudad" }, "geometry": { "type": "Point", "coordinates": [ -2.938484, 35.291937, 0.0 ] } },
{ "type": "Feature", "properties": { "OBJECTID": 1358, "OBJECTID_1": 1361.0, "OBJECTID_12": 1182.0, "Toponimo_Antiguo": "Sala", "Toponimo_Moderno": "Rabat", "Provincia": "MAURETANIA TINGITANA", "Pais": "Marruecos", "Categoria": "Ciudad" }, "geometry": { "type": "Point", "coordinates": [ -6.820498, 34.006628, 0.0 ] } },
{ "type": "Feature", "properties": { "OBJECTID": 1359, "OBJECTID_1": 1362.0, "OBJECTID_12": 1183.0, "Toponimo_Antiguo": "Thamusida", "Toponimo_Moderno": "Sidi Ali ben Ahmed", "Provincia": "MAURETANIA TINGITANA", "Pais": "Marruecos", "Categoria": "Ciudad" }, "geometry": { "type": "Point", "coordinates": [ -6.490479, 34.334964, 0.0 ] } },
{ "type": "Feature", "properties": { "OBJECTID": 1360, "OBJECTID_1": 1363.0, "OBJECTID_12": 1184.0, "Toponimo_Antiguo": "Tingis", "Toponimo_Moderno": "Tangier", "Provincia": "MAURETANIA TINGITANA", "Pais": "Marruecos", "Categoria": "Capital Provincia" }, "geometry": { "type": "Point", "coordinates": [ -5.810419, 35.787168, 0.0 ] } },
{ "type": "Feature", "properties": { "OBJECTID": 1361, "OBJECTID_1": 1364.0, "OBJECTID_12": 1185.0, "Toponimo_Antiguo": "Volubilis", "Toponimo_Moderno": "Oualili", "Provincia": "MAURETANIA TINGITANA", "Pais": "Marruecos", "Categoria": "Ciudad" }, "geometry": { "type": "Point", "coordinates": [ -5.554507, 34.073396, 0.0 ] } },
{ "type": "Feature", "properties": { "OBJECTID": 1362, "OBJECTID_1": 1365.0, "OBJECTID_12": 1186.0, "Toponimo_Antiguo": "Zilis", "Toponimo_Moderno": "Dchar Jedid", "Provincia": "MAURETANIA TINGITANA", "Pais": "Marruecos", "Categoria": "Ciudad" }, "geometry": { "type": "Point", "coordinates": [ -5.915794, 35.522244, 0.0 ] } },
{ "type": "Feature", "properties": { "OBJECTID": 1363, "OBJECTID_1": 1366.0, "OBJECTID_12": 1369.0, "Toponimo_Antiguo": "Anfa", "Toponimo_Moderno": "Casablanca", "Provincia": "MAURETANIA TINGITANA", "Pais": "Marruecos", "Categoria": "Ciudad" }, "geometry": { "type": "Point", "coordinates": [ -7.618051175999938, 33.602959114000043, 0.0 ] } },
{ "type": "Feature", "properties": { "OBJECTID": 1364, "OBJECTID_1": 1367.0, "OBJECTID_12": 1380.0, "Toponimo_Antiguo": "Septum", "Toponimo_Moderno": "Ceuta", "Provincia": "MAURETANIA TINGITANA", "Pais": "España", "Categoria": "Ciudad" }, "geometry": { "type": "Point", "coordinates": [ -5.306448695999961, 35.888441900000032, 0.0 ] } },
{ "type": "Feature", "properties": { "OBJECTID": 1365, "OBJECTID_1": 1368.0, "OBJECTID_12": 1389.0, "Toponimo_Antiguo": "Tamuda", "Toponimo_Moderno": "Tetouan", "Provincia": "MAURETANIA TINGITANA", "Pais": "Marruecos", "Categoria": "Ciudad" }, "geometry": { "type": "Point", "coordinates": [ -5.342154200999971, 35.575154179000037, 0.0 ] } },
{ "type": "Feature", "properties": { "OBJECTID": 1366, "OBJECTID_1": 1369.0, "OBJECTID_12": 1394.0, "Toponimo_Antiguo": "Acrath", "Toponimo_Moderno": "Alhucemas", "Provincia": "MAURETANIA TINGITANA", "Pais": "Marruecos", "Categoria": "Ciudad" }, "geometry": { "type": "Point", "coordinates": [ -3.91633275199996, 35.193543504000047, 0.0 ] } },
{ "type": "Feature", "properties": { "OBJECTID": 1367, "OBJECTID_1": 1370.0, "OBJECTID_12": 1395.0, "Toponimo_Antiguo": "Tocolsida", "Toponimo_Moderno": "Meknes", "Provincia": "MAURETANIA TINGITANA", "Pais": "Marruecos", "Categoria": "Ciudad" }, "geometry": { "type": "Point", "coordinates": [ -5.560705806999977, 33.892633824000029, 0.0 ] } },
{ "type": "Feature", "properties": { "OBJECTID": 1368, "OBJECTID_1": 1371.0, "OBJECTID_12": 1396.0, "Toponimo_Antiguo": "Centa", "Toponimo_Moderno": "Guercif", "Provincia": "MAURETANIA TINGITANA", "Pais": "Marruecos", "Categoria": "Ciudad" }, "geometry": { "type": "Point", "coordinates": [ -3.348390691999953, 34.232441866000045, 0.0 ] } },
{ "type": "Feature", "properties": { "OBJECTID": 1369, "OBJECTID_1": 1372.0, "OBJECTID_12": 799.0, "Toponimo_Antiguo": "Aecae", "Toponimo_Moderno": "Troia", "Provincia": "APULIA ET CALABRIA", "Pais": "Italia", "Categoria": "Ciudad" }, "geometry": { "type": "Point", "coordinates": [ 15.307262, 41.359672, 0.0 ] } },
{ "type": "Feature", "properties": { "OBJECTID": 1370, "OBJECTID_1": 1373.0, "OBJECTID_12": 801.0, "Toponimo_Antiguo": "Anxa", "Toponimo_Moderno": "Gallipoli", "Provincia": "APULIA ET CALABRIA", "Pais": "Italia", "Categoria": "Ciudad" }, "geometry": { "type": "Point", "coordinates": [ 17.975532, 40.054286, 0.0 ] } },
{ "type": "Feature", "properties": { "OBJECTID": 1371, "OBJECTID_1": 1374.0, "OBJECTID_12": 802.0, "Toponimo_Antiguo": "Ausculum", "Toponimo_Moderno": "Ascoli Satriano", "Provincia": "APULIA ET CALABRIA", "Pais": "Italia", "Categoria": "Ciudad" }, "geometry": { "type": "Point", "coordinates": [ 15.562485, 41.207142, 0.0 ] } },
{ "type": "Feature", "properties": { "OBJECTID": 1372, "OBJECTID_1": 1375.0, "OBJECTID_12": 803.0, "Toponimo_Antiguo": "Barium", "Toponimo_Moderno": "Bari", "Provincia": "APULIA ET CALABRIA", "Pais": "Italia", "Categoria": "Ciudad" }, "geometry": { "type": "Point", "coordinates": [ 16.86978, 41.128982, 0.0 ] } },
{ "type": "Feature", "properties": { "OBJECTID": 1373, "OBJECTID_1": 1376.0, "OBJECTID_12": 805.0, "Toponimo_Antiguo": "Brundisium", "Toponimo_Moderno": "Brundisi", "Provincia": "APULIA ET CALABRIA", "Pais": "Italia", "Categoria": "Ciudad" }, "geometry": { "type": "Point", "coordinates": [ 17.938991, 40.636175, 0.0 ] } },
{ "type": "Feature", "properties": { "OBJECTID": 1374, "OBJECTID_1": 1377.0, "OBJECTID_12": 806.0, "Toponimo_Antiguo": "Butuntum", "Toponimo_Moderno": "Bitonto", "Provincia": "APULIA ET CALABRIA", "Pais": "Italia", "Categoria": "Ciudad" }, "geometry": { "type": "Point", "coordinates": [ 16.691427, 41.107205, 0.0 ] } },
{ "type": "Feature", "properties": { "OBJECTID": 1375, "OBJECTID_1": 1378.0, "OBJECTID_12": 807.0, "Toponimo_Antiguo": "Caelia", "Toponimo_Moderno": "Ceglie di Bari", "Provincia": "APULIA ET CALABRIA", "Pais": "Italia", "Categoria": "Ciudad" }, "geometry": { "type": "Point", "coordinates": [ 16.866105, 41.064222, 0.0 ] } },
{ "type": "Feature", "properties": { "OBJECTID": 1376, "OBJECTID_1": 1379.0, "OBJECTID_12": 808.0, "Toponimo_Antiguo": "Cannae", "Toponimo_Moderno": "Monte di Canne", "Provincia": "APULIA ET CALABRIA", "Pais": "Italia", "Categoria": "Ciudad" }, "geometry": { "type": "Point", "coordinates": [ 16.151667, 41.296389, 0.0 ] } },
{ "type": "Feature", "properties": { "OBJECTID": 1377, "OBJECTID_1": 1380.0, "OBJECTID_12": 809.0, "Toponimo_Antiguo": "Canusium", "Toponimo_Moderno": "Canosa di Puglia", "Provincia": "APULIA ET CALABRIA", "Pais": "Italia", "Categoria": "Ciudad" }, "geometry": { "type": "Point", "coordinates": [ 16.066025, 41.222498, 0.0 ] } },
{ "type": "Feature", "properties": { "OBJECTID": 1378, "OBJECTID_1": 1381.0, "OBJECTID_12": 811.0, "Toponimo_Antiguo": "Egnatia", "Toponimo_Moderno": "Egnazia", "Provincia": "APULIA ET CALABRIA", "Pais": "Italia", "Categoria": "Ciudad" }, "geometry": { "type": "Point", "coordinates": [ 17.39084, 40.887938, 0.0 ] } },
{ "type": "Feature", "properties": { "OBJECTID": 1379, "OBJECTID_1": 1382.0, "OBJECTID_12": 812.0, "Toponimo_Antiguo": "Forentum", "Toponimo_Moderno": "Lavello", "Provincia": "APULIA ET CALABRIA", "Pais": "Italia", "Categoria": "Ciudad" }, "geometry": { "type": "Point", "coordinates": [ 15.770541, 41.052244, 0.0 ] } },
{ "type": "Feature", "properties": { "OBJECTID": 1380, "OBJECTID_1": 1383.0, "OBJECTID_12": 813.0, "Toponimo_Antiguo": "Genusia", "Toponimo_Moderno": "Ginosa", "Provincia": "APULIA ET CALABRIA", "Pais": "Italia", "Categoria": "Ciudad" }, "geometry": { "type": "Point", "coordinates": [ 16.757056, 40.581291, 0.0 ] } },
{ "type": "Feature", "properties": { "OBJECTID": 1381, "OBJECTID_1": 1384.0, "OBJECTID_12": 814.0, "Toponimo_Antiguo": "Herdoniae", "Toponimo_Moderno": "Ordona", "Provincia": "APULIA ET CALABRIA", "Pais": "Italia", "Categoria": "Ciudad" }, "geometry": { "type": "Point", "coordinates": [ 15.620768, 41.310742, 0.0 ] } },
{ "type": "Feature", "properties": { "OBJECTID": 1382, "OBJECTID_1": 1385.0, "OBJECTID_12": 815.0, "Toponimo_Antiguo": "Hydruntum", "Toponimo_Moderno": "Otranto", "Provincia": "APULIA ET CALABRIA", "Pais": "Italia", "Categoria": "Ciudad" }, "geometry": { "type": "Point", "coordinates": [ 18.483141, 40.150048, 0.0 ] } },
{ "type": "Feature", "properties": { "OBJECTID": 1383, "OBJECTID_1": 1386.0, "OBJECTID_12": 816.0, "Toponimo_Antiguo": "Luceria", "Toponimo_Moderno": "Lucera", "Provincia": "APULIA ET CALABRIA", "Pais": "Italia", "Categoria": "Ciudad" }, "geometry": { "type": "Point", "coordinates": [ 15.335944, 41.509222, 0.0 ] } },
{ "type": "Feature", "properties": { "OBJECTID": 1384, "OBJECTID_1": 1387.0, "OBJECTID_12": 817.0, "Toponimo_Antiguo": "Lupiae", "Toponimo_Moderno": "Lecce", "Provincia": "APULIA ET CALABRIA", "Pais": "Italia", "Categoria": "Ciudad" }, "geometry": { "type": "Point", "coordinates": [ 18.174015, 40.353291, 0.0 ] } },
{ "type": "Feature", "properties": { "OBJECTID": 1385, "OBJECTID_1": 1388.0, "OBJECTID_12": 818.0, "Toponimo_Antiguo": "Neretum", "Toponimo_Moderno": "Nardo", "Provincia": "APULIA ET CALABRIA", "Pais": "Italia", "Categoria": "Ciudad" }, "geometry": { "type": "Point", "coordinates": [ 18.030424, 40.175929, 0.0 ] } },
{ "type": "Feature", "properties": { "OBJECTID": 1386, "OBJECTID_1": 1389.0, "OBJECTID_12": 819.0, "Toponimo_Antiguo": "Rubi", "Toponimo_Moderno": "Ruvo di Puglia", "Provincia": "APULIA ET CALABRIA", "Pais": "Italia", "Categoria": "Ciudad" }, "geometry": { "type": "Point", "coordinates": [ 16.485165, 41.118367, 0.0 ] } },
{ "type": "Feature", "properties": { "OBJECTID": 1387, "OBJECTID_1": 1390.0, "OBJECTID_12": 820.0, "Toponimo_Antiguo": "Rudiae", "Toponimo_Moderno": "Rugge", "Provincia": "APULIA ET CALABRIA", "Pais": "Italia", "Categoria": "Ciudad" }, "geometry": { "type": "Point", "coordinates": [ 18.14849, 40.33352, 0.0 ] } },
{ "type": "Feature", "properties": { "OBJECTID": 1388, "OBJECTID_1": 1391.0, "OBJECTID_12": 821.0, "Toponimo_Antiguo": "Salapia Nova", "Toponimo_Moderno": "Monte di Salpi?", "Provincia": "APULIA ET CALABRIA", "Pais": "Italia", "Categoria": "Ciudad" }, "geometry": { "type": "Point", "coordinates": [ 15.959872, 41.398574, 0.0 ] } },
{ "type": "Feature", "properties": { "OBJECTID": 1389, "OBJECTID_1": 1392.0, "OBJECTID_12": 822.0, "Toponimo_Antiguo": "Salapia Vetus", "Toponimo_Moderno": "Lago di Salpi", "Provincia": "APULIA ET CALABRIA", "Pais": "Italia", "Categoria": "Ciudad" }, "geometry": { "type": "Point", "coordinates": [ 15.9933, 41.403381, 0.0 ] } },
{ "type": "Feature", "properties": { "OBJECTID": 1390, "OBJECTID_1": 1393.0, "OBJECTID_12": 823.0, "Toponimo_Antiguo": "Silvium", "Toponimo_Moderno": "Gravina di Puglia", "Provincia": "APULIA ET CALABRIA", "Pais": "Italia", "Categoria": "Ciudad" }, "geometry": { "type": "Point", "coordinates": [ 16.416166, 40.818523, 0.0 ] } },
{ "type": "Feature", "properties": { "OBJECTID": 1391, "OBJECTID_1": 1394.0, "OBJECTID_12": 824.0, "Toponimo_Antiguo": "Sipontum", "Toponimo_Moderno": "Siponto", "Provincia": "APULIA ET CALABRIA", "Pais": "Italia", "Categoria": "Ciudad" }, "geometry": { "type": "Point", "coordinates": [ 15.889767, 41.608482, 0.0 ] } },
{ "type": "Feature", "properties": { "OBJECTID": 1392, "OBJECTID_1": 1395.0, "OBJECTID_12": 825.0, "Toponimo_Antiguo": "Tarentum", "Toponimo_Moderno": "Taranto", "Provincia": "APULIA ET CALABRIA", "Pais": "Italia", "Categoria": "Capital Provincia" }, "geometry": { "type": "Point", "coordinates": [ 17.243272, 40.47124, 0.0 ] } },
{ "type": "Feature", "properties": { "OBJECTID": 1393, "OBJECTID_1": 1396.0, "OBJECTID_12": 826.0, "Toponimo_Antiguo": "Teanum Apulum", "Toponimo_Moderno": "S. Paolo di Civitate", "Provincia": "APULIA ET CALABRIA", "Pais": "Italia", "Categoria": "Ciudad" }, "geometry": { "type": "Point", "coordinates": [ 15.261291, 41.739075, 0.0 ] } },
{ "type": "Feature", "properties": { "OBJECTID": 1394, "OBJECTID_1": 1397.0, "OBJECTID_12": 827.0, "Toponimo_Antiguo": "Uxentum", "Toponimo_Moderno": "Ugento", "Provincia": "APULIA ET CALABRIA", "Pais": "Italia", "Categoria": "Ciudad" }, "geometry": { "type": "Point", "coordinates": [ 18.158296, 39.927352, 0.0 ] } },
{ "type": "Feature", "properties": { "OBJECTID": 1395, "OBJECTID_1": 1398.0, "OBJECTID_12": 828.0, "Toponimo_Antiguo": "Venusia", "Toponimo_Moderno": "Venosa", "Provincia": "APULIA ET CALABRIA", "Pais": "Italia", "Categoria": "Ciudad" }, "geometry": { "type": "Point", "coordinates": [ 15.819405, 40.963082, 0.0 ] } },
{ "type": "Feature", "properties": { "OBJECTID": 1396, "OBJECTID_1": 1399.0, "OBJECTID_12": 829.0, "Toponimo_Antiguo": "Veretum", "Toponimo_Moderno": "Vereto", "Provincia": "APULIA ET CALABRIA", "Pais": "Italia", "Categoria": "Ciudad" }, "geometry": { "type": "Point", "coordinates": [ 15.827407, 40.969057, 0.0 ] } },
{ "type": "Feature", "properties": { "OBJECTID": 1397, "OBJECTID_1": 1400.0, "OBJECTID_12": 830.0, "Toponimo_Antiguo": "Vibinum", "Toponimo_Moderno": "Bovino", "Provincia": "APULIA ET CALABRIA", "Pais": "Italia", "Categoria": "Ciudad" }, "geometry": { "type": "Point", "coordinates": [ 15.957096, 41.706464, 0.0 ] } },
{ "type": "Feature", "properties": { "OBJECTID": 1398, "OBJECTID_1": 1401.0, "OBJECTID_12": 831.0, "Toponimo_Antiguo": "Aceruntia", "Toponimo_Moderno": "Acerenza", "Provincia": "APULIA ET CALABRIA", "Pais": "Italia", "Categoria": "Ciudad" }, "geometry": { "type": "Point", "coordinates": [ 15.940592, 40.796874, 0.0 ] } },
{ "type": "Feature", "properties": { "OBJECTID": 1399, "OBJECTID_1": 1402.0, "OBJECTID_12": 833.0, "Toponimo_Antiguo": "Bantia", "Toponimo_Moderno": "Banzi", "Provincia": "APULIA ET CALABRIA", "Pais": "Italia", "Categoria": "Ciudad" }, "geometry": { "type": "Point", "coordinates": [ 16.013926, 40.861741, 0.0 ] } },
{ "type": "Feature", "properties": { "OBJECTID": 1400, "OBJECTID_1": 1403.0, "OBJECTID_12": 665.0, "Toponimo_Antiguo": "Acci", "Toponimo_Moderno": "Guadix", "Provincia": "CARTHAGINIENSIS", "Pais": "España", "Categoria": "Ciudad" }, "geometry": { "type": "Point", "coordinates": [ -3.134636, 37.300309, 0.0 ] } },
{ "type": "Feature", "properties": { "OBJECTID": 1401, "OBJECTID_1": 1404.0, "OBJECTID_12": 677.0, "Toponimo_Antiguo": "Carthago Nova", "Toponimo_Moderno": "Cartagena", "Provincia": "CARTHAGINIENSIS", "Pais": "España", "Categoria": "Capital Provincia" }, "geometry": { "type": "Point", "coordinates": [ -0.984266, 37.599656, 0.0 ] } },
{ "type": "Feature", "properties": { "OBJECTID": 1402, "OBJECTID_1": 1405.0, "OBJECTID_12": 678.0, "Toponimo_Antiguo": "Castulo", "Toponimo_Moderno": "Linares", "Provincia": "CARTHAGINIENSIS", "Pais": "España", "Categoria": "Ciudad" }, "geometry": { "type": "Point", "coordinates": [ -3.623611, 38.035833, 0.0 ] } },
{ "type": "Feature", "properties": { "OBJECTID": 1403, "OBJECTID_1": 1406.0, "OBJECTID_12": 682.0, "Toponimo_Antiguo": "Dianium", "Toponimo_Moderno": "Denia", "Provincia": "CARTHAGINIENSIS", "Pais": "España", "Categoria": "Ciudad" }, "geometry": { "type": "Point", "coordinates": [ 0.107511, 38.842795, 0.0 ] } },
{ "type": "Feature", "properties": { "OBJECTID": 1404, "OBJECTID_1": 1407.0, "OBJECTID_12": 685.0, "Toponimo_Antiguo": "Arcavica", "Toponimo_Moderno": "Cañaveruelas", "Provincia": "CARTHAGINIENSIS", "Pais": "España", "Categoria": "Ciudad" }, "geometry": { "type": "Point", "coordinates": [ -2.669748, 40.433344, 0.0 ] } },
{ "type": "Feature", "properties": { "OBJECTID": 1405, "OBJECTID_1": 1408.0, "OBJECTID_12": 692.0, "Toponimo_Antiguo": "Ilici", "Toponimo_Moderno": "Elche", "Provincia": "CARTHAGINIENSIS", "Pais": "España", "Categoria": "Ciudad" }, "geometry": { "type": "Point", "coordinates": [ -0.6953, 38.2396, 0.0 ] } },
{ "type": "Feature", "properties": { "OBJECTID": 1406, "OBJECTID_1": 1409.0, "OBJECTID_12": 693.0, "Toponimo_Antiguo": "Ilugo", "Toponimo_Moderno": "Venta de S. Andres", "Provincia": "CARTHAGINIENSIS", "Pais": "España", "Categoria": "Ciudad" }, "geometry": { "type": "Point", "coordinates": [ -3.206444, 38.247458, 0.0 ] } },
{ "type": "Feature", "properties": { "OBJECTID": 1407, "OBJECTID_1": 1410.0, "OBJECTID_12": 696.0, "Toponimo_Antiguo": "Libisosa", "Toponimo_Moderno": "Lezuza", "Provincia": "CARTHAGINIENSIS", "Pais": "España", "Categoria": "Ciudad" }, "geometry": { "type": "Point", "coordinates": [ -2.353774, 38.949019, 0.0 ] } },
{ "type": "Feature", "properties": { "OBJECTID": 1408, "OBJECTID_1": 1411.0, "OBJECTID_12": 697.0, "Toponimo_Antiguo": "Lucentum", "Toponimo_Moderno": "Tossal de Manises", "Provincia": "CARTHAGINIENSIS", "Pais": "España", "Categoria": "Ciudad" }, "geometry": { "type": "Point", "coordinates": [ -0.484794, 38.346018, 0.0 ] } },
{ "type": "Feature", "properties": { "OBJECTID": 1409, "OBJECTID_1": 1412.0, "OBJECTID_12": 700.0, "Toponimo_Antiguo": "Mirobriga", "Toponimo_Moderno": "Capilla", "Provincia": "CARTHAGINIENSIS", "Pais": "España", "Categoria": "Ciudad" }, "geometry": { "type": "Point", "coordinates": [ -5.084293, 38.82045, 0.0 ] } },
{ "type": "Feature", "properties": { "OBJECTID": 1410, "OBJECTID_1": 1413.0, "OBJECTID_12": 703.0, "Toponimo_Antiguo": "Ossigi", "Toponimo_Moderno": "Unknown", "Provincia": "CARTHAGINIENSIS", "Pais": "España", "Categoria": "Ciudad" }, "geometry": { "type": "Point", "coordinates": [ -3.560304, 37.848916, 0.0 ] } },
{ "type": "Feature", "properties": { "OBJECTID": 1411, "OBJECTID_1": 1414.0, "OBJECTID_12": 708.0, "Toponimo_Antiguo": "Saetabis", "Toponimo_Moderno": "Játiva", "Provincia": "CARTHAGINIENSIS", "Pais": "España", "Categoria": "Ciudad" }, "geometry": { "type": "Point", "coordinates": [ -0.515639, 38.988847, 0.0 ] } },
{ "type": "Feature", "properties": { "OBJECTID": 1412, "OBJECTID_1": 1415.0, "OBJECTID_12": 709.0, "Toponimo_Antiguo": "Saguntum", "Toponimo_Moderno": "Sagunto", "Provincia": "CARTHAGINIENSIS", "Pais": "España", "Categoria": "Ciudad" }, "geometry": { "type": "Point", "coordinates": [ -0.277795, 39.676202, 0.0 ] } },
{ "type": "Feature", "properties": { "OBJECTID": 1413, "OBJECTID_1": 1416.0, "OBJECTID_12": 710.0, "Toponimo_Antiguo": "Salaria", "Toponimo_Moderno": "Ubeda la Vieja", "Provincia": "CARTHAGINIENSIS", "Pais": "España", "Categoria": "Ciudad" }, "geometry": { "type": "Point", "coordinates": [ -3.368532, 38.008075, 0.0 ] } },
{ "type": "Feature", "properties": { "OBJECTID": 1414, "OBJECTID_1": 1417.0, "OBJECTID_12": 712.0, "Toponimo_Antiguo": "Segobriga", "Toponimo_Moderno": "Cabezo del Griego", "Provincia": "CARTHAGINIENSIS", "Pais": "España", "Categoria": "Ciudad" }, "geometry": { "type": "Point", "coordinates": [ -2.81302, 39.885321, 0.0 ] } },
{ "type": "Feature", "properties": { "OBJECTID": 1415, "OBJECTID_1": 1418.0, "OBJECTID_12": 713.0, "Toponimo_Antiguo": "Segovia", "Toponimo_Moderno": "Segovia", "Provincia": "CARTHAGINIENSIS", "Pais": "España", "Categoria": "Ciudad" }, "geometry": { "type": "Point", "coordinates": [ -4.11922, 40.949384, 0.0 ] } },
{ "type": "Feature", "properties": { "OBJECTID": 1416, "OBJECTID_1": 1419.0, "OBJECTID_12": 714.0, "Toponimo_Antiguo": "Sisapo", "Toponimo_Moderno": "La Bienvenida", "Provincia": "CARTHAGINIENSIS", "Pais": "España", "Categoria": "Ciudad" }, "geometry": { "type": "Point", "coordinates": [ -4.518296, 38.646441, 0.0 ] } },
{ "type": "Feature", "properties": { "OBJECTID": 1417, "OBJECTID_1": 1420.0, "OBJECTID_12": 717.0, "Toponimo_Antiguo": "Toletum", "Toponimo_Moderno": "Toledo", "Provincia": "CARTHAGINIENSIS", "Pais": "España", "Categoria": "Ciudad" }, "geometry": { "type": "Point", "coordinates": [ -4.024491, 39.85668, 0.0 ] } },
{ "type": "Feature", "properties": { "OBJECTID": 1418, "OBJECTID_1": 1421.0, "OBJECTID_12": 720.0, "Toponimo_Antiguo": "Valentia", "Toponimo_Moderno": "Valencia", "Provincia": "CARTHAGINIENSIS", "Pais": "España", "Categoria": "Ciudad" }, "geometry": { "type": "Point", "coordinates": [ -0.376814, 39.470371, 0.0 ] } },
{ "type": "Feature", "properties": { "OBJECTID": 1419, "OBJECTID_1": 1422.0, "OBJECTID_12": 721.0, "Toponimo_Antiguo": "Valeria", "Toponimo_Moderno": "Valera la Vieja", "Provincia": "CARTHAGINIENSIS", "Pais": "España", "Categoria": "Ciudad" }, "geometry": { "type": "Point", "coordinates": [ -2.14935, 39.811189, 0.0 ] } },
{ "type": "Feature", "properties": { "OBJECTID": 1420, "OBJECTID_1": 1423.0, "OBJECTID_12": 1388.0, "Toponimo_Antiguo": "Complutum", "Toponimo_Moderno": "Alcalá de Henares", "Provincia": "CARTHAGINIENSIS", "Pais": "España", "Categoria": "Ciudad" }, "geometry": { "type": "Point", "coordinates": [ -3.365955215999975, 40.487605973000029, 0.0 ] } },
{ "type": "Feature", "properties": { "OBJECTID": 1421, "OBJECTID_1": 1424.0, "OBJECTID_12": 261.0, "Toponimo_Antiguo": "Caunus", "Toponimo_Moderno": "Dalyan", "Provincia": "LYCIA", "Pais": "Turquia", "Categoria": "Ciudad" }, "geometry": { "type": "Point", "coordinates": [ 28.643811065000079, 36.832010680000053, 0.0 ] } },
{ "type": "Feature", "properties": { "OBJECTID": 1422, "OBJECTID_1": 1425.0, "OBJECTID_12": 1079.0, "Toponimo_Antiguo": "Antiphellus", "Toponimo_Moderno": "Ka?", "Provincia": "LYCIA", "Pais": "Turquia", "Categoria": "Ciudad" }, "geometry": { "type": "Point", "coordinates": [ 29.634935, 36.199973, 0.0 ] } },
{ "type": "Feature", "properties": { "OBJECTID": 1423, "OBJECTID_1": 1426.0, "OBJECTID_12": 1081.0, "Toponimo_Antiguo": "Apollonia", "Toponimo_Moderno": "Kilinçli", "Provincia": "LYCIA", "Pais": "Turquia", "Categoria": "Ciudad" }, "geometry": { "type": "Point", "coordinates": [ 29.763668, 36.186655, 0.0 ] } },
{ "type": "Feature", "properties": { "OBJECTID": 1424, "OBJECTID_1": 1427.0, "OBJECTID_12": 1083.0, "Toponimo_Antiguo": "Arycanda", "Toponimo_Moderno": "Aykiriçay", "Provincia": "LYCIA", "Pais": "Turquia", "Categoria": "Ciudad" }, "geometry": { "type": "Point", "coordinates": [ 30.048508, 36.513408, 0.0 ] } },
{ "type": "Feature", "properties": { "OBJECTID": 1425, "OBJECTID_1": 1428.0, "OBJECTID_12": 1087.0, "Toponimo_Antiguo": "Balbura", "Toponimo_Moderno": "Çölkayi?i", "Provincia": "LYCIA", "Pais": "Turquia", "Categoria": "Ciudad" }, "geometry": { "type": "Point", "coordinates": [ 29.602567, 36.967055, 0.0 ] } },
{ "type": "Feature", "properties": { "OBJECTID": 1426, "OBJECTID_1": 1429.0, "OBJECTID_12": 1088.0, "Toponimo_Antiguo": "Bubon", "Toponimo_Moderno": "Ibecik", "Provincia": "LYCIA", "Pais": "Turquia", "Categoria": "Ciudad" }, "geometry": { "type": "Point", "coordinates": [ 29.415217, 36.974003, 0.0 ] } },
{ "type": "Feature", "properties": { "OBJECTID": 1427, "OBJECTID_1": 1430.0, "OBJECTID_12": 1089.0, "Toponimo_Antiguo": "Cadyanda", "Toponimo_Moderno": "Üzümlü", "Provincia": "LYCIA", "Pais": "Turquia", "Categoria": "Ciudad" }, "geometry": { "type": "Point", "coordinates": [ 29.242155, 36.725913, 0.0 ] } },
{ "type": "Feature", "properties": { "OBJECTID": 1428, "OBJECTID_1": 1431.0, "OBJECTID_12": 1090.0, "Toponimo_Antiguo": "Candyba", "Toponimo_Moderno": "Gendevar", "Provincia": "LYCIA", "Pais": "Turquia", "Categoria": "Ciudad" }, "geometry": { "type": "Point", "coordinates": [ 29.666491, 36.308363, 0.0 ] } },
{ "type": "Feature", "properties": { "OBJECTID": 1429, "OBJECTID_1": 1432.0, "OBJECTID_12": 1093.0, "Toponimo_Antiguo": "Corycus", "Toponimo_Moderno": "Kizkalesi", "Provincia": "LYCIA", "Pais": "Turquia", "Categoria": "Ciudad" }, "geometry": { "type": "Point", "coordinates": [ 30.470547, 36.436081, 0.0 ] } },
{ "type": "Feature", "properties": { "OBJECTID": 1430, "OBJECTID_1": 1433.0, "OBJECTID_12": 1094.0, "Toponimo_Antiguo": "Corydalla", "Toponimo_Moderno": "Haciveliler", "Provincia": "LYCIA", "Pais": "Turquia", "Categoria": "Ciudad" }, "geometry": { "type": "Point", "coordinates": [ 30.273841, 36.371287, 0.0 ] } },
{ "type": "Feature", "properties": { "OBJECTID": 1431, "OBJECTID_1": 1434.0, "OBJECTID_12": 1096.0, "Toponimo_Antiguo": "Cyaneae", "Toponimo_Moderno": "Yavu", "Provincia": "LYCIA", "Pais": "Turquia", "Categoria": "Ciudad" }, "geometry": { "type": "Point", "coordinates": [ 29.822492, 36.244673, 0.0 ] } },
{ "type": "Feature", "properties": { "OBJECTID": 1432, "OBJECTID_1": 1435.0, "OBJECTID_12": 1097.0, "Toponimo_Antiguo": "Gagae", "Toponimo_Moderno": "Akta?", "Provincia": "LYCIA", "Pais": "Turquia", "Categoria": "Ciudad" }, "geometry": { "type": "Point", "coordinates": [ 30.350017, 36.288646, 0.0 ] } },
{ "type": "Feature", "properties": { "OBJECTID": 1433, "OBJECTID_1": 1436.0, "OBJECTID_12": 1098.0, "Toponimo_Antiguo": "Idebessus", "Toponimo_Moderno": "Koza?ac?", "Provincia": "LYCIA", "Pais": "Turquia", "Categoria": "Ciudad" }, "geometry": { "type": "Point", "coordinates": [ 30.202995, 36.554976, 0.0 ] } },
{ "type": "Feature", "properties": { "OBJECTID": 1434, "OBJECTID_1": 1437.0, "OBJECTID_12": 1099.0, "Toponimo_Antiguo": "Limyra", "Toponimo_Moderno": "Finike", "Provincia": "LYCIA", "Pais": "Turquia", "Categoria": "Ciudad" }, "geometry": { "type": "Point", "coordinates": [ 30.173168, 36.344057, 0.0 ] } },
{ "type": "Feature", "properties": { "OBJECTID": 1435, "OBJECTID_1": 1438.0, "OBJECTID_12": 1100.0, "Toponimo_Antiguo": "Lydai", "Toponimo_Moderno": "Kapi Da?i", "Provincia": "LYCIA", "Pais": "Turquia", "Categoria": "Ciudad" }, "geometry": { "type": "Point", "coordinates": [ 28.860181, 36.614948, 0.0 ] } },
{ "type": "Feature", "properties": { "OBJECTID": 1436, "OBJECTID_1": 1439.0, "OBJECTID_12": 1101.0, "Toponimo_Antiguo": "Milyas", "Toponimo_Moderno": "Melli", "Provincia": "LYCIA", "Pais": "Turquia", "Categoria": "Ciudad" }, "geometry": { "type": "Point", "coordinates": [ 29.75, 36.750001, 0.0 ] } },
{ "type": "Feature", "properties": { "OBJECTID": 1437, "OBJECTID_1": 1440.0, "OBJECTID_12": 1102.0, "Toponimo_Antiguo": "Myra", "Toponimo_Moderno": "Demre", "Provincia": "LYCIA", "Pais": "Turquia", "Categoria": "Capital Provincia" }, "geometry": { "type": "Point", "coordinates": [ 30.014409, 36.246429, 0.0 ] } },
{ "type": "Feature", "properties": { "OBJECTID": 1438, "OBJECTID_1": 1441.0, "OBJECTID_12": 1103.0, "Toponimo_Antiguo": "Nisa", "Toponimo_Moderno": "Sütl?en", "Provincia": "LYCIA", "Pais": "Turquia", "Categoria": "Ciudad" }, "geometry": { "type": "Point", "coordinates": [ 29.633049, 36.439231, 0.0 ] } },
{ "type": "Feature", "properties": { "OBJECTID": 1439, "OBJECTID_1": 1442.0, "OBJECTID_12": 1104.0, "Toponimo_Antiguo": "Oenoanda", "Toponimo_Moderno": "Incealiler", "Provincia": "LYCIA", "Pais": "Turquia", "Categoria": "Ciudad" }, "geometry": { "type": "Point", "coordinates": [ 29.549677, 36.809338, 0.0 ] } },
{ "type": "Feature", "properties": { "OBJECTID": 1440, "OBJECTID_1": 1443.0, "OBJECTID_12": 1106.0, "Toponimo_Antiguo": "Olympus", "Toponimo_Moderno": "Delikta?", "Provincia": "LYCIA", "Pais": "Turquia", "Categoria": "Ciudad" }, "geometry": { "type": "Point", "coordinates": [ 30.471532, 36.387902, 0.0 ] } },
{ "type": "Feature", "properties": { "OBJECTID": 1441, "OBJECTID_1": 1444.0, "OBJECTID_12": 1108.0, "Toponimo_Antiguo": "Patara", "Toponimo_Moderno": "Kelemi", "Provincia": "LYCIA", "Pais": "Turquia", "Categoria": "Ciudad" }, "geometry": { "type": "Point", "coordinates": [ 29.319372, 36.260957, 0.0 ] } },
{ "type": "Feature", "properties": { "OBJECTID": 1442, "OBJECTID_1": 1445.0, "OBJECTID_12": 1112.0, "Toponimo_Antiguo": "Phellus", "Toponimo_Moderno": "Felendai", "Provincia": "LYCIA", "Pais": "Turquia", "Categoria": "Ciudad" }, "geometry": { "type": "Point", "coordinates": [ 29.666308, 36.24085, 0.0 ] } },
{ "type": "Feature", "properties": { "OBJECTID": 1443, "OBJECTID_1": 1446.0, "OBJECTID_12": 1113.0, "Toponimo_Antiguo": "Pinara", "Toponimo_Moderno": "Minare Köyü", "Provincia": "LYCIA", "Pais": "Turquia", "Categoria": "Ciudad" }, "geometry": { "type": "Point", "coordinates": [ 29.240952, 36.497572, 0.0 ] } },
{ "type": "Feature", "properties": { "OBJECTID": 1444, "OBJECTID_1": 1447.0, "OBJECTID_12": 1114.0, "Toponimo_Antiguo": "Rhodiapolis", "Toponimo_Moderno": "Kumluca", "Provincia": "LYCIA", "Pais": "Turquia", "Categoria": "Ciudad" }, "geometry": { "type": "Point", "coordinates": [ 30.267204, 36.385704, 0.0 ] } },
{ "type": "Feature", "properties": { "OBJECTID": 1445, "OBJECTID_1": 1448.0, "OBJECTID_12": 1119.0, "Toponimo_Antiguo": "Sidyma", "Toponimo_Moderno": "Dudurga Asari", "Provincia": "LYCIA", "Pais": "Turquia", "Categoria": "Ciudad" }, "geometry": { "type": "Point", "coordinates": [ 29.197819, 36.409728, 0.0 ] } },
{ "type": "Feature", "properties": { "OBJECTID": 1446, "OBJECTID_1": 1449.0, "OBJECTID_12": 1121.0, "Toponimo_Antiguo": "Simena", "Toponimo_Moderno": "Kaleköy", "Provincia": "LYCIA", "Pais": "Turquia", "Categoria": "Ciudad" }, "geometry": { "type": "Point", "coordinates": [ 29.86135, 36.190221, 0.0 ] } },
{ "type": "Feature", "properties": { "OBJECTID": 1447, "OBJECTID_1": 1450.0, "OBJECTID_12": 1122.0, "Toponimo_Antiguo": "Telmessus", "Toponimo_Moderno": "Fethiye", "Provincia": "LYCIA", "Pais": "Turquia", "Categoria": "Ciudad" }, "geometry": { "type": "Point", "coordinates": [ 29.116464, 36.621188, 0.0 ] } },
{ "type": "Feature", "properties": { "OBJECTID": 1448, "OBJECTID_1": 1451.0, "OBJECTID_12": 1125.0, "Toponimo_Antiguo": "Tlos", "Toponimo_Moderno": "Dilver", "Provincia": "LYCIA", "Pais": "Turquia", "Categoria": "Ciudad" }, "geometry": { "type": "Point", "coordinates": [ 29.420789, 36.553889, 0.0 ] } },
{ "type": "Feature", "properties": { "OBJECTID": 1449, "OBJECTID_1": 1452.0, "OBJECTID_12": 1127.0, "Toponimo_Antiguo": "Xanthus", "Toponimo_Moderno": "Kinik", "Provincia": "LYCIA", "Pais": "Turquia", "Categoria": "Ciudad" }, "geometry": { "type": "Point", "coordinates": [ 29.319885, 36.356552, 0.0 ] } },
{ "type": "Feature", "properties": { "OBJECTID": 1450, "OBJECTID_1": 1453.0, "OBJECTID_12": 379.0, "Toponimo_Antiguo": "Prusias", "Toponimo_Moderno": "Konuralp", "Provincia": "HONORIAS", "Pais": "Turquia", "Categoria": "Ciudad" }, "geometry": { "type": "Point", "coordinates": [ 31.148171, 40.905988, 0.0 ] } },
{ "type": "Feature", "properties": { "OBJECTID": 1451, "OBJECTID_1": 1454.0, "OBJECTID_12": 381.0, "Toponimo_Antiguo": "Tius", "Toponimo_Moderno": "Hisarönü", "Provincia": "HONORIAS", "Pais": "Turquia", "Categoria": "Ciudad" }, "geometry": { "type": "Point", "coordinates": [ 32.055366, 41.558273, 0.0 ] } },
{ "type": "Feature", "properties": { "OBJECTID": 1452, "OBJECTID_1": 1455.0, "OBJECTID_12": 1511.0, "Toponimo_Antiguo": "Heraclea", "Toponimo_Moderno": "Eregli", "Provincia": "HONORIAS", "Pais": "Turquia", "Categoria": "Ciudad" }, "geometry": { "type": "Point", "coordinates": [ 31.426920007000035, 41.278625090000048, 0.0 ] } },
{ "type": "Feature", "properties": { "OBJECTID": 1453, "OBJECTID_1": 1456.0, "OBJECTID_12": 1512.0, "Toponimo_Antiguo": "Claudiopolis", "Toponimo_Moderno": "Bolu", "Provincia": "HONORIAS", "Pais": "Turquia", "Categoria": "Capital Provincia" }, "geometry": { "type": "Point", "coordinates": [ 31.600504990000047, 40.73692389100006, 0.0 ] } },
{ "type": "Feature", "properties": { "OBJECTID": 1454, "OBJECTID_1": 1457.0, "OBJECTID_12": 250.0, "Toponimo_Antiguo": "Amorium", "Toponimo_Moderno": "Hisarköy", "Provincia": "GALATIA II SALUTARIS", "Pais": "Turquia", "Categoria": "Ciudad" }, "geometry": { "type": "Point", "coordinates": [ 31.320619, 39.035611, 0.0 ] } },
{ "type": "Feature", "properties": { "OBJECTID": 1455, "OBJECTID_1": 1458.0, "OBJECTID_12": 305.0, "Toponimo_Antiguo": "Pessinus", "Toponimo_Moderno": "Sivrihisar", "Provincia": "GALATIA II SALUTARIS", "Pais": "Turquia", "Categoria": "Capital Provincia" }, "geometry": { "type": "Point", "coordinates": [ 31.551393, 39.381063, 0.0 ] } },
{ "type": "Feature", "properties": { "OBJECTID": 1456, "OBJECTID_1": 1459.0, "OBJECTID_12": 415.0, "Toponimo_Antiguo": "Germa", "Toponimo_Moderno": "Babadat", "Provincia": "GALATIA II SALUTARIS", "Pais": "Turquia", "Categoria": "Ciudad" }, "geometry": { "type": "Point", "coordinates": [ 31.616172, 39.511421, 0.0 ] } },
{ "type": "Feature", "properties": { "OBJECTID": 1457, "OBJECTID_1": 1460.0, "OBJECTID_12": 44.0, "Toponimo_Antiguo": "Hephaestia", "Toponimo_Moderno": "Unknown", "Provincia": "INSULAE", "Pais": "Grecia", "Categoria": "Ciudad" }, "geometry": { "type": "Point", "coordinates": [ 25.324204, 39.95907, 0.0 ] } },
{ "type": "Feature", "properties": { "OBJECTID": 1458, "OBJECTID_1": 1461.0, "OBJECTID_12": 102.0, "Toponimo_Antiguo": "Thera", "Toponimo_Moderno": "Thera", "Provincia": "INSULAE", "Pais": "Grecia", "Categoria": "Ciudad" }, "geometry": { "type": "Point", "coordinates": [ 25.474522, 36.352514, 0.0 ] } },
{ "type": "Feature", "properties": { "OBJECTID": 1459, "OBJECTID_1": 1462.0, "OBJECTID_12": 157.0, "Toponimo_Antiguo": "Abbir Maius", "Toponimo_Moderno": "Henchir en Naam", "Provincia": "AFRICA PROCONSULARIS", "Pais": "Tunez", "Categoria": "Ciudad" }, "geometry": { "type": "Point", "coordinates": [ 10.008827, 36.374, 0.0 ] } },
{ "type": "Feature", "properties": { "OBJECTID": 1460, "OBJECTID_1": 1463.0, "OBJECTID_12": 158.0, "Toponimo_Antiguo": "Abitinae", "Toponimo_Moderno": "Choud el Battan", "Provincia": "AFRICA PROCONSULARIS", "Pais": "Tunez", "Categoria": "Ciudad" }, "geometry": { "type": "Point", "coordinates": [ 9.549085, 36.627875, 0.0 ] } },
{ "type": "Feature", "properties": { "OBJECTID": 1461, "OBJECTID_1": 1464.0, "OBJECTID_12": 159.0, "Toponimo_Antiguo": "Abthungi", "Toponimo_Moderno": "Henchir es Souar", "Provincia": "AFRICA PROCONSULARIS", "Pais": "Tunez", "Categoria": "Ciudad" }, "geometry": { "type": "Point", "coordinates": [ 10.019787, 36.199895, 0.0 ] } },
{ "type": "Feature", "properties": { "OBJECTID": 1462, "OBJECTID_1": 1465.0, "OBJECTID_12": 161.0, "Toponimo_Antiguo": "Agbia", "Toponimo_Moderno": "Henchir Ain Hedja", "Provincia": "AFRICA PROCONSULARIS", "Pais": "Tunez", "Categoria": "Ciudad" }, "geometry": { "type": "Point", "coordinates": [ 9.229926, 36.391389, 0.0 ] } },
{ "type": "Feature", "properties": { "OBJECTID": 1463, "OBJECTID_1": 1466.0, "OBJECTID_12": 163.0, "Toponimo_Antiguo": "Apisa Maius", "Toponimo_Moderno": "Tarf ech Chena", "Provincia": "AFRICA PROCONSULARIS", "Pais": "Tunez", "Categoria": "Ciudad" }, "geometry": { "type": "Point", "coordinates": [ 9.722376, 36.34713, 0.0 ] } },
{ "type": "Feature", "properties": { "OBJECTID": 1464, "OBJECTID_1": 1467.0, "OBJECTID_12": 164.0, "Toponimo_Antiguo": "Aunobari", "Toponimo_Moderno": "Henchir Kern el Kebch", "Provincia": "AFRICA PROCONSULARIS", "Pais": "Tunez", "Categoria": "Ciudad" }, "geometry": { "type": "Point", "coordinates": [ 9.153496, 36.36639, 0.0 ] } },
{ "type": "Feature", "properties": { "OBJECTID": 1465, "OBJECTID_1": 1468.0, "OBJECTID_12": 165.0, "Toponimo_Antiguo": "Avedda", "Toponimo_Moderno": "Henchir Bedd", "Provincia": "AFRICA PROCONSULARIS", "Pais": "Tunez", "Categoria": "Ciudad" }, "geometry": { "type": "Point", "coordinates": [ 9.581767, 36.795288, 0.0 ] } },
{ "type": "Feature", "properties": { "OBJECTID": 1466, "OBJECTID_1": 1469.0, "OBJECTID_12": 166.0, "Toponimo_Antiguo": "Avitta", "Toponimo_Moderno": "Henchir Bou Ftis", "Provincia": "AFRICA PROCONSULARIS", "Pais": "Tunez", "Categoria": "Ciudad" }, "geometry": { "type": "Point", "coordinates": [ 9.705949, 36.409022, 0.0 ] } },
{ "type": "Feature", "properties": { "OBJECTID": 1467, "OBJECTID_1": 1470.0, "OBJECTID_12": 168.0, "Toponimo_Antiguo": "Belalis", "Toponimo_Moderno": "Henchir el Faouar", "Provincia": "AFRICA PROCONSULARIS", "Pais": "Tunez", "Categoria": "Ciudad" }, "geometry": { "type": "Point", "coordinates": [ 9.470511, 36.873925, 0.0 ] } },
{ "type": "Feature", "properties": { "OBJECTID": 1468, "OBJECTID_1": 1471.0, "OBJECTID_12": 169.0, "Toponimo_Antiguo": "Bisica", "Toponimo_Moderno": "Henchir Bijga", "Provincia": "AFRICA PROCONSULARIS", "Pais": "Tunez", "Categoria": "Ciudad" }, "geometry": { "type": "Point", "coordinates": [ 9.634267, 36.397969, 0.0 ] } },
{ "type": "Feature", "properties": { "OBJECTID": 1469, "OBJECTID_1": 1472.0, "OBJECTID_12": 171.0, "Toponimo_Antiguo": "Carpis", "Toponimo_Moderno": "Mraissa", "Provincia": "AFRICA PROCONSULARIS", "Pais": "Tunez", "Categoria": "Ciudad" }, "geometry": { "type": "Point", "coordinates": [ 10.553122, 36.765245, 0.0 ] } },
{ "type": "Feature", "properties": { "OBJECTID": 1470, "OBJECTID_1": 1473.0, "OBJECTID_12": 172.0, "Toponimo_Antiguo": "Carthago", "Toponimo_Moderno": "Tunis", "Provincia": "AFRICA PROCONSULARIS", "Pais": "Tunez", "Categoria": "Capital Diocesis" }, "geometry": { "type": "Point", "coordinates": [ 10.327685, 36.851318, 0.0 ] } },
{ "type": "Feature", "properties": { "OBJECTID": 1471, "OBJECTID_1": 1474.0, "OBJECTID_12": 173.0, "Toponimo_Antiguo": "Chidibbia", "Toponimo_Moderno": "Slouguia", "Provincia": "AFRICA PROCONSULARIS", "Pais": "Tunez", "Categoria": "Ciudad" }, "geometry": { "type": "Point", "coordinates": [ 9.512, 36.5803, 0.0 ] } },
{ "type": "Feature", "properties": { "OBJECTID": 1472, "OBJECTID_1": 1475.0, "OBJECTID_12": 175.0, "Toponimo_Antiguo": "Clupea", "Toponimo_Moderno": "Kelibia", "Provincia": "AFRICA PROCONSULARIS", "Pais": "Tunez", "Categoria": "Ciudad" }, "geometry": { "type": "Point", "coordinates": [ 11.099916, 36.849616, 0.0 ] } },
{ "type": "Feature", "properties": { "OBJECTID": 1473, "OBJECTID_1": 1476.0, "OBJECTID_12": 176.0, "Toponimo_Antiguo": "Curubis", "Toponimo_Moderno": "Korba", "Provincia": "AFRICA PROCONSULARIS", "Pais": "Tunez", "Categoria": "Ciudad" }, "geometry": { "type": "Point", "coordinates": [ 10.857137, 36.57591, 0.0 ] } },
{ "type": "Feature", "properties": { "OBJECTID": 1474, "OBJECTID_1": 1477.0, "OBJECTID_12": 179.0, "Toponimo_Antiguo": "Hippo Diarrhytus", "Toponimo_Moderno": "Bizerte", "Provincia": "AFRICA PROCONSULARIS", "Pais": "Tunez", "Categoria": "Ciudad" }, "geometry": { "type": "Point", "coordinates": [ 9.8708, 37.272, 0.0 ] } },
{ "type": "Feature", "properties": { "OBJECTID": 1475, "OBJECTID_1": 1478.0, "OBJECTID_12": 182.0, "Toponimo_Antiguo": "Limisa", "Toponimo_Moderno": "Ksar Lemsa", "Provincia": "AFRICA PROCONSULARIS", "Pais": "Tunez", "Categoria": "Ciudad" }, "geometry": { "type": "Point", "coordinates": [ 9.691873, 36.035878, 0.0 ] } },
{ "type": "Feature", "properties": { "OBJECTID": 1476, "OBJECTID_1": 1479.0, "OBJECTID_12": 184.0, "Toponimo_Antiguo": "Mactaris", "Toponimo_Moderno": "Mactar", "Provincia": "AFRICA PROCONSULARIS", "Pais": "Tunez", "Categoria": "Ciudad" }, "geometry": { "type": "Point", "coordinates": [ 9.207183, 35.853814, 0.0 ] } },
{ "type": "Feature", "properties": { "OBJECTID": 1477, "OBJECTID_1": 1480.0, "OBJECTID_12": 185.0, "Toponimo_Antiguo": "Maraci", "Toponimo_Moderno": "Ksar Toual Zammel", "Provincia": "AFRICA PROCONSULARIS", "Pais": "Tunez", "Categoria": "Ciudad" }, "geometry": { "type": "Point", "coordinates": [ 9.222873, 36.029941, 0.0 ] } },
{ "type": "Feature", "properties": { "OBJECTID": 1478, "OBJECTID_1": 1481.0, "OBJECTID_12": 186.0, "Toponimo_Antiguo": "Maxula", "Toponimo_Moderno": "Radès", "Provincia": "AFRICA PROCONSULARIS", "Pais": "Tunez", "Categoria": "Ciudad" }, "geometry": { "type": "Point", "coordinates": [ 10.271569, 36.768841, 0.0 ] } },
{ "type": "Feature", "properties": { "OBJECTID": 1479, "OBJECTID_1": 1482.0, "OBJECTID_12": 188.0, "Toponimo_Antiguo": "Missua", "Toponimo_Moderno": "Sidi Daoud", "Provincia": "AFRICA PROCONSULARIS", "Pais": "Tunez", "Categoria": "Ciudad" }, "geometry": { "type": "Point", "coordinates": [ 10.899956, 36.999978, 0.0 ] } },
{ "type": "Feature", "properties": { "OBJECTID": 1480, "OBJECTID_1": 1483.0, "OBJECTID_12": 189.0, "Toponimo_Antiguo": "Neapolis", "Toponimo_Moderno": "Nabeul", "Provincia": "AFRICA PROCONSULARIS", "Pais": "Tunez", "Categoria": "Ciudad" }, "geometry": { "type": "Point", "coordinates": [ 10.73614, 36.453512, 0.0 ] } },
{ "type": "Feature", "properties": { "OBJECTID": 1481, "OBJECTID_1": 1484.0, "OBJECTID_12": 190.0, "Toponimo_Antiguo": "Numluli", "Toponimo_Moderno": "Henchir el Maatria", "Provincia": "AFRICA PROCONSULARIS", "Pais": "Tunez", "Categoria": "Ciudad" }, "geometry": { "type": "Point", "coordinates": [ 9.210529, 36.522784, 0.0 ] } },
{ "type": "Feature", "properties": { "OBJECTID": 1482, "OBJECTID_1": 1485.0, "OBJECTID_12": 193.0, "Toponimo_Antiguo": "Pupput", "Toponimo_Moderno": "Henchir Souk el Abiod", "Provincia": "AFRICA PROCONSULARIS", "Pais": "Tunez", "Categoria": "Ciudad" }, "geometry": { "type": "Point", "coordinates": [ 10.562216, 36.392998, 0.0 ] } },
{ "type": "Feature", "properties": { "OBJECTID": 1483, "OBJECTID_1": 1486.0, "OBJECTID_12": 196.0, "Toponimo_Antiguo": "Seressi", "Toponimo_Moderno": "Henchir Oum el Abouab", "Provincia": "AFRICA PROCONSULARIS", "Pais": "Tunez", "Categoria": "Ciudad" }, "geometry": { "type": "Point", "coordinates": [ 9.773609, 36.166741, 0.0 ] } },
{ "type": "Feature", "properties": { "OBJECTID": 1484, "OBJECTID_1": 1487.0, "OBJECTID_12": 203.0, "Toponimo_Antiguo": "Thibiuca", "Toponimo_Moderno": "Henchir Zouitina", "Provincia": "AFRICA PROCONSULARIS", "Pais": "Tunez", "Categoria": "Ciudad" }, "geometry": { "type": "Point", "coordinates": [ 9.750001, 36.750001, 0.0 ] } },
{ "type": "Feature", "properties": { "OBJECTID": 1485, "OBJECTID_1": 1488.0, "OBJECTID_12": 205.0, "Toponimo_Antiguo": "Thignica", "Toponimo_Moderno": "Aïn Tounga", "Provincia": "AFRICA PROCONSULARIS", "Pais": "Tunez", "Categoria": "Ciudad" }, "geometry": { "type": "Point", "coordinates": [ 9.361747, 36.52366, 0.0 ] } },
{ "type": "Feature", "properties": { "OBJECTID": 1486, "OBJECTID_1": 1489.0, "OBJECTID_12": 206.0, "Toponimo_Antiguo": "Thisica", "Toponimo_Moderno": "Aïn Tachegga", "Provincia": "AFRICA PROCONSULARIS", "Pais": "Tunez", "Categoria": "Ciudad" }, "geometry": { "type": "Point", "coordinates": [ 9.702008, 37.003737, 0.0 ] } },
{ "type": "Feature", "properties": { "OBJECTID": 1487, "OBJECTID_1": 1490.0, "OBJECTID_12": 207.0, "Toponimo_Antiguo": "Thuburbo Maius", "Toponimo_Moderno": "Henchir Kasbat", "Provincia": "AFRICA PROCONSULARIS", "Pais": "Tunez", "Categoria": "Ciudad" }, "geometry": { "type": "Point", "coordinates": [ 9.904195, 36.400856, 0.0 ] } },
{ "type": "Feature", "properties": { "OBJECTID": 1488, "OBJECTID_1": 1491.0, "OBJECTID_12": 208.0, "Toponimo_Antiguo": "Thuburbo Minus", "Toponimo_Moderno": "Tebourba", "Provincia": "AFRICA PROCONSULARIS", "Pais": "Tunez", "Categoria": "Ciudad" }, "geometry": { "type": "Point", "coordinates": [ 9.838642, 36.829599, 0.0 ] } },
{ "type": "Feature", "properties": { "OBJECTID": 1489, "OBJECTID_1": 1492.0, "OBJECTID_12": 209.0, "Toponimo_Antiguo": "Thubursicum Bure", "Toponimo_Moderno": "Teboursouk", "Provincia": "AFRICA PROCONSULARIS", "Pais": "Tunez", "Categoria": "Ciudad" }, "geometry": { "type": "Point", "coordinates": [ 9.24443, 36.461488, 0.0 ] } },
{ "type": "Feature", "properties": { "OBJECTID": 1490, "OBJECTID_1": 1493.0, "OBJECTID_12": 210.0, "Toponimo_Antiguo": "Thugga", "Toponimo_Moderno": "Dougga", "Provincia": "AFRICA PROCONSULARIS", "Pais": "Tunez", "Categoria": "Ciudad" }, "geometry": { "type": "Point", "coordinates": [ 9.2202, 36.4237, 0.0 ] } },
{ "type": "Feature", "properties": { "OBJECTID": 1491, "OBJECTID_1": 1494.0, "OBJECTID_12": 212.0, "Toponimo_Antiguo": "Tunisa", "Toponimo_Moderno": "Tunis", "Provincia": "AFRICA PROCONSULARIS", "Pais": "Tunez", "Categoria": "Ciudad" }, "geometry": { "type": "Point", "coordinates": [ 10.171649, 36.79923, 0.0 ] } },
{ "type": "Feature", "properties": { "OBJECTID": 1492, "OBJECTID_1": 1495.0, "OBJECTID_12": 215.0, "Toponimo_Antiguo": "Uthina", "Toponimo_Moderno": "Oudna", "Provincia": "AFRICA PROCONSULARIS", "Pais": "Tunez", "Categoria": "Ciudad" }, "geometry": { "type": "Point", "coordinates": [ 10.172746, 36.606899, 0.0 ] } },
{ "type": "Feature", "properties": { "OBJECTID": 1493, "OBJECTID_1": 1496.0, "OBJECTID_12": 216.0, "Toponimo_Antiguo": "Utica", "Toponimo_Moderno": "Utique", "Provincia": "AFRICA PROCONSULARIS", "Pais": "Tunez", "Categoria": "Ciudad" }, "geometry": { "type": "Point", "coordinates": [ 10.038, 37.0358, 0.0 ] } },
{ "type": "Feature", "properties": { "OBJECTID": 1494, "OBJECTID_1": 1497.0, "OBJECTID_12": 217.0, "Toponimo_Antiguo": "Uzalis", "Toponimo_Moderno": "Al Alia", "Provincia": "AFRICA PROCONSULARIS", "Pais": "Tunez", "Categoria": "Ciudad" }, "geometry": { "type": "Point", "coordinates": [ 10.033986, 37.169048, 0.0 ] } },
{ "type": "Feature", "properties": { "OBJECTID": 1495, "OBJECTID_1": 1498.0, "OBJECTID_12": 218.0, "Toponimo_Antiguo": "Vaga", "Toponimo_Moderno": "Béja", "Provincia": "AFRICA PROCONSULARIS", "Pais": "Tunez", "Categoria": "Ciudad" }, "geometry": { "type": "Point", "coordinates": [ 9.182019, 36.725536, 0.0 ] } },
{ "type": "Feature", "properties": { "OBJECTID": 1496, "OBJECTID_1": 1499.0, "OBJECTID_12": 219.0, "Toponimo_Antiguo": "Vallis", "Toponimo_Moderno": "Henchir Sidi Median", "Provincia": "AFRICA PROCONSULARIS", "Pais": "Tunez", "Categoria": "Ciudad" }, "geometry": { "type": "Point", "coordinates": [ 9.750001, 36.750001, 0.0 ] } },
{ "type": "Feature", "properties": { "OBJECTID": 1497, "OBJECTID_1": 1500.0, "OBJECTID_12": 220.0, "Toponimo_Antiguo": "Zama Regia", "Toponimo_Moderno": "Seba Biar", "Provincia": "AFRICA PROCONSULARIS", "Pais": "Tunez", "Categoria": "Ciudad" }, "geometry": { "type": "Point", "coordinates": [ 9.285786, 36.111664, 0.0 ] } },
{ "type": "Feature", "properties": { "OBJECTID": 1498, "OBJECTID_1": 1501.0, "OBJECTID_12": 299.0, "Toponimo_Antiguo": "Myndus", "Toponimo_Moderno": "Gümüslük", "Provincia": "CARIA", "Pais": "Turquia", "Categoria": "Ciudad" }, "geometry": { "type": "Point", "coordinates": [ 27.233275, 37.052928, 0.0 ] } },
{ "type": "Feature", "properties": { "OBJECTID": 1499, "OBJECTID_1": 1502.0, "OBJECTID_12": 350.0, "Toponimo_Antiguo": "Malaca", "Toponimo_Moderno": "Málaga", "Provincia": "BAETICA", "Pais": "España", "Categoria": "Ciudad" }, "geometry": { "type": "Point", "coordinates": [ -4.416667, 36.716667, 0.0 ] } },
{ "type": "Feature", "properties": { "OBJECTID": 1500, "OBJECTID_1": 1503.0, "OBJECTID_12": 838.0, "Toponimo_Antiguo": "Crotona", "Toponimo_Moderno": "Crotone", "Provincia": "LUCANIA ET BRUTTII", "Pais": "Italia", "Categoria": "Ciudad" }, "geometry": { "type": "Point", "coordinates": [ 17.146875, 39.079077, 0.0 ] } },
{ "type": "Feature", "properties": { "OBJECTID": 1501, "OBJECTID_1": 1504.0, "OBJECTID_12": 943.0, "Toponimo_Antiguo": "Alsium", "Toponimo_Moderno": "Palo", "Provincia": "ROMA URBS", "Pais": "Italia", "Categoria": "Ciudad" }, "geometry": { "type": "Point", "coordinates": [ 12.1, 41.933333, 0.0 ] } },
{ "type": "Feature", "properties": { "OBJECTID": 1502, "OBJECTID_1": 1505.0, "OBJECTID_12": 1111.0, "Toponimo_Antiguo": "Phaselis", "Toponimo_Moderno": "Tekirova", "Provincia": "LYCIA", "Pais": "Turquia", "Categoria": "Ciudad" }, "geometry": { "type": "Point", "coordinates": [ 30.548712, 36.52178, 0.0 ] } },
{ "type": "Feature", "properties": { "OBJECTID": 1503, "OBJECTID_1": 1506.0, "OBJECTID_12": 1219.0, "Toponimo_Antiguo": "Althiburos", "Toponimo_Moderno": "Medeina", "Provincia": "AFRICA PROCONSULARIS", "Pais": "Tunez", "Categoria": "Ciudad" }, "geometry": { "type": "Point", "coordinates": [ 8.831793, 35.943841, 0.0 ] } },
{ "type": "Feature", "properties": { "OBJECTID": 1504, "OBJECTID_1": 1507.0, "OBJECTID_12": 1221.0, "Toponimo_Antiguo": "Assuras", "Toponimo_Moderno": "Henchir Zenfour", "Provincia": "AFRICA PROCONSULARIS", "Pais": "Tunez", "Categoria": "Ciudad" }, "geometry": { "type": "Point", "coordinates": [ 9.022305, 35.993286, 0.0 ] } },
{ "type": "Feature", "properties": { "OBJECTID": 1505, "OBJECTID_1": 1508.0, "OBJECTID_12": 1222.0, "Toponimo_Antiguo": "Bulla Regia", "Toponimo_Moderno": "Hammam Darradji", "Provincia": "AFRICA PROCONSULARIS", "Pais": "Tunez", "Categoria": "Ciudad" }, "geometry": { "type": "Point", "coordinates": [ 8.756092, 36.558576, 0.0 ] } },
{ "type": "Feature", "properties": { "OBJECTID": 1506, "OBJECTID_1": 1509.0, "OBJECTID_12": 1223.0, "Toponimo_Antiguo": "Calama", "Toponimo_Moderno": "Guelma", "Provincia": "AFRICA PROCONSULARIS", "Pais": "Argelia", "Categoria": "Ciudad" }, "geometry": { "type": "Point", "coordinates": [ 7.428361, 36.4659, 0.0 ] } },
{ "type": "Feature", "properties": { "OBJECTID": 1507, "OBJECTID_1": 1510.0, "OBJECTID_12": 1226.0, "Toponimo_Antiguo": "Civitas Nattabutum", "Toponimo_Moderno": "Oumm Guerriche", "Provincia": "AFRICA PROCONSULARIS", "Pais": "Argelia", "Categoria": "Ciudad" }, "geometry": { "type": "Point", "coordinates": [ 7.260549, 36.239408, 0.0 ] } },
{ "type": "Feature", "properties": { "OBJECTID": 1508, "OBJECTID_1": 1511.0, "OBJECTID_12": 1227.0, "Toponimo_Antiguo": "Hippo Regius", "Toponimo_Moderno": "Annaba", "Provincia": "AFRICA PROCONSULARIS", "Pais": "Argelia", "Categoria": "Ciudad" }, "geometry": { "type": "Point", "coordinates": [ 7.7571, 36.9007, 0.0 ] } },
{ "type": "Feature", "properties": { "OBJECTID": 1509, "OBJECTID_1": 1512.0, "OBJECTID_12": 1230.0, "Toponimo_Antiguo": "Lares", "Toponimo_Moderno": "Henchir Lorbeus", "Provincia": "AFRICA PROCONSULARIS", "Pais": "Tunez", "Categoria": "Ciudad" }, "geometry": { "type": "Point", "coordinates": [ 8.841397, 36.081288, 0.0 ] } },
{ "type": "Feature", "properties": { "OBJECTID": 1510, "OBJECTID_1": 1513.0, "OBJECTID_12": 1231.0, "Toponimo_Antiguo": "Madauros", "Toponimo_Moderno": "Madaurouch", "Provincia": "AFRICA PROCONSULARIS", "Pais": "Argelia", "Categoria": "Ciudad" }, "geometry": { "type": "Point", "coordinates": [ 7.902356, 36.07783, 0.0 ] } },
{ "type": "Feature", "properties": { "OBJECTID": 1511, "OBJECTID_1": 1514.0, "OBJECTID_12": 1233.0, "Toponimo_Antiguo": "Musti", "Toponimo_Moderno": "Henchir Mest", "Provincia": "AFRICA PROCONSULARIS", "Pais": "Tunez", "Categoria": "Ciudad" }, "geometry": { "type": "Point", "coordinates": [ 9.143018, 36.336294, 0.0 ] } },
{ "type": "Feature", "properties": { "OBJECTID": 1512, "OBJECTID_1": 1515.0, "OBJECTID_12": 1235.0, "Toponimo_Antiguo": "Sicca Veneria", "Toponimo_Moderno": "El Kef", "Provincia": "AFRICA PROCONSULARIS", "Pais": "Tunez", "Categoria": "Ciudad" }, "geometry": { "type": "Point", "coordinates": [ 8.708877, 36.174527, 0.0 ] } },
{ "type": "Feature", "properties": { "OBJECTID": 1513, "OBJECTID_1": 1516.0, "OBJECTID_12": 1236.0, "Toponimo_Antiguo": "Simitthus", "Toponimo_Moderno": "Chemtou", "Provincia": "AFRICA PROCONSULARIS", "Pais": "Tunez", "Categoria": "Ciudad" }, "geometry": { "type": "Point", "coordinates": [ 8.57355, 36.49092, 0.0 ] } },
{ "type": "Feature", "properties": { "OBJECTID": 1514, "OBJECTID_1": 1517.0, "OBJECTID_12": 1237.0, "Toponimo_Antiguo": "Thabraca", "Toponimo_Moderno": "Tabarka", "Provincia": "AFRICA PROCONSULARIS", "Pais": "Tunez", "Categoria": "Ciudad" }, "geometry": { "type": "Point", "coordinates": [ 8.748512, 36.956243, 0.0 ] } },
{ "type": "Feature", "properties": { "OBJECTID": 1515, "OBJECTID_1": 1518.0, "OBJECTID_12": 1241.0, "Toponimo_Antiguo": "Thibilis", "Toponimo_Moderno": "Announa", "Provincia": "AFRICA PROCONSULARIS", "Pais": "Argelia", "Categoria": "Ciudad" }, "geometry": { "type": "Point", "coordinates": [ 7.250033, 36.382567, 0.0 ] } },
{ "type": "Feature", "properties": { "OBJECTID": 1516, "OBJECTID_1": 1519.0, "OBJECTID_12": 1242.0, "Toponimo_Antiguo": "Thuburnica", "Toponimo_Moderno": "Sidi Ali bel Kassem", "Provincia": "AFRICA PROCONSULARIS", "Pais": "Tunez", "Categoria": "Ciudad" }, "geometry": { "type": "Point", "coordinates": [ 8.461267, 36.527541, 0.0 ] } },
{ "type": "Feature", "properties": { "OBJECTID": 1517, "OBJECTID_1": 1520.0, "OBJECTID_12": 1243.0, "Toponimo_Antiguo": "Thubursicum Numidarum", "Toponimo_Moderno": "Khamissa", "Provincia": "AFRICA PROCONSULARIS", "Pais": "Argelia", "Categoria": "Ciudad" }, "geometry": { "type": "Point", "coordinates": [ 7.655351, 36.193186, 0.0 ] } },
{ "type": "Feature", "properties": { "OBJECTID": 1518, "OBJECTID_1": 1521.0, "OBJECTID_12": 1244.0, "Toponimo_Antiguo": "Thunusidum", "Toponimo_Moderno": "Sidi Meskin", "Provincia": "AFRICA PROCONSULARIS", "Pais": "Tunez", "Categoria": "Ciudad" }, "geometry": { "type": "Point", "coordinates": [ 8.6659, 36.451828, 0.0 ] } },
{ "type": "Feature", "properties": { "OBJECTID": 1519, "OBJECTID_1": 1522.0, "OBJECTID_12": 1246.0, "Toponimo_Antiguo": "Uchi Maius", "Toponimo_Moderno": "Henchir Douamis", "Provincia": "AFRICA PROCONSULARIS", "Pais": "Tunez", "Categoria": "Ciudad" }, "geometry": { "type": "Point", "coordinates": [ 9.085256, 36.412338, 0.0 ] } },
{ "type": "Feature", "properties": { "OBJECTID": 1520, "OBJECTID_1": 1523.0, "OBJECTID_12": 1370.0, "Toponimo_Antiguo": "Panaetorum", "Toponimo_Moderno": "Matrouh", "Provincia": "LIBYA INFERIOR", "Pais": "Egipto", "Categoria": "Capital Provincia" }, "geometry": { "type": "Point", "coordinates": [ 27.239303589000031, 31.356805802000054, 0.0 ] } },
{ "type": "Feature", "properties": { "OBJECTID": 1521, "OBJECTID_1": 1524.0, "OBJECTID_12": 1401.0, "Toponimo_Antiguo": "Tagaste", "Toponimo_Moderno": "Ouenza", "Provincia": "AFRICA PROCONSULARIS", "Pais": "Tunez", "Categoria": "Ciudad" }, "geometry": { "type": "Point", "coordinates": [ 8.131483963000051, 35.946961119000036, 0.0 ] } },
{ "type": "Feature", "properties": { "OBJECTID": 1522, "OBJECTID_1": 1525.0, "OBJECTID_12": 1402.0, "Toponimo_Antiguo": "Tipasa", "Toponimo_Moderno": "Sakiet Sidi Youssef", "Provincia": "AFRICA PROCONSULARIS", "Pais": "Tunez", "Categoria": "Ciudad" }, "geometry": { "type": "Point", "coordinates": [ 8.367496652000057, 36.233160786000042, 0.0 ] } },
{ "type": "Feature", "properties": { "OBJECTID": 1523, "OBJECTID_1": 1526.0, "OBJECTID_12": 1444.0, "Toponimo_Antiguo": "Traiectum", "Toponimo_Moderno": "Utrecht", "Provincia": "GERMANIA II", "Pais": "Paises Bajos", "Categoria": "Ciudad" }, "geometry": { "type": "Point", "coordinates": [ 5.10749316700003, 51.998706355000081, 0.0 ] } },
{ "type": "Feature", "properties": { "OBJECTID": 1524, "OBJECTID_1": 1527.0, "OBJECTID_12": null, "Toponimo_Antiguo": "Forum Claudii Ceutronum", "Toponimo_Moderno": "Near Aime-la-Plagne", "Provincia": "ALPES POENIAE ET GRAIAE", "Pais": "Francia", "Categoria": "Ciudad" }, "geometry": { "type": "Point", "coordinates": [ 6.661861656000042, 45.561838694000073, 0.0 ] } },
{ "type": "Feature", "properties": { "OBJECTID": 1525, "OBJECTID_1": 1528.0, "OBJECTID_12": null, "Toponimo_Antiguo": "Bozok", "Toponimo_Moderno": "Near Sorgun", "Provincia": "CAPPADOCIA I", "Pais": "Turquia", "Categoria": "Ciudad" }, "geometry": { "type": "Point", "coordinates": [ 35.16317, 39.82278, 0.0 ] } },
{ "type": "Feature", "properties": { "OBJECTID": 1526, "OBJECTID_1": 1529.0, "OBJECTID_12": null, "Toponimo_Antiguo": "Malakopeia", "Toponimo_Moderno": "Unknown", "Provincia": "CAPPADOCIA I", "Pais": "Turquia", "Categoria": "Ciudad" }, "geometry": { "type": "Point", "coordinates": [ 35.23856, 39.28606, 0.0 ] } },
{ "type": "Feature", "properties": { "OBJECTID": 1527, "OBJECTID_1": 1531.0, "OBJECTID_12": null, "Toponimo_Antiguo": "Sarmalius", "Toponimo_Moderno": "Kirikkale", "Provincia": "GALATIA I", "Pais": "Turquia", "Categoria": "Ciudad" }, "geometry": { "type": "Point", "coordinates": [ 33.497900734000041, 39.841888980000078, 0.0 ] } },
{ "type": "Feature", "properties": { "OBJECTID": 1528, "OBJECTID_1": 1532.0, "OBJECTID_12": null, "Toponimo_Antiguo": "Balbadon", "Toponimo_Moderno": "Balba", "Provincia": "GALATIA I", "Pais": "Turquia", "Categoria": "Ciudad" }, "geometry": { "type": "Point", "coordinates": [ 32.96227, 39.59761, 0.0 ] } },
{ "type": "Feature", "properties": { "OBJECTID": 1529, "OBJECTID_1": 1533.0, "OBJECTID_12": null, "Toponimo_Antiguo": "Gordion", "Toponimo_Moderno": "Near Polatli", "Provincia": "GALATIA II SALUTARIS", "Pais": "Turquia", "Categoria": "Ciudad" }, "geometry": { "type": "Point", "coordinates": [ 32.192490203000034, 39.624539516000027, 0.0 ] } },
{ "type": "Feature", "properties": { "OBJECTID": 1530, "OBJECTID_1": 1535.0, "OBJECTID_12": null, "Toponimo_Antiguo": "Ecdaumaba", "Toponimo_Moderno": "Near Cesmelisebil", "Provincia": "GALATIA II SALUTARIS", "Pais": "Turquia", "Categoria": "Ciudad" }, "geometry": { "type": "Point", "coordinates": [ 32.56845583300003, 38.619057081000051, 0.0 ] } },
{ "type": "Feature", "properties": { "OBJECTID": 1531, "OBJECTID_1": 1536.0, "OBJECTID_12": null, "Toponimo_Antiguo": "Tiberiopolis", "Toponimo_Moderno": "Strumica", "Provincia": "MACEDONIA II SALUTARIS", "Pais": "Macedonia", "Categoria": "Ciudad" }, "geometry": { "type": "Point", "coordinates": [ 22.650100250000037, 41.461345665000067, 0.0 ] } },
{ "type": "Feature", "properties": { "OBJECTID": 1532, "OBJECTID_1": 1537.0, "OBJECTID_12": null, "Toponimo_Antiguo": "Astibus", "Toponimo_Moderno": "Stip", "Provincia": "MACEDONIA II SALUTARIS", "Pais": "Macedonia", "Categoria": "Ciudad" }, "geometry": { "type": "Point", "coordinates": [ 22.165964348000045, 41.726617089000058, 0.0 ] } },
{ "type": "Feature", "properties": { "OBJECTID": 1533, "OBJECTID_1": 1539.0, "OBJECTID_12": null, "Toponimo_Antiguo": "Marida", "Toponimo_Moderno": "Marlin", "Provincia": "MESOPOTAMIA", "Pais": "Turquia", "Categoria": "Ciudad" }, "geometry": { "type": "Point", "coordinates": [ 40.7028, 37.336, 0.0 ] } },
{ "type": "Feature", "properties": { "OBJECTID": 1534, "OBJECTID_1": 1540.0, "OBJECTID_12": null, "Toponimo_Antiguo": "Margus", "Toponimo_Moderno": "Near Pozarevac", "Provincia": "MOESIA I", "Pais": "Serbia", "Categoria": "Ciudad" }, "geometry": { "type": "Point", "coordinates": [ 21.32951, 44.49313, 0.0 ] } },
{ "type": "Feature", "properties": { "OBJECTID": 1535, "OBJECTID_1": 1541.0, "OBJECTID_12": null, "Toponimo_Antiguo": "Claudia Augusta", "Toponimo_Moderno": "Landeck", "Provincia": "RAETIA I", "Pais": "Austria", "Categoria": "Ciudad" }, "geometry": { "type": "Point", "coordinates": [ 10.572624241000028, 47.148256898000056, 0.0 ] } },
{ "type": "Feature", "properties": { "OBJECTID": 1536, "OBJECTID_1": 1542.0, "OBJECTID_12": null, "Toponimo_Antiguo": "Bessapara", "Toponimo_Moderno": "Near Pazardzhik", "Provincia": "THRACIA", "Pais": "Bulgaria", "Categoria": "Ciudad" }, "geometry": { "type": "Point", "coordinates": [ 24.22499496100005, 42.227614595000034, 0.0 ] } },
{ "type": "Feature", "properties": { "OBJECTID": 1537, "OBJECTID_1": 1543.0, "OBJECTID_12": null, "Toponimo_Antiguo": "Alces", "Toponimo_Moderno": "Campo de Criptana", "Provincia": "CARTHAGINIENSIS", "Pais": "España", "Categoria": "Ciudad" }, "geometry": { "type": "Point", "coordinates": [ -3.09735988999995, 39.403587911000045, 0.0 ] } },
{ "type": "Feature", "properties": { "OBJECTID": 1538, "OBJECTID_1": 1544.0, "OBJECTID_12": null, "Toponimo_Antiguo": "Pollentia", "Toponimo_Moderno": "Pollenzo", "Provincia": "ALPES COTTIAE", "Pais": "Italia", "Categoria": "Ciudad" }, "geometry": { "type": "Point", "coordinates": [ 7.895886907000033, 44.68399319100007, 0.0 ] } },
{ "type": "Feature", "properties": { "OBJECTID": 1539, "OBJECTID_1": 1546.0, "OBJECTID_12": null, "Toponimo_Antiguo": "Passau", "Toponimo_Moderno": "Passau", "Provincia": "RAETIA II", "Pais": "Alemania", "Categoria": "Ciudad" }, "geometry": { "type": "Point", "coordinates": [ 13.441192447000049, 48.569405775000064, 0.0 ] } },
{ "type": "Feature", "properties": { "OBJECTID": 1540, "OBJECTID_1": null, "OBJECTID_12": null, "Toponimo_Antiguo": "Lugdunum Batavorum", "Toponimo_Moderno": "Katwijk", "Provincia": "GERMANIA II", "Pais": "Países Bajos", "Categoria": "Ciudad" }, "geometry": { "type": "Point", "coordinates": [ 4.40132, 52.20295, 0.0 ] } },
{ "type": "Feature", "properties": { "OBJECTID": 1541, "OBJECTID_1": null, "OBJECTID_12": null, "Toponimo_Antiguo": "Ruse", "Toponimo_Moderno": "Sexaginta Prista", "Provincia": "MOESIA II", "Pais": "Bulgaria", "Categoria": "Ciudad" }, "geometry": { "type": "Point", "coordinates": [ 25.979260004000025, 43.856020005000062, 0.0 ] } },
{ "type": "Feature", "properties": { "OBJECTID": 1542, "OBJECTID_1": null, "OBJECTID_12": null, "Toponimo_Antiguo": "Basti", "Toponimo_Moderno": "Baza", "Provincia": "CARTHAGINIENSIS", "Pais": "España", "Categoria": "Ciudad" }, "geometry": { "type": "Point", "coordinates": [ -2.771506189999968, 37.489245950000054, 0.0 ] } },
{ "type": "Feature", "properties": { "OBJECTID": 1543, "OBJECTID_1": null, "OBJECTID_12": null, "Toponimo_Antiguo": "Beacia", "Toponimo_Moderno": "Baeza", "Provincia": "CARTHAGINIENSIS", "Pais": "España", "Categoria": "Ciudad" }, "geometry": { "type": "Point", "coordinates": [ -3.469768502999955, 37.99345097500003, 0.0 ] } },
{ "type": "Feature", "properties": { "OBJECTID": 1544, "OBJECTID_1": null, "OBJECTID_12": null, "Toponimo_Antiguo": "Bigastrum", "Toponimo_Moderno": "Cehegín", "Provincia": "CARTHAGINIENSIS", "Pais": "España", "Categoria": "Ciudad" }, "geometry": { "type": "Point", "coordinates": [ -1.798138754999968, 38.101869676000035, 0.0 ] } },
{ "type": "Feature", "properties": { "OBJECTID": 1545, "OBJECTID_1": null, "OBJECTID_12": null, "Toponimo_Antiguo": "Elotana", "Toponimo_Moderno": "Hellín", "Provincia": "CARTHAGINIENSIS", "Pais": "España", "Categoria": "Ciudad" }, "geometry": { "type": "Point", "coordinates": [ -1.606304239999929, 38.476369976000058, 0.0 ] } },
{ "type": "Feature", "properties": { "OBJECTID": 1546, "OBJECTID_1": null, "OBJECTID_12": null, "Toponimo_Antiguo": "Mentesa", "Toponimo_Moderno": "La Guardia de Jaén", "Provincia": "CARTHAGINIENSIS", "Pais": "España", "Categoria": "Ciudad" }, "geometry": { "type": "Point", "coordinates": [ -3.694502393999926, 37.742898301000025, 0.0 ] } },
{ "type": "Feature", "properties": { "OBJECTID": 1547, "OBJECTID_1": null, "OBJECTID_12": null, "Toponimo_Antiguo": "Eliocroca", "Toponimo_Moderno": "Lorca", "Provincia": "CARTHAGINIENSIS", "Pais": "España", "Categoria": "Ciudad" }, "geometry": { "type": "Point", "coordinates": [ -1.699459076999972, 37.672425660000044, 0.0 ] } },
{ "type": "Feature", "properties": { "OBJECTID": 1548, "OBJECTID_1": null, "OBJECTID_12": null, "Toponimo_Antiguo": "Oretum", "Toponimo_Moderno": "Granátula de Calatrava", "Provincia": "CARTHAGINIENSIS", "Pais": "España", "Categoria": "Ciudad" }, "geometry": { "type": "Point", "coordinates": [ -3.738981635999949, 38.788534146000075, 0.0 ] } },
{ "type": "Feature", "properties": { "OBJECTID": 1549, "OBJECTID_1": null, "OBJECTID_12": null, "Toponimo_Antiguo": "Igabrum", "Toponimo_Moderno": "Cabra", "Provincia": "BAETICA", "Pais": "España", "Categoria": "Ciudad" }, "geometry": { "type": "Point", "coordinates": [ -4.43500916399995, 37.47150786800006, 0.0 ] } },
{ "type": "Feature", "properties": { "OBJECTID": 1550, "OBJECTID_1": null, "OBJECTID_12": null, "Toponimo_Antiguo": "Ilipla", "Toponimo_Moderno": "Niebla", "Provincia": "BAETICA", "Pais": "España", "Categoria": "Ciudad" }, "geometry": { "type": "Point", "coordinates": [ -6.67967379199996, 37.361103042000025, 0.0 ] } },
{ "type": "Feature", "properties": { "OBJECTID": 1551, "OBJECTID_1": null, "OBJECTID_12": null, "Toponimo_Antiguo": "Abela", "Toponimo_Moderno": "Ávila", "Provincia": "LUSITANIA", "Pais": "España", "Categoria": "Ciudad" }, "geometry": { "type": "Point", "coordinates": [ -4.700595181999972, 40.656187988000056, 0.0 ] } },
{ "type": "Feature", "properties": { "OBJECTID": 1552, "OBJECTID_1": null, "OBJECTID_12": null, "Toponimo_Antiguo": "Beseo", "Toponimo_Moderno": "Viseu", "Provincia": "LUSITANIA", "Pais": "Portugal", "Categoria": "Ciudad" }, "geometry": { "type": "Point", "coordinates": [ -7.913099898999974, 40.657067108000035, 0.0 ] } },
{ "type": "Feature", "properties": { "OBJECTID": 1553, "OBJECTID_1": null, "OBJECTID_12": null, "Toponimo_Antiguo": "Caliabria", "Toponimo_Moderno": "Ciudad Rodrigo", "Provincia": "LUSITANIA", "Pais": "España", "Categoria": "Ciudad" }, "geometry": { "type": "Point", "coordinates": [ -6.540815039999927, 40.599255005000032, 0.0 ] } },
{ "type": "Feature", "properties": { "OBJECTID": 1554, "OBJECTID_1": null, "OBJECTID_12": null, "Toponimo_Antiguo": "Caurio", "Toponimo_Moderno": "Coria", "Provincia": "LUSITANIA", "Pais": "España", "Categoria": "Ciudad" }, "geometry": { "type": "Point", "coordinates": [ -6.537787993999927, 39.983197787000051, 0.0 ] } },
{ "type": "Feature", "properties": { "OBJECTID": 1555, "OBJECTID_1": null, "OBJECTID_12": null, "Toponimo_Antiguo": "Lameco", "Toponimo_Moderno": "Lamego", "Provincia": "LUSITANIA", "Pais": "Portugal", "Categoria": "Ciudad" }, "geometry": { "type": "Point", "coordinates": [ -7.810142803999952, 41.098511536000046, 0.0 ] } },
{ "type": "Feature", "properties": { "OBJECTID": 1557, "OBJECTID_1": null, "OBJECTID_12": null, "Toponimo_Antiguo": "Auria", "Toponimo_Moderno": "Orense", "Provincia": "GALLAECEA", "Pais": "España", "Categoria": "Ciudad" }, "geometry": { "type": "Point", "coordinates": [ -7.863965564999944, 42.340599758000053, 0.0 ] } },
{ "type": "Feature", "properties": { "OBJECTID": 1558, "OBJECTID_1": null, "OBJECTID_12": null, "Toponimo_Antiguo": "Dumio", "Toponimo_Moderno": "Dume", "Provincia": "GALLAECEA", "Pais": "Portugal", "Categoria": "Ciudad" }, "geometry": { "type": "Point", "coordinates": [ -8.43651381799998, 41.569015828000033, 0.0 ] } },
{ "type": "Feature", "properties": { "OBJECTID": 1559, "OBJECTID_1": null, "OBJECTID_12": null, "Toponimo_Antiguo": "Britonia", "Toponimo_Moderno": "Bretoña", "Provincia": "GALLAECEA", "Pais": "España", "Categoria": "Ciudad" }, "geometry": { "type": "Point", "coordinates": [ -7.317848260999938, 43.337500921000071, 0.0 ] } },
{ "type": "Feature", "properties": { "OBJECTID": 1560, "OBJECTID_1": null, "OBJECTID_12": null, "Toponimo_Antiguo": "Iria Flavia", "Toponimo_Moderno": "Santiago de Compostela", "Provincia": "GALLAECEA", "Pais": "España", "Categoria": "Ciudad" }, "geometry": { "type": "Point", "coordinates": [ -8.544349635999936, 42.880311689000052, 0.0 ] } },
{ "type": "Feature", "properties": { "OBJECTID": 1561, "OBJECTID_1": null, "OBJECTID_12": null, "Toponimo_Antiguo": "Magneto", "Toponimo_Moderno": "Meinedo", "Provincia": "GALLAECEA", "Pais": "Portugal", "Categoria": "Ciudad" }, "geometry": { "type": "Point", "coordinates": [ -8.252308350999954, 41.250974560000031, 0.0 ] } },
{ "type": "Feature", "properties": { "OBJECTID": 1562, "OBJECTID_1": null, "OBJECTID_12": null, "Toponimo_Antiguo": "Rude", "Toponimo_Moderno": "Tui", "Provincia": "GALLAECEA", "Pais": "España", "Categoria": "Ciudad" }, "geometry": { "type": "Point", "coordinates": [ -8.643932506999931, 42.046535372000051, 0.0 ] } },
{ "type": "Feature", "properties": { "OBJECTID": 1563, "OBJECTID_1": null, "OBJECTID_12": null, "Toponimo_Antiguo": "Auca", "Toponimo_Moderno": "Villafranca Montes de Oca", "Provincia": "TARRACONENSIS", "Pais": "Burgos", "Categoria": "Ciudad" }, "geometry": { "type": "Point", "coordinates": [ -3.309269548999964, 42.386764792000065, 0.0 ] } },
{ "type": "Feature", "properties": { "OBJECTID": 1564, "OBJECTID_1": null, "OBJECTID_12": null, "Toponimo_Antiguo": "Ausona", "Toponimo_Moderno": "Vich", "Provincia": "TARRACONENSIS", "Pais": "España", "Categoria": "Ciudad" }, "geometry": { "type": "Point", "coordinates": [ 2.254766656000072, 41.929967865000037, 0.0 ] } },
{ "type": "Feature", "properties": { "OBJECTID": 1565, "OBJECTID_1": null, "OBJECTID_12": null, "Toponimo_Antiguo": "Vareia", "Toponimo_Moderno": "Logroño", "Provincia": "TARRACONENSIS", "Pais": "España", "Categoria": "Ciudad" }, "geometry": { "type": "Point", "coordinates": [ -2.446335512999951, 42.465360980000071, 0.0 ] } },
{ "type": "Feature", "properties": { "OBJECTID": 1566, "OBJECTID_1": null, "OBJECTID_12": null, "Toponimo_Antiguo": "Egara", "Toponimo_Moderno": "Tarrasa", "Provincia": "TARRACONENSIS", "Pais": "España", "Categoria": "Ciudad" }, "geometry": { "type": "Point", "coordinates": [ 2.011031197000023, 41.562758777000056, 0.0 ] } },
{ "type": "Feature", "properties": { "OBJECTID": 1567, "OBJECTID_1": null, "OBJECTID_12": null, "Toponimo_Antiguo": "Tritium Magallum", "Toponimo_Moderno": "Tricio", "Provincia": "TARRACONENSIS", "Pais": "España", "Categoria": "Ciudad" }, "geometry": { "type": "Point", "coordinates": [ -2.718539528999941, 42.401927411000031, 0.0 ] } },
{ "type": "Feature", "properties": { "OBJECTID": 1568, "OBJECTID_1": null, "OBJECTID_12": null, "Toponimo_Antiguo": "Tutela", "Toponimo_Moderno": "Tudela", "Provincia": "TARRACONENSIS", "Pais": "España", "Categoria": "Ciudad" }, "geometry": { "type": "Point", "coordinates": [ -1.605866436999975, 42.063337422000075, 0.0 ] } },
{ "type": "Feature", "properties": { "OBJECTID": 1569, "OBJECTID_1": null, "OBJECTID_12": null, "Toponimo_Antiguo": "Deobriga", "Toponimo_Moderno": "Miranda del Ebro", "Provincia": "TARRACONENSIS", "Pais": "España", "Categoria": "Ciudad" }, "geometry": { "type": "Point", "coordinates": [ -2.901907398999981, 42.67817569500005, 0.0 ] } },
{ "type": "Feature", "properties": { "OBJECTID": 1570, "OBJECTID_1": null, "OBJECTID_12": null, "Toponimo_Antiguo": "Oiasso", "Toponimo_Moderno": "Irún", "Provincia": "TARRACONENSIS", "Pais": "España", "Categoria": "Ciudad" }, "geometry": { "type": "Point", "coordinates": [ -1.791851785999938, 43.338864439000076, 0.0 ] } },
{ "type": "Feature", "properties": { "OBJECTID": 1571, "OBJECTID_1": null, "OBJECTID_12": null, "Toponimo_Antiguo": "Gigia", "Toponimo_Moderno": "Gijón", "Provincia": "GALLAECEA", "Pais": "España", "Categoria": "Ciudad" }, "geometry": { "type": "Point", "coordinates": [ -5.662482221999937, 43.541488765000054, 0.0 ] } },
{ "type": "Feature", "properties": { "OBJECTID": 1572, "OBJECTID_1": null, "OBJECTID_12": null, "Toponimo_Antiguo": "Orgellia", "Toponimo_Moderno": "La Seu d'Urgell", "Provincia": "TARRACONENSIS", "Pais": "España", "Categoria": "Ciudad" }, "geometry": { "type": "Point", "coordinates": [ 1.457551804000047, 42.356988066000042, 0.0 ] } },
{ "type": "Feature", "properties": { "OBJECTID": 1573, "OBJECTID_1": null, "OBJECTID_12": null, "Toponimo_Antiguo": "Segisamo", "Toponimo_Moderno": "Sasamón", "Provincia": "TARRACONENSIS", "Pais": "España", "Categoria": "Ciudad" }, "geometry": { "type": "Point", "coordinates": [ -4.042815271999928, 42.417288810000059, 0.0 ] } },
{ "type": "Feature", "properties": { "OBJECTID": 1574, "OBJECTID_1": null, "OBJECTID_12": null, "Toponimo_Antiguo": "Septimanca", "Toponimo_Moderno": "Simancas", "Provincia": "CARTHAGINIENSIS", "Pais": "España", "Categoria": "Ciudad" }, "geometry": { "type": "Point", "coordinates": [ -4.827185254999961, 41.590439637000031, 0.0 ] } },
{ "type": "Feature", "properties": { "OBJECTID": 1575, "OBJECTID_1": null, "OBJECTID_12": null, "Toponimo_Antiguo": "Epora", "Toponimo_Moderno": "Montoro", "Provincia": "BAETICA", "Pais": "España", "Categoria": "Ciudad" }, "geometry": { "type": "Point", "coordinates": [ -4.379763819999937, 38.011238959000025, 0.0 ] } },
{ "type": "Feature", "properties": { "OBJECTID": 1576, "OBJECTID_1": null, "OBJECTID_12": null, "Toponimo_Antiguo": "Mentesa Oretana", "Toponimo_Moderno": "Villanueva de la Fuente", "Provincia": "CARTHAGINIENSIS", "Pais": "España", "Categoria": "Ciudad" }, "geometry": { "type": "Point", "coordinates": [ -2.693320520999976, 38.692297761000077, 0.0 ] } },
{ "type": "Feature", "properties": { "OBJECTID": 1577, "OBJECTID_1": null, "OBJECTID_12": null, "Toponimo_Antiguo": "Saltigi", "Toponimo_Moderno": "Chinchilla de Montearagón", "Provincia": "CARTHAGINIENSIS", "Pais": "España", "Categoria": "Ciudad" }, "geometry": { "type": "Point", "coordinates": [ -1.727683112999955, 38.919323059000078, 0.0 ] } },
{ "type": "Feature", "properties": { "OBJECTID": 1578, "OBJECTID_1": null, "OBJECTID_12": null, "Toponimo_Antiguo": "Sucro", "Toponimo_Moderno": "Albalat de la Ribera", "Provincia": "CARTHAGINIENSIS", "Pais": "España", "Categoria": "Ciudad" }, "geometry": { "type": "Point", "coordinates": [ -0.386181902999965, 39.201555988000052, 0.0 ] } },
{ "type": "Feature", "properties": { "OBJECTID": 1579, "OBJECTID_1": null, "OBJECTID_12": null, "Toponimo_Antiguo": "Intybilis", "Toponimo_Moderno": "La Jana", "Provincia": "TARRACONENSIS", "Pais": "España", "Categoria": "Ciudad" }, "geometry": { "type": "Point", "coordinates": [ 0.25200350800003, 40.512193997000054, 0.0 ] } },
{ "type": "Feature", "properties": { "OBJECTID": 1580, "OBJECTID_1": null, "OBJECTID_12": null, "Toponimo_Antiguo": "Laietania", "Toponimo_Moderno": "Mataró", "Provincia": "TARRACONENSIS", "Pais": "España", "Categoria": "Ciudad" }, "geometry": { "type": "Point", "coordinates": [ 2.456311097000025, 41.545776431000036, 0.0 ] } },
{ "type": "Feature", "properties": { "OBJECTID": 1581, "OBJECTID_1": null, "OBJECTID_12": null, "Toponimo_Antiguo": "Auca", "Toponimo_Moderno": "Villafranca Montes de Oca", "Provincia": "TARRACONENSIS", "Pais": "España", "Categoria": "Ciudad" }, "geometry": { "type": "Point", "coordinates": [ -3.308599725999954, 42.389902813000049, 0.0 ] } },
{ "type": "Feature", "properties": { "OBJECTID": 1582, "OBJECTID_1": null, "OBJECTID_12": null, "Toponimo_Antiguo": "Amaya", "Toponimo_Moderno": "Amaya", "Provincia": "TARRACONENSIS", "Pais": "España", "Categoria": "Ciudad" }, "geometry": { "type": "Point", "coordinates": [ -4.163227637999967, 42.642346977000045, 0.0 ] } }
]
}
